{
  "biodiversity_level": {
    "precision": 0.21428571428571427,
    "recall": 0.31343283582089554,
    "f1": 0.2545454545454545,
    "support": 67
  },
  "ecosystem_type.term": {
    "precision": 0.1,
    "recall": 0.1320754716981132,
    "f1": 0.11382113821138212,
    "support": 53
  },
  "habitat": {
    "precision": 0.4496124031007752,
    "recall": 0.42028985507246375,
    "f1": 0.43445692883895126,
    "support": 138
  },
  "taxa.german_name": {
    "precision": 0.12222222222222222,
    "recall": 0.047619047619047616,
    "f1": 0.06853582554517133,
    "support": 231
  },
  "taxa.scientific_name": {
    "precision": 0.1744186046511628,
    "recall": 0.07614213197969544,
    "f1": 0.10600706713780922,
    "support": 197
  },
  "taxa.species_group": {
    "precision": 0.37623762376237624,
    "recall": 0.3584905660377358,
    "f1": 0.3671497584541062,
    "support": 106
  },
  "AVG": {
    "precision": 0.2394627613370418,
    "recall": 0.22467498470465855,
    "f1": 0.22408602878881245,
    "support": 132.0
  },
  "ALL": {
    "precision": 0.2613240418118467,
    "recall": 0.1893939393939394,
    "f1": 0.21961932650073207,
    "support": 792
  }
}