{
  "biodiversity_level": {
    "precision": 0.23076923076923078,
    "recall": 0.26865671641791045,
    "f1": 0.2482758620689655,
    "support": 67
  },
  "ecosystem_type.term": {
    "precision": 0.07142857142857142,
    "recall": 0.2830188679245283,
    "f1": 0.11406844106463877,
    "support": 53
  },
  "habitat": {
    "precision": 0.5806451612903226,
    "recall": 0.391304347826087,
    "f1": 0.4675324675324675,
    "support": 138
  },
  "taxa.german_name": {
    "precision": 0.08102345415778252,
    "recall": 0.1645021645021645,
    "f1": 0.10857142857142857,
    "support": 231
  },
  "taxa.scientific_name": {
    "precision": 0.053497942386831275,
    "recall": 0.1319796954314721,
    "f1": 0.0761346998535871,
    "support": 197
  },
  "taxa.species_group": {
    "precision": 0.38613861386138615,
    "recall": 0.36792452830188677,
    "f1": 0.37681159420289856,
    "support": 106
  },
  "AVG": {
    "precision": 0.2339171623156875,
    "recall": 0.2678977200673415,
    "f1": 0.23189908221566435,
    "support": 132.0
  },
  "ALL": {
    "precision": 0.13221990257480862,
    "recall": 0.2398989898989899,
    "f1": 0.17048003589053387,
    "support": 792
  }
}