{
  "organism_trends.Antwortvariable": {
    "precision": 0.19839142091152814,
    "recall": 0.5606060606060606,
    "f1": 0.29306930693069305,
    "support": 132
  },
  "organism_trends.Hauptgruppe_RoteListen": {
    "precision": 0.21362229102167182,
    "recall": 0.6,
    "f1": 0.3150684931506849,
    "support": 115
  },
  "organism_trends.Lebensraum": {
    "precision": 0.18181818181818182,
    "recall": 0.5945945945945946,
    "f1": 0.2784810126582279,
    "support": 111
  },
  "organism_trends.Trend": {
    "precision": 0.14945652173913043,
    "recall": 0.41353383458646614,
    "f1": 0.21956087824351297,
    "support": 133
  },
  "AVG": {
    "precision": 0.18582210387262804,
    "recall": 0.5421836224467804,
    "f1": 0.2765449227457797,
    "support": 122.75
  },
  "ALL": {
    "precision": 0.18500350385423966,
    "recall": 0.5376782077393075,
    "f1": 0.27528675703858185,
    "support": 491
  }
}