{
  "biodiversity_level": {
    "precision": 0.34615384615384615,
    "recall": 0.5373134328358209,
    "f1": 0.42105263157894735,
    "support": 67
  },
  "ecosystem_type.term": {
    "precision": 0.2097560975609756,
    "recall": 0.8113207547169812,
    "f1": 0.33333333333333337,
    "support": 53
  },
  "habitat": {
    "precision": 0.6842105263157895,
    "recall": 0.7536231884057971,
    "f1": 0.7172413793103448,
    "support": 138
  },
  "taxa.german_name": {
    "precision": 0.1940700808625337,
    "recall": 0.3116883116883117,
    "f1": 0.239202657807309,
    "support": 231
  },
  "taxa.scientific_name": {
    "precision": 0.1894150417827298,
    "recall": 0.34517766497461927,
    "f1": 0.2446043165467626,
    "support": 197
  },
  "taxa.species_group": {
    "precision": 0.39520958083832336,
    "recall": 0.6226415094339622,
    "f1": 0.4835164835164836,
    "support": 106
  },
  "AVG": {
    "precision": 0.3364691955856997,
    "recall": 0.5636274770092488,
    "f1": 0.4064918003488634,
    "support": 132.0
  },
  "ALL": {
    "precision": 0.2864506627393225,
    "recall": 0.4911616161616162,
    "f1": 0.361860465116279,
    "support": 792
  }
}