{
  "biodiversity_level": {
    "precision": 0.3469387755102041,
    "recall": 0.2537313432835821,
    "f1": 0.2931034482758621,
    "support": 67
  },
  "ecosystem_type.term": {
    "precision": 0.375,
    "recall": 0.39622641509433965,
    "f1": 0.38532110091743116,
    "support": 53
  },
  "habitat": {
    "precision": 0.7313432835820896,
    "recall": 0.35507246376811596,
    "f1": 0.4780487804878049,
    "support": 138
  },
  "taxa.german_name": {
    "precision": 0.1896551724137931,
    "recall": 0.14285714285714285,
    "f1": 0.16296296296296295,
    "support": 231
  },
  "taxa.scientific_name": {
    "precision": 0.2072072072072072,
    "recall": 0.233502538071066,
    "f1": 0.21957040572792363,
    "support": 197
  },
  "taxa.species_group": {
    "precision": 0.4931506849315068,
    "recall": 0.33962264150943394,
    "f1": 0.4022346368715084,
    "support": 106
  },
  "AVG": {
    "precision": 0.3905491872741334,
    "recall": 0.2868354240972801,
    "f1": 0.3235402225405822,
    "support": 132.0
  },
  "ALL": {
    "precision": 0.31513260530421217,
    "recall": 0.255050505050505,
    "f1": 0.2819260293091416,
    "support": 792
  }
}