{
  "biodiversity_level": {
    "precision": 0.3238095238095238,
    "recall": 0.5074626865671642,
    "f1": 0.39534883720930236,
    "support": 67
  },
  "ecosystem_type.term": {
    "precision": 0.23529411764705882,
    "recall": 0.6792452830188679,
    "f1": 0.34951456310679613,
    "support": 53
  },
  "habitat": {
    "precision": 0.6827586206896552,
    "recall": 0.717391304347826,
    "f1": 0.6996466431095407,
    "support": 138
  },
  "taxa.german_name": {
    "precision": 0.3191489361702128,
    "recall": 0.12987012987012986,
    "f1": 0.18461538461538463,
    "support": 231
  },
  "taxa.scientific_name": {
    "precision": 0.25882352941176473,
    "recall": 0.2233502538071066,
    "f1": 0.23978201634877386,
    "support": 197
  },
  "taxa.species_group": {
    "precision": 0.4025157232704403,
    "recall": 0.6037735849056604,
    "f1": 0.4830188679245283,
    "support": 106
  },
  "AVG": {
    "precision": 0.3703917418331093,
    "recall": 0.4768488737527925,
    "f1": 0.39198771871905436,
    "support": 132.0
  },
  "ALL": {
    "precision": 0.37167070217917675,
    "recall": 0.38762626262626265,
    "f1": 0.37948084054388137,
    "support": 792
  }
}