{
  "biodiversity_level": {
    "precision": 0.2222222222222222,
    "recall": 0.208955223880597,
    "f1": 0.21538461538461537,
    "support": 67
  },
  "ecosystem_type.term": {
    "precision": 0.06153846153846154,
    "recall": 0.07547169811320754,
    "f1": 0.06779661016949154,
    "support": 53
  },
  "habitat": {
    "precision": 0.45454545454545453,
    "recall": 0.36231884057971014,
    "f1": 0.40322580645161293,
    "support": 138
  },
  "taxa.german_name": {
    "precision": 0.3,
    "recall": 0.1038961038961039,
    "f1": 0.15434083601286175,
    "support": 231
  },
  "taxa.scientific_name": {
    "precision": 0.17333333333333334,
    "recall": 0.06598984771573604,
    "f1": 0.09558823529411765,
    "support": 197
  },
  "taxa.species_group": {
    "precision": 0.39325842696629215,
    "recall": 0.330188679245283,
    "f1": 0.358974358974359,
    "support": 106
  },
  "AVG": {
    "precision": 0.26748298310096064,
    "recall": 0.1911367322384396,
    "f1": 0.21588507704784302,
    "support": 132.0
  },
  "ALL": {
    "precision": 0.29045643153526973,
    "recall": 0.17676767676767677,
    "f1": 0.2197802197802198,
    "support": 792
  }
}