{
  "biodiversity_level": {
    "precision": 0.15294117647058825,
    "recall": 0.19402985074626866,
    "f1": 0.17105263157894737,
    "support": 67
  },
  "ecosystem_type.term": {
    "precision": 0.27450980392156865,
    "recall": 0.2641509433962264,
    "f1": 0.2692307692307692,
    "support": 53
  },
  "habitat": {
    "precision": 0.49074074074074076,
    "recall": 0.38405797101449274,
    "f1": 0.43089430894308944,
    "support": 138
  },
  "taxa.german_name": {
    "precision": 0.358974358974359,
    "recall": 0.12121212121212122,
    "f1": 0.18122977346278316,
    "support": 231
  },
  "taxa.scientific_name": {
    "precision": 0.1038961038961039,
    "recall": 0.04060913705583756,
    "f1": 0.058394160583941604,
    "support": 197
  },
  "taxa.species_group": {
    "precision": 0.39759036144578314,
    "recall": 0.3113207547169811,
    "f1": 0.3492063492063492,
    "support": 106
  },
  "AVG": {
    "precision": 0.2964420909081906,
    "recall": 0.2192301296903213,
    "f1": 0.24333466550097996,
    "support": 132.0
  },
  "ALL": {
    "precision": 0.3091286307053942,
    "recall": 0.18813131313131312,
    "f1": 0.23390894819466246,
    "support": 792
  }
}