{
  "biodiversity_level": {
    "precision": 0.375,
    "recall": 0.26865671641791045,
    "f1": 0.3130434782608696,
    "support": 67
  },
  "ecosystem_type.term": {
    "precision": 0.21568627450980393,
    "recall": 0.20754716981132076,
    "f1": 0.21153846153846154,
    "support": 53
  },
  "habitat": {
    "precision": 0.6301369863013698,
    "recall": 0.3333333333333333,
    "f1": 0.4360189573459715,
    "support": 138
  },
  "taxa.german_name": {
    "precision": 0.1728395061728395,
    "recall": 0.12121212121212122,
    "f1": 0.14249363867684478,
    "support": 231
  },
  "taxa.scientific_name": {
    "precision": 0.28193832599118945,
    "recall": 0.3248730964467005,
    "f1": 0.3018867924528301,
    "support": 197
  },
  "taxa.species_group": {
    "precision": 0.4868421052631579,
    "recall": 0.3490566037735849,
    "f1": 0.4065934065934066,
    "support": 106
  },
  "AVG": {
    "precision": 0.3604071997063934,
    "recall": 0.2674465068324952,
    "f1": 0.301929122478064,
    "support": 132.0
  },
  "ALL": {
    "precision": 0.3202511773940345,
    "recall": 0.25757575757575757,
    "f1": 0.2855143456962911,
    "support": 792
  }
}