{
  "biodiversity_level": {
    "precision": 0.24444444444444444,
    "recall": 0.3283582089552239,
    "f1": 0.28025477707006374,
    "support": 67
  },
  "ecosystem_type.term": {
    "precision": 0.20481927710843373,
    "recall": 0.32075471698113206,
    "f1": 0.24999999999999994,
    "support": 53
  },
  "habitat": {
    "precision": 0.6078431372549019,
    "recall": 0.4492753623188406,
    "f1": 0.5166666666666667,
    "support": 138
  },
  "taxa.german_name": {
    "precision": 0.17886178861788618,
    "recall": 0.19047619047619047,
    "f1": 0.18448637316561847,
    "support": 231
  },
  "taxa.scientific_name": {
    "precision": 0.2053872053872054,
    "recall": 0.3096446700507614,
    "f1": 0.24696356275303644,
    "support": 197
  },
  "taxa.species_group": {
    "precision": 0.4,
    "recall": 0.37735849056603776,
    "f1": 0.38834951456310685,
    "support": 106
  },
  "AVG": {
    "precision": 0.3068926421354787,
    "recall": 0.32931127322469766,
    "f1": 0.3111201490364153,
    "support": 132.0
  },
  "ALL": {
    "precision": 0.2679738562091503,
    "recall": 0.3106060606060606,
    "f1": 0.28771929824561404,
    "support": 792
  }
}