{
  "biodiversity_level": {
    "precision": 0.3404255319148936,
    "recall": 0.47761194029850745,
    "f1": 0.3975155279503106,
    "support": 67
  },
  "ecosystem_type.term": {
    "precision": 0.22875816993464052,
    "recall": 0.660377358490566,
    "f1": 0.33980582524271846,
    "support": 53
  },
  "habitat": {
    "precision": 0.6901408450704225,
    "recall": 0.7101449275362319,
    "f1": 0.7,
    "support": 138
  },
  "taxa.german_name": {
    "precision": 0.3170731707317073,
    "recall": 0.16883116883116883,
    "f1": 0.22033898305084748,
    "support": 231
  },
  "taxa.scientific_name": {
    "precision": 0.33540372670807456,
    "recall": 0.27411167512690354,
    "f1": 0.3016759776536313,
    "support": 197
  },
  "taxa.species_group": {
    "precision": 0.38513513513513514,
    "recall": 0.5377358490566038,
    "f1": 0.4488188976377953,
    "support": 106
  },
  "AVG": {
    "precision": 0.3828227632491456,
    "recall": 0.47146881988999695,
    "f1": 0.4013592019225505,
    "support": 132.0
  },
  "ALL": {
    "precision": 0.38367844092570036,
    "recall": 0.3977272727272727,
    "f1": 0.3905765654060756,
    "support": 792
  }
}