{
  "biodiversity_level": {
    "precision": 0.296875,
    "recall": 0.2835820895522388,
    "f1": 0.29007633587786263,
    "support": 67
  },
  "ecosystem_type.term": {
    "precision": 0.2909090909090909,
    "recall": 0.3018867924528302,
    "f1": 0.2962962962962963,
    "support": 53
  },
  "habitat": {
    "precision": 0.6078431372549019,
    "recall": 0.4492753623188406,
    "f1": 0.5166666666666667,
    "support": 138
  },
  "taxa.german_name": {
    "precision": 0.12121212121212122,
    "recall": 0.06926406926406926,
    "f1": 0.0881542699724518,
    "support": 231
  },
  "taxa.scientific_name": {
    "precision": 0.2857142857142857,
    "recall": 0.30456852791878175,
    "f1": 0.29484029484029484,
    "support": 197
  },
  "taxa.species_group": {
    "precision": 0.4479166666666667,
    "recall": 0.4056603773584906,
    "f1": 0.42574257425742573,
    "support": 106
  },
  "AVG": {
    "precision": 0.34174505029284435,
    "recall": 0.3023728698108752,
    "f1": 0.3186294063184997,
    "support": 132.0
  },
  "ALL": {
    "precision": 0.3277693474962064,
    "recall": 0.2727272727272727,
    "f1": 0.29772570640937285,
    "support": 792
  }
}