{
  "biodiversity_level": {
    "precision": 0.3333333333333333,
    "recall": 0.4925373134328358,
    "f1": 0.3975903614457831,
    "support": 67
  },
  "ecosystem_type.term": {
    "precision": 0.22012578616352202,
    "recall": 0.660377358490566,
    "f1": 0.330188679245283,
    "support": 53
  },
  "habitat": {
    "precision": 0.6736111111111112,
    "recall": 0.7028985507246377,
    "f1": 0.6879432624113475,
    "support": 138
  },
  "taxa.german_name": {
    "precision": 0.3020833333333333,
    "recall": 0.12554112554112554,
    "f1": 0.17737003058103976,
    "support": 231
  },
  "taxa.scientific_name": {
    "precision": 0.2887323943661972,
    "recall": 0.20812182741116753,
    "f1": 0.2418879056047198,
    "support": 197
  },
  "taxa.species_group": {
    "precision": 0.37037037037037035,
    "recall": 0.5660377358490566,
    "f1": 0.44776119402985076,
    "support": 106
  },
  "AVG": {
    "precision": 0.3647093881129779,
    "recall": 0.4592523185748982,
    "f1": 0.380456905553004,
    "support": 132.0
  },
  "ALL": {
    "precision": 0.36783042394014964,
    "recall": 0.37247474747474746,
    "f1": 0.370138017565872,
    "support": 792
  }
}