N,Key,Bemerkung_Maria,Autor,Jahr,Titel,Zeitschrift,DOI,Name_pdf,ID_Studie,Screener,Extracter,Lebensraum,Lebensraum_Details,Biotoptyp,Land,Bundesland,Ort,ZUS,Grossregion,X,Y,geographische_Genauigkeit_km,Breitengrad_Laengengrad,Boden,Antwortvariable,Antwortvariable_andere,Antwortvariable_Einheit,x_Achse,Hauptgruppe_RoteListen,Untergruppe_RoteListen,Untergruppe_RoteListen_Detail,Untergruppe_Andere,Artname_deutsch,Artname_wissensch,Anzahl_Arten_Gruppen,Startjahr,Endjahr,Dauer,Anzahl_beprobte_Jahre,Methode,ExperimentObservation,Trend,Trend_Info,Potential_Metaanalyse,Beschreibung_Potential,Direkte Treiber,Haupttreiber_1,Haupttreiber_2,Nebentreiber_1,Nebentreiber_2,Direkter Treiber_Details,Maßnahme_Schutzgebiet,Maßnahme_Schutzgebiet_Andere,Maßnahme_Managementmaßnahme,Maßnahme_Impulsmaßnahmen,Notizen,Notizen_Maria,LiteraturRawdata,Studie_in_D,Untergruppe_RoteListen_ORIG,KIBA_D_change
8,VJ4BEK2S,non_Sys,Bergerhausen,1981,Die Situation der Wiedereinbuergerung des Uhus in der Bundesrepublik Deutschland,Natur und Landschaft,,Bergerhausen_1981.pdf,,Maria Sporbert,"Maria Sporbert, Leana Meder",Wald,,,Deutschland,"Hessen, Niedersachsen, Nordrhein-Westfalen, Saarland",,D38,,8741,51211,300,,,Abundanz,,,Zeit,Wirbeltiere,Vögel,Vögel,,Uhu,,1,1973,1980,7,8,Anzahl Bruten und Bruterfolge in 2 Großräume,Beobachtung,positive,,gering,Tab. 1: Bruten und Bruterfolge wiedereingebürgerter Uhus,Direkte Ressourcenentnahme,Direkte Ressourcenentnahme,,,,"Ursache Rückgang 19.Jh.: Abschuss, Eiersammeln, KfZ, Bahn, hier Erfolg von Wiedereinbürgerung",,,Wiederansiedlung/Auswilderung,,,,Literatur,D,Vögel,
14,P2NC3SKD,non_Sys,Bücking,1989,Bannwald Bechtaler Wald: Dauerbeobachtungen 1970-1988,Natur und Landschaft,,Bücking_1989.pdf,,Maria Sporbert,"Maria Sporbert, Leana Meder",Wald,Bannwald,,Deutschland,Baden-Württemberg,Waldschutzgebiet Bannwald Bechtaler Wald,D53,,7848374045,481132509,50,,,Abundanz,,,Zeit,Pflanzen,Pflanzen,Pflanzen,,,,8,1970,1988,18,2,Vegetationskarten,Beobachtung,positive,,gering,Abb. 1: Vegetationskarten Bannwald 1970 und 1988,Andere direkte Treiber,Andere direkte Treiber,,,,"Sukzession nach ""Bannung""",,,Extensivierung,,Renaturierungsprojekt,,Literatur,D,Farn- und Blütenpflanzen,
32,Ellwanger2014,non_Sys,Ellwanger,2014,Der nationale Bericht 2013 zu Lebensraumtypen und Arten der FFH-Richtlinie. Ein Überblick über die Ergebnisse,Natur und Landschaft,,Ellwanger_2014.pdf,,Maria Sporbert,"Maria Sporbert, Leana Meder",Wald,,"atlantisch, kontinental, alpin",Deutschland,,"alpin, atlantisch, kontinental",D36,,10279,51415,700,,,Abundanz,RL Status,,Zeit,Pflanzen,Moose,Moose,,,,2,2007,2013,6,2,RL Status,Beobachtung,positive,,gering,Tab. 4: Arten mit tatsächlicher Veränderung des Erhaltungszustandes,Veränderte Land-/Meeresnutzung,Veränderte Land-/Meeresnutzung,,,,"(+) Naturschutzmaßnahmen, Gewässerqualität, Gewässerstruktur, FFH Management, ... (-) Intensivierung Landwirtschaft, häufigere Mahd, Düngung, invasive Arten, …",,,,,,,Literatur,D,Moose,
61,TYTG8U8R,non_Sys,Kostrzewa,1988,Die Beeintraechtigung von Greifvogelhabitaten durch anthropogene Einfluesse: Untersuchungen in der Niederrheinischen Bucht,Natur und Landschaft,,Kostrzewa_1988.pdf,,Maria Sporbert,"Maria Sporbert, Leana Meder",Wald,"Wald, Waldrand, Offenland","Wald, Waldrand, Offenland",Deutschland,Nordrhein-Westfalen,Niederrheinische Bucht,D35,,6586453898,5090876276,20,,,Abundanz,,Ind./Fläche,Zeit,Wirbeltiere,Vögel,Vögel,Greifvögel,,,8,1981,1986,5,2,Bestand,Beobachtung,negative,"nur Trend angegeben, keine Werte",gering,"Tab. 2: greifvogelbestände im Untersuchungsgebiet, mittlere Siedlungsdichte",Veränderung der Struktur der Landschaft,Veränderung der Struktur der Landschaft,,,,"Habitatfragmentierung, Störung durch Mensch",,,,,,,Literatur,D,Vögel,
111,K4ZL3L4P,non_Sys,Wolf,1989,Probleme der Vegetationsentwicklung auf forstlichen Rekultivierungsflaechen im Rheinischen Braunkohlenrevier,Natur und Landschaft,,Wolf_1989.pdf,,Maria Sporbert,"Maria Sporbert, Leana Meder",Wald,Rekultivierungsfläche,Rekultivierungsfläche,Deutschland,Nordrhein-Westfalen,"Hochhalde Sophienhöhe, westl. Köln",D35,,6449166998,50937222,2,,,Artenzahl,,,"Zeit, Waldbodenimpfung",Pflanzen,Pflanzen,Pflanzen,,,,Antwortvariable,1984,1988,4,5,Deckung und Frequenz,"Experiment, Experiment, Beobachtung",positive,,gering,Tab. 3: Artenzahl mit/ohne Waldbodenimpfung über Jahre,Veränderte Land-/Meeresnutzung,Veränderte Land-/Meeresnutzung,,,,Einfluss Waldbodenimpfung,,,,,,,Literatur,D,Farn- und Blütenpflanzen,
112,SZ75F5Z9,non_Sys,Wölfl,2021,Status des Luchses in Deutschland,Natur und Landschaft,,Wölfl_2021.pdf,,Maria Sporbert,"Maria Sporbert, Leana Meder",Wald,Wald,Wald,Deutschland,"Bayern, Rheinland-Pfalz",,D59,,10342,49061,250,,,Abundanz,,,Zeit,Wirbeltiere,Säuger,Säuger,,Eurasischer Luchs,Lynx lynx,1,1990,2018,28,30,"Anzahl Rasterzellen, Nachweise",Beobachtung,positive,,gering,"Abb.1: Vorkommen Luchse in Deutschland, Abb.2: Räumliche Entwicklung Luchse in Bayern",Andere direkte Treiber,Andere direkte Treiber,,,,"Wiederansiedlung, Schutz",,,"Wiederansiedlung, Schutz",,,,Literatur,D,Säugetiere,
117,Brunzel2011,non_Sys,Brunzel,2011,Veränderungen von Tagfaltergemeinschaften: Einfluss klimatischer Faktoren auf Artenhäufigkeiten im westlichen Weserbergland und im Märkischen Sauerland,Naturschutz und Landschaftsplanung,,Brunzel_2011.pdf,,Maria Sporbert,Maria Sporbert,Wald,"Pionierrasen in Steinbrüchen, magere Weiden, Feuchtwiesen,  Niedermoore, Laubwälder, Heiden Übergangsmoore",,Deutschland,Nordrhein-Westfalen,"Westliches Weserbergland, Märkisches Sauerland",D34,,8655807199,5167761426,100,,,Abundanz,,,Zeit,Wirbellose,Arthropoden,Arthropoden,,,,>20,2000,2010,10,11,Abundanzänderungen,Beobachtung,negative,"Abnahme Arten in Magerrasen, Zunahme Arten in Wald(rand)",hoch,"Tab. 1: Veränderung Rasterfreuquenz (Zu-/Abnehmede Arten), Abb. 1: Abundanz-Schwankungen einzelner Arten","Klimawandel, Veränderung der Struktur der Landschaft",Klimawandel,Veränderung der Struktur der Landschaft,,,"Klima, strukturelle Habitatveränderungen",,,,,,,Literatur,D,Tagfalter,
120,KEGR9PZ4,non_Sys,Dölle,2020,"Vom Auenwald zum Rot-Buchenwald?: Entwicklung der Vegetation im Naturwaldreservat und Naturschutzgebiet ""Riedried"" (Pfälzer Rheinaue) von 1986 bis 2018",Naturschutz und Landschaftsplanung,,Dölle_2020.pdf,,Maria Sporbert,Maria Sporbert,Wald,Naturwaldreservat,,Deutschland,Rheinland-Pfalz,"Naturwaldreservat und NSG ""Riedried""",D53,,8135256672,4901976747,10,,,Abundanz,,,Zeit,Pflanzen,Pflanzen,Pflanzen,Bäume,,,10,1986,2018,32,2,Stetigkeit und mittlere Deckung,Beobachtung,positive,"Abnahme Baumschicht, begünstigt Zunahme Strauch- und Krautschicht",hoch,"Tab. 2: Stetigkeit, Deckungsgrade in 3 versch. Waldtypen zu 2 Zeitpunkten, Abb. 4: Boxplots Artenzahlen",Andere direkte Treiber,Andere direkte Treiber,,,,"unter Schutzstellen, Ende Enttorfung, Klima, Einfluss von Pflegemaßnahmen, Eschentriebsterben",Andere,NSG Riedried,,,,,Literatur,D,Farn- und Blütenpflanzen,
122,2AWXR7KG,non_Sys,Ebert,2011,Umsiedlungserfolg von Larven des Hirschkäfers: Ergebnisse einer fünfjährigen Schlüpf-Kontrolle,Naturschutz und Landschaftsplanung,,Ebert_2011.pdf,,Maria Sporbert,Maria Sporbert,Wald,,,Deutschland,Hessen,Wald südl. Flughafen Frankfurt,D53,,8543382969,4999427885,10,,,Abundanz,,,Zeit,Wirbellose,Arthropoden,Arthropoden,,Hirschkäfer,Lucanus cervus,1,2006,2010,4,5,Anzahl geschlüpfte Käfer je Stubbe,Beobachtung,negative to positive,,gering,Abb. 1 und 2: Anzahl geschlüpfte Käfer,Andere direkte Treiber,Andere direkte Treiber,,,,Wegen Rodung Umsetztung von 7m³ Erdboden inkl. Larven und Brutsubstrat,,,,,,,Literatur,D,Laufkäfer,
137,JRWX3P9Z,non_Sys,Tillmann,2020,Der Goldschakal in Deutschland: Einordnung der ersten Nachweise in das Ausbreitungsgeschehen und Überlegungen zum Umgang mit der Art,Naturschutz und Landschaftsplanung,,Tillmann_2020.pdf,,Maria Sporbert,Maria Sporbert,Wald,offene Landschaften,offene Landschaften,Deutschland,,,D36,,10279,51415,700,,,Abundanz,,,Zeit,Wirbeltiere,Säuger,Säuger,,Goldschakal,,1,1997,2020,23,25,"Foto, Abschuss, DNA-Nachweis, Verkehrsopfer",Beobachtung,positive,,gering,Abb. 3:Nachweise Goldschakal,"Andere direkte Treiber, Klimawandel, Veränderung der Struktur der Landschaft",Veränderung der Struktur der Landschaft,Klimawandel,,,"Verbot Giftköder, Teiweise Schutzstatus, gutes Nahrungsangebot, Aufforstung, Abwesenheit Wolf, Klimawandel (urspr. in wärmeren Regionen)",,,,,,,Literatur,D,Säugetiere,
177,ISXUAUFB,non_Sys,"Wilmanns, O. & Bogenrieder, A.",1986,Veränderungen der Buchenwälder des Kaiserstuhls im Laufe von vier Jahrzehnten und ihre Interpretation - pflanzensoziologische Tabellen als Dokumente,Abhandlungen aus dem Westfälischen Museum für Naturkunde,https://www.lwl.org/wmfn-download/Abhandlungen/Abh_48%282+3%291986.pdf,,,Maria Sporbert,Maria Sporbert,Wald,Buchenwälder,,Deutschland,Baden-Württemberg,Kaiserstuhl nordwestlich Freiburg,D53,,7662829587,4810888861,5,,,Artenzahl,,,Zeit,Pflanzen,Pflanzen,Pflanzen,,,,Antwortvariable,1948,1985,37,2,Vegetationsaufnahme,Beobachtung,negative,,hoch,Abb. 3: Veränderungen von Mittlerer Artenzahl und Deckung der Strauch- bzw. Krautschichten in den Aufnahmen von Rochow's (1948) und in denen dieser Arbeit.,Andere direkte Treiber,Andere direkte Treiber,,,,"dichterer Kronenschluß,  Erholung degradierter Bestände und Sukzession in Richtung auf naturnähere Verhältnisse",,,,,,,Literatur,D,Farn- und Blütenpflanzen,
178,ISXUAUFB,non_Sys,"Wilmanns, O. & Bogenrieder, A.",1986,Veränderungen der Buchenwälder des Kaiserstuhls im Laufe von vier Jahrzehnten und ihre Interpretation - pflanzensoziologische Tabellen als Dokumente,Abhandlungen aus dem Westfälischen Museum für Naturkunde,https://www.lwl.org/wmfn-download/Abhandlungen/Abh_48%282+3%291986.pdf,,,Maria Sporbert,Maria Sporbert,Wald,Buchenwälder,,Deutschland,Baden-Württemberg,Kaiserstuhl nordwestlich Freiburg,D53,,7662829587,4810888861,5,,,Abundanz,,,Zeit,Pflanzen,Pflanzen,Pflanzen,,,,>20,1948,1985,37,2,Vegetationsaufnahme,Beobachtung,negative,,hoch,Abb. 3: Veränderungen von Mittlerer Artenzahl und Deckung der Strauch- bzw. Krautschichten in den Aufnahmen von Rochow's (1948) und in denen dieser Arbeit.,Andere direkte Treiber,Andere direkte Treiber,,,,"dichterer Kronenschluß,  Erholung degradierter Bestände und Sukzession in Richtung auf naturnähere Verhältnisse",,,,,,,Literatur,D,Farn- und Blütenpflanzen,
181,Janiesch2003,non_Sys,"Janiesch, P.",2003,Vegetationsökologische Untersuchungen in einem Erlenbruchwald im nördlichen Münsterland - 25 Jahre im Vergleich,Abhandlungen aus dem Westfälischen Museum für Naturkunde,https://www.lwl.org/wmfn-download/Abhandlungen/Abh_65%281+2%292003.pdf,,,Maria Sporbert,Maria Sporbert,Wald,"Erlenbruchwald in Agrarlandschaft, früher Niedermoorböden",,Deutschland,Nordrhein-Westfalen,nördliches Münsterland,D36,,7710806119,5224581907,20,,,Abundanz,,,Zeit,Pflanzen,Pflanzen,Pflanzen,,,,21,1977,2002,25,2,Vegetationsaufnahme,Beobachtung,negative,Alle typischen Bruchwaldarten sind verschwunden. Neben Alnus glutinosa bildet heute Fraxinus excelsior einen dichten Bestand.,hoch,"Tab. l : Vegetationszusammensetzung an drei Probestellen eines Erlenbruchwaldes im Vergleich




der Jahre 1977 und 2002","Veränderung der Struktur der Landschaft, Veränderte Land-/Meeresnutzung",Veränderung der Struktur der Landschaft,Veränderte Land-/Meeresnutzung,,,"fortschreitende Dränierung, verbunden mit einer hohen Stickstoffmineralisationsrate, Verlandung, Austrocknung",,,,,,,Literatur,D,Farn- und Blütenpflanzen,
183,2CCR6MBI,korr; non_Sys,Laussmann,2010,150 Jahre Schmetterlingsbeobachtung in Wuppertal – Auswirkungen von Klima- und Landschaftsveränderungen (Lepidoptera),Entomologische Zeitschrift 6/2010,https://www.naturwissenschaftlicher-verein-wuppertal.de/sektionen/Entomologie/downloads/ez6-2010_269-277-Laussmann-kl.pdf,,,Maria Sporbert,Maria Sporbert,Wald,"25 Biotope: Offenland, Agrarland, Wald, Moore, Siedlungen, Feuchtgebiete","25 Biotope: Offenland, Agrarland, Wald, Moore, Siedlungen, Feuchtgebiete",Deutschland,Nordrhein-Westfalen,Raum Wuppertal,D38,,716308377,5125865364,20,,,Abundanz,,"Einteilung in Häufigkeitsklassen (um 1870, 1920-1990, 1990-2009, ab 2009)",Zeit,Wirbellose,Arthropoden,Arthropoden,,,,736,1920,2009,89,3,Einteilung in Entwickungskategorien (Trends),Beobachtung,negative,"Arten trockener Wälder, Gebüsche und Säume in der Häufigkeit abgenommen haben, auch in Hochmooren, Niedermooren, Fecuhtheiden, Trockenheiden, Kalk-Halbtrockenrasen. andere Biotopformen weniger von dem Artenrückgang betroffen,




hierzu zählen in erster Linie",hoch,Extra Excel-Tabelle mit allen Angaben,"Veränderung der Struktur der Landschaft, Klimawandel",Veränderung der Struktur der Landschaft,Klimawandel,,,"Veränderung der Landschaft (negativ: Verlust Saumstrukturen und Gebüschlandschaften, Monokultur in Wäldern, Privatgärten weniger Nektarpflanzen, positiv:neue Brachen, neue Waldflächen), Parasiten, Klimaveränderungen teils positive Auswirkung für wärmelieb",,,,,umfangreicher Artikel mit Diskussion einzelner Arten:  https://www.naturwissenschaftlicher-verein-wuppertal.de/sektionen/Entomologie/downloads/Art3%20NVW%20Schmetterlinge%2061%20%20%2031-100%20%2011.09.pdf,"Startjahr korrigiert, Messzeitpunkte korrigiert",Literatur,D,Tagfalter,
184,DBBW2020,non_Sys,DBBW (Dokumentations- und Beratungsstelle des Bundes zum Thema Wolf),2020,Wölfe in Deutschland - Statusbericht 2019/2020,Dokumentations- und Beratungsstelle des Bundes zum Thema Wolf,,,,Maria Sporbert,Maria Sporbert,Wald,,,Deutschland,,,D36,,10279,51415,700,,,Abundanz,,Paare und Rudel,Zeit,Wirbeltiere,Säuger,Säuger,,Wolf,,1,2000,2020,20,20,Anzahl Paare und Rudel,,positive,,hoch,Abb. 5: Bestandsentwicklung des Wolfes in Deutschland von 2000 bis 2019. Stand: Oktober 2020.,Andere direkte Treiber,Andere direkte Treiber,,,,in den 1980er Jahren unter Schutz gestellt,,,,,,,Literatur,D,Säugetiere,
185,RWTG29QA,non_Sys,Görner,1973,"Zur Verbreitung, Bestandessituation und zum Schutz des Uhus (Bubo b. bubo L.) in Thüringen",Archiv Naturschutz und Landschaftsforschung,,Görner_1973.pdf,,Charlotta Wiechmann,Charlotta Wiechmann,Wald,,,Deutschland,Thüringen,Boden an Steil-/Felshängen,D18,,1102802265,5090446983,100,,,Abundanz,,,Zeit,Wirbeltiere,Vögel,Vögel,,Uhu,,1,1925,1959,34,2,Zusammentragung von Sichtungen+Horstplätzen,Beobachtung,negative,,gering,"nur Fließtext bzw. Angaben zu einzelnen Horsten, Trendangabe nutzbar",Direkte Ressourcenentnahme,Direkte Ressourcenentnahme,,,,"Abschuss, Störungen (Mensch)",,,,,,,Literatur,D,Vögel,
186,MKP7UEDZ,non_Sys,Großer,2004,"Die waldkundliche Situation des Naturschutzgebietes ""Eichberg"" bei Weißwasser vor dessen Devastation durch einen Tagebau",Archiv Naturschutz und Landschaftsforschung,,Großer_2004.pdf,,Charlotta Wiechmann,Charlotta Wiechmann,Wald,,,Deutschland,Sachsen,"Oberlausitz bei Weißwasser,NSG ""Eichberg""",D08,,1464872989,5149792627,20,,,Abundanz,,,Zeit,Pflanzen,Pflanzen,Pflanzen,,,,>20,1952,2002,50,2,Vegetationsaufnahmen,Beobachtung,no,,gering,Tab. 7 Vegetationsaufnahmen. Vergleich 1952/2002.,Veränderte Land-/Meeresnutzung,Veränderte Land-/Meeresnutzung,,,,"1961-2002 NSG, Aufgabe des NSG als Folge von Braunkohle-Tagebau, Waldbrände",Andere,NSG Eichberg,,,,,Literatur,D,Farn- und Blütenpflanzen,
190,95UQZX4E,non_Sys,Henkel,1976,Zur Dynamik der Kahlschlagvegetation auf Gr0ßschadfläschen im Gebiet Oberhof/Thüringen,Archiv Naturschutz und Landschaftsforschung,,Henkel_1976.pdf,,Charlotta Wiechmann,Charlotta Wiechmann,Wald,,,Deutschland,Thüringen,Oberhof - Zella-Mehlis - Suhl,D48,,1069109815,5067956112,10,,,Abundanz,,,Zeit,Pflanzen,Pflanzen,Pflanzen,6 Kahlschlaggesellschaften,,,,1949,1969,20,2,Pflanzengesellschaften,Beobachtung,no,,gering,nur Info im Text,Veränderte Land-/Meeresnutzung,Veränderte Land-/Meeresnutzung,,,,z.T. Bewirtschaftung,,,,,,,Literatur,D,Farn- und Blütenpflanzen,
199,QF4A8CV2,non_Sys,Schauer,1972,Ergebnisse waldkundlicher Untersuchungen aus den Naturschutzgebieten Großer und Kleiner Hakel,Archiv Naturschutz und Landschaftsforschung,,Schauer_1972.pdf,,Charlotta Wiechmann,Charlotta Wiechmann,Wald,,,Deutschland,Sachsen-Anhalt,"Nördliches Harzvorland, NSG Hakel",D33,,1066522348,518865527,10,,,Artenzahl,,,Zeit,Pflanzen,Pflanzen,Pflanzen,Bäume,,,Antwortvariable,1961,1967,6,2,Baumartenanteile an der Fläche+Flächenanteile nach Alter,Beobachtung,no,"keine Angaben zu einzelnen Arten, nur als Nadelholz betrachtet",gering,Abb. 1: Baumartenanteil in versch. Standorten,Veränderte Land-/Meeresnutzung,Veränderte Land-/Meeresnutzung,,,,,Andere,NSG Großer und Kleiner Hakel,,,,,Literatur,D,Farn- und Blütenpflanzen,
203,Schmidt2015,non_Sys,Schmidt,2015,Umwelt- und Nutzungswandel im Kalkbuchenwald (Hordelymo-Fagetum lathyrestosum)- Ein Vergleich alter und neuer Vegetationsaufnahmen aus dem Göttinger Wald,Hercynia,,Schmidt_2015.pdf,,Emilia Schlotfeldt,Emilia Schlotfeldt,Wald,,,Deutschland,Niedersachsen,Göttingen,D36,,9908415007,5153834411,10,,,Abundanz,,,Zeit,Pflanzen,Pflanzen,Pflanzen,Kalkbuchenwald,,,>20,1955,2012,57,2,Vegetationsaufnahmen von 1955 bis 2012 + Vegetationszusammensetzung + Varianzanalyse,Beobachtung,positive,"Zunahme Strauchschicht, Krautschicht, Moosschicht, leichte Abnahme Baumschicht",hoch,"Abb. 1 Mittlere Deckungsgrade (± Standardfehler) der Vegetationsschichten im Hordelymo-Fagetum lathyretosum




im Vergleich alter (1955/67) und neuer (2000/12) Vegetationsaufnahmen, Tab. 4 Stetigkeiten (S in %) und mittlere Deckungsgrade (mD° in %) der Arten",Veränderte Land-/Meeresnutzung,Veränderte Land-/Meeresnutzung,,,,"Reduktion saurer Schwefel-Deposition durch Filtersysteme und Schließung emittierender Industrien in Ostdeutschland--> calcicole Arten im Deckungsgrad angestiegen, Ende der Bewirtschaftung",,,,,,,Literatur,D,Farn- und Blütenpflanzen,
204,Schmidt2015,non_Sys,Schmidt,2015,Umwelt- und Nutzungswandel im Kalkbuchenwald (Hordelymo-Fagetum lathyrestosum)- Ein Vergleich alter und neuer Vegetationsaufnahmen aus dem Göttinger Wald,Hercynia,,Schmidt_2015.pdf,,Emilia Schlotfeldt,Emilia Schlotfeldt,Wald,,,Deutschland,Niedersachsen,Göttingen,D36,,9908415007,5153834411,10,,,Artenzahl,,,Zeit,Pflanzen,Pflanzen,Pflanzen,Kalkbuchenwald,,,Antwortvariable,1955,2012,57,2,Vegetationsaufnahmen von 1955 bis 2012 + Vegetationszusammensetzung + Varianzanalyse,Beobachtung,negative,"Strukturell hat vor allem die Strauchschicht stark zugenommen, insbesondere bedingt durch eine




Intensivierung der Rehwild-Bejagung. In der Bodenvegetation haben neben den Gehölzen vor allem




schattentolerante, eutraphente Arten zugenommen, während die Arte",hoch,"Tab. 2 Diversitätsmerkmale des Hordelymo-Fagetum lathyretosum im Vergleich alter (1955/67) und neuer




(2000/12) Vegetationsaufnahmen sowie von Aufnahmen aus Wirtschafts(WW)- und Nichtwirtschaftswäldern




(NW) aus dem Göttinger Wald. Angegeben sind Mittelwert",Veränderte Land-/Meeresnutzung,Veränderte Land-/Meeresnutzung,,,,"Reduktion saurer Schwefel-Deposition durch Filtersysteme und Schließung emittierender Industrien in Ostdeutschland--> calcicole Arten im Deckungsgrad angestiegen, Ende der Bewirtschaftung",,,,,,,Literatur,D,Farn- und Blütenpflanzen,
205,Schmidt2015,non_Sys,Schmidt,2015,Umwelt- und Nutzungswandel im Kalkbuchenwald (Hordelymo-Fagetum lathyrestosum)- Ein Vergleich alter und neuer Vegetationsaufnahmen aus dem Göttinger Wald,Hercynia,,Schmidt_2015.pdf,,Emilia Schlotfeldt,Emilia Schlotfeldt,Wald,,,Deutschland,Niedersachsen,Göttingen,D36,,9908415007,5153834411,10,,,ENS,,,Zeit,Pflanzen,Pflanzen,Pflanzen,Kalkbuchenwald,,,>20,1955,2012,57,2,Vegetationsaufnahmen von 1955 bis 2012 + Vegetationszusammensetzung + Varianzanalyse,Beobachtung,negative,"Strukturell hat vor allem die Strauchschicht stark zugenommen, insbesondere bedingt durch eine




Intensivierung der Rehwild-Bejagung. In der Bodenvegetation haben neben den Gehölzen vor allem




schattentolerante, eutraphente Arten zugenommen, während die Arte",hoch,"Tab. 2 Diversitätsmerkmale des Hordelymo-Fagetum lathyretosum im Vergleich alter (1955/67) und neuer




(2000/12) Vegetationsaufnahmen sowie von Aufnahmen aus Wirtschafts(WW)- und Nichtwirtschaftswäldern




(NW) aus dem Göttinger Wald. Angegeben sind Mittelwert",Veränderte Land-/Meeresnutzung,Veränderte Land-/Meeresnutzung,,,,"Reduktion saurer Schwefel-Deposition durch Filtersysteme und Schließung emittierender Industrien in Ostdeutschland--> calcicole Arten im Deckungsgrad angestiegen, Ende der Bewirtschaftung",,,,,,,Literatur,D,Farn- und Blütenpflanzen,
206,Schmidt2015,non_Sys,Schmidt,2015,Umwelt- und Nutzungswandel im Kalkbuchenwald (Hordelymo-Fagetum lathyrestosum)- Ein Vergleich alter und neuer Vegetationsaufnahmen aus dem Göttinger Wald,Hercynia,,Schmidt_2015.pdf,,Emilia Schlotfeldt,Emilia Schlotfeldt,Wald,,,Deutschland,Niedersachsen,Göttingen,D36,,9908415007,5153834411,10,,,ENS,,,Zeit,Pflanzen,Pflanzen,Pflanzen,Kalkbuchenwald,,,>20,1955,2012,57,2,Vegetationsaufnahmen von 1955 bis 2012 + Vegetationszusammensetzung + Varianzanalyse,Beobachtung,negative,"Strukturell hat vor allem die Strauchschicht stark zugenommen, insbesondere bedingt durch eine




Intensivierung der Rehwild-Bejagung. In der Bodenvegetation haben neben den Gehölzen vor allem




schattentolerante, eutraphente Arten zugenommen, während die Arte",hoch,"Tab. 2 Diversitätsmerkmale des Hordelymo-Fagetum lathyretosum im Vergleich alter (1955/67) und neuer




(2000/12) Vegetationsaufnahmen sowie von Aufnahmen aus Wirtschafts(WW)- und Nichtwirtschaftswäldern




(NW) aus dem Göttinger Wald. Angegeben sind Mittelwert",Veränderte Land-/Meeresnutzung,Veränderte Land-/Meeresnutzung,,,,"Reduktion saurer Schwefel-Deposition durch Filtersysteme und Schließung emittierender Industrien in Ostdeutschland--> calcicole Arten im Deckungsgrad angestiegen, Ende der Bewirtschaftung",,,,,,,Literatur,D,Farn- und Blütenpflanzen,
206,Schmidt2015,non_Sys,Schmidt,2015,Umwelt- und Nutzungswandel im Kalkbuchenwald (Hordelymo-Fagetum lathyrestosum)- Ein Vergleich alter und neuer Vegetationsaufnahmen aus dem Göttinger Wald,Hercynia,,Schmidt_2015.pdf,,Emilia Schlotfeldt,Emilia Schlotfeldt,Wald,,,Deutschland,Niedersachsen,Göttingen,D36,,9908415007,5153834411,10,,,Artenzahl,,,Zeit,Pflanzen,Pflanzen,Pflanzen,Moose und Flechten/Moosschicht,,,Antwortvariable,1955,2012,57,2,Vegetationsaufnahmen von 1955 bis 2012 + Vegetationszusammensetzung + Varianzanalyse,Beobachtung,positive,"Strukturell hat vor allem die Strauchschicht stark zugenommen, insbesondere bedingt durch eine




Intensivierung der Rehwild-Bejagung. In der Bodenvegetation haben neben den Gehölzen vor allem




schattentolerante, eutraphente Arten zugenommen, während die Arte",hoch,"Tab. 2 Diversitätsmerkmale des Hordelymo-Fagetum lathyretosum im Vergleich alter (1955/67) und neuer




(2000/12) Vegetationsaufnahmen sowie von Aufnahmen aus Wirtschafts(WW)- und Nichtwirtschaftswäldern




(NW) aus dem Göttinger Wald. Angegeben sind Mittelwert",Veränderte Land-/Meeresnutzung,Veränderte Land-/Meeresnutzung,,,,"Reduktion saurer Schwefel-Deposition durch Filtersysteme und Schließung emittierender Industrien in Ostdeutschland--> calcicole Arten im Deckungsgrad angestiegen, Ende der Bewirtschaftung",,,,,,,Literatur,D,Farn- und Blütenpflanzen,corrected
214,Schmidt2012,non_Sys,Schmidt,2012,"13 Jahre nach dem Sturm - Vegetationsentwicklung im Buchen-Naturwald ""Königsbuche"" (südwestliches Harzvorland, Niedersachsen)",Hercynia,,Schmidt_2012.pdf,,Emilia Schlotfeldt,Emilia Schlotfeldt,Wald,"Naturwald ""Königsbuche""",,Deutschland,Niedersachsen,Rotenberg,D36,,1036671758,515831002,20,,,Abundanz,,,Zeit,Pflanzen,Pflanzen,Pflanzen,"Bäume, Kraut- und Strauchschicht",,,>20,1998,2010,12,2,"floristische Aufnahmen, Trennung von Strauch- und Baumschicht, Deckunsgrad, Nomenklatur nach Wisskirchen und Haeupler",Beobachtung,positive,,hoch,"Tab. 1 Vegetationsveränderung für Vegetationsaufnahmen an den Gitternetzpunkten (n = 34) im Naturwald Königsbu-




che. Angegeben sind die Mittelwerte in den Störungsvarianten Bestand, Lücke und Flächenwurf für die Jahre




1998 und 2010, Tab. 2 Vegetationsverä",Veränderung der Struktur der Landschaft,Veränderung der Struktur der Landschaft,,,,"Sukzession und Regeneration gestörter Buchenwälder an Störungsgradient nach Orkan (ungestörte Bereichen- kleinere Lücken bis - flächig geworfenen Bereiche), Licht bestimmender Umweltfaktor, allg. Mikroklima entscheidend für Unterschiede, Einfluss Verbiss",,,,,,,Literatur,D,Farn- und Blütenpflanzen,
215,Schmidt2012,non_Sys,Schmidt,2012,"13 Jahre nach dem Sturm - Vegetationsentwicklung im Buchen-Naturwald ""Königsbuche"" (südwestliches Harzvorland, Niedersachsen)",Hercynia,,Schmidt_2012.pdf,,Emilia Schlotfeldt,Emilia Schlotfeldt,Wald,"Naturwald ""Königsbuche""",,Deutschland,Niedersachsen,Rotenberg,D36,,1036671758,515831002,20,,,Abundanz,,,Zeit,Pflanzen,Moose,Moose,,,,>20,1998,2010,12,2,"floristische Aufnahmen, Trennung von Strauch- und Baumschicht, Deckunsgrad, Nomenklatur nach Wisskirchen und Haeupler",Beobachtung,positive,,hoch,"Tab. 1 Vegetationsveränderung für Vegetationsaufnahmen an den Gitternetzpunkten (n = 34) im Naturwald Königsbu-




che. Angegeben sind die Mittelwerte in den Störungsvarianten Bestand, Lücke und Flächenwurf für die Jahre




1998 und 2010, Tab. 2 Vegetationsverä",Veränderung der Struktur der Landschaft,Veränderung der Struktur der Landschaft,,,,"Sukzession und Regeneration gestörter Buchenwälder an Störungsgradient nach Orkan (ungestörte Bereichen- kleinere Lücken bis - flächig geworfenen Bereiche), Licht bestimmender Umweltfaktor, allg. Mikroklima entscheidend für Unterschiede, Einfluss Verbiss",,,,,,,Literatur,D,Moose,
216,Schmidt2012,non_Sys,Schmidt,2012,"13 Jahre nach dem Sturm - Vegetationsentwicklung im Buchen-Naturwald ""Königsbuche"" (südwestliches Harzvorland, Niedersachsen)",Hercynia,,Schmidt_2012.pdf,,Emilia Schlotfeldt,Emilia Schlotfeldt,Wald,"Naturwald ""Königsbuche""",,Deutschland,Niedersachsen,Rotenberg,D36,,1036671758,515831002,20,,,Artenzahl,,,Zeit,Pflanzen,Pflanzen,Pflanzen,"Bäume, Kraut- und Strauchschicht",,,>20,1998,2010,12,2,"floristische Aufnahmen, Trennung von Strauch- und Baumschicht, Deckunsgrad, Nomenklatur nach Wisskirchen und Haeupler",Beobachtung,positive,,hoch,"Abb.3 Mittlere Artenzahl, Shannon-Wiener-Index und Evenness (± Standardfehler) der Strauch- und Krautschicht




(kumuliert) der Aufnahmejahre 1998 und 2010 in den Störungsvarianten Bestand (B), Lücke (L) und Flächen-




wurf (F) sowie aller Aufnahmeflächen (Ge)",Veränderung der Struktur der Landschaft,Veränderung der Struktur der Landschaft,,,,"Sukzession und Regeneration gestörter Buchenwälder an Störungsgradient nach Orkan (ungestörte Bereichen- kleinere Lücken bis - flächig geworfenen Bereiche), Licht bestimmender Umweltfaktor, allg. Mikroklima entscheidend für Unterschiede, Einfluss Verbiss",,,,,,,Literatur,D,Farn- und Blütenpflanzen,
217,Schmidt2012,non_Sys,Schmidt,2012,"13 Jahre nach dem Sturm - Vegetationsentwicklung im Buchen-Naturwald ""Königsbuche"" (südwestliches Harzvorland, Niedersachsen)",Hercynia,,Schmidt_2012.pdf,,Emilia Schlotfeldt,Emilia Schlotfeldt,Wald,"Naturwald ""Königsbuche""",,Deutschland,Niedersachsen,Rotenberg,D36,,1036671758,515831002,20,,,ENS,,,Zeit,Pflanzen,Pflanzen,Pflanzen,"Bäume, Kraut- und Strauchschicht",,,>20,1998,2010,12,2,"floristische Aufnahmen, Trennung von Strauch- und Baumschicht, Deckunsgrad, Nomenklatur nach Wisskirchen und Haeupler",Beobachtung,positive,,hoch,"Abb.3 Mittlere Artenzahl, Shannon-Wiener-Index und Evenness (± Standardfehler) der Strauch- und Krautschicht




(kumuliert) der Aufnahmejahre 1998 und 2010 in den Störungsvarianten Bestand (B), Lücke (L) und Flächen-




wurf (F) sowie aller Aufnahmeflächen (Ge)",Veränderung der Struktur der Landschaft,Veränderung der Struktur der Landschaft,,,,"Sukzession und Regeneration gestörter Buchenwälder an Störungsgradient nach Orkan (ungestörte Bereichen- kleinere Lücken bis - flächig geworfenen Bereiche), Licht bestimmender Umweltfaktor, allg. Mikroklima entscheidend für Unterschiede, Einfluss Verbiss",,,,,,,Literatur,D,Farn- und Blütenpflanzen,
218,Schmidt2012,non_Sys,Schmidt,2012,"13 Jahre nach dem Sturm - Vegetationsentwicklung im Buchen-Naturwald ""Königsbuche"" (südwestliches Harzvorland, Niedersachsen)",Hercynia,,Schmidt_2012.pdf,,Emilia Schlotfeldt,Emilia Schlotfeldt,Wald,"Naturwald ""Königsbuche""",,Deutschland,Niedersachsen,Rotenberg,D36,,1036671758,515831002,20,,,ENS,,,Zeit,Pflanzen,Pflanzen,Pflanzen,"Bäume, Kraut- und Strauchschicht",,,>20,1998,2010,12,2,"floristische Aufnahmen, Trennung von Strauch- und Baumschicht, Deckunsgrad, Nomenklatur nach Wisskirchen und Haeupler",Beobachtung,positive,,hoch,"Abb.3 Mittlere Artenzahl, Shannon-Wiener-Index und Evenness (± Standardfehler) der Strauch- und Krautschicht




(kumuliert) der Aufnahmejahre 1998 und 2010 in den Störungsvarianten Bestand (B), Lücke (L) und Flächen-




wurf (F) sowie aller Aufnahmeflächen (Ge)",Veränderung der Struktur der Landschaft,Veränderung der Struktur der Landschaft,,,,"Sukzession und Regeneration gestörter Buchenwälder an Störungsgradient nach Orkan (ungestörte Bereichen- kleinere Lücken bis - flächig geworfenen Bereiche), Licht bestimmender Umweltfaktor, allg. Mikroklima entscheidend für Unterschiede, Einfluss Verbiss",,,,,,,Literatur,D,Farn- und Blütenpflanzen,
222,Fischer2009,non_Sys,Fischer,2009,Vegetationsdynamik in Buchen-Naturwäldern. Ein Vergleich aus Süd-Niedersachsen.,Hercynia,,Fischer_2009.pdf,,Emilia Schlotfeldt,Emilia Schlotfeldt,Wald,"Naturwald ""Totenberg""",,Deutschland,Niedersachsen,Bramwald,D36,,964867787,5149790115,5,,,Artenzahl,,,Zeit,Pflanzen,Pflanzen,Pflanzen,"Bäume, Sträucher, Kräuter",,,Antwortvariable,1994,2007,13,2,"Vegetationsaufnahmen, Florendynamik, Aufnahem Zeigerwerte",Beobachtung,negative,,hoch,Abb. 3 Zeitliche Veränderung der Artenzahlen in der Krautschicht in den 1 ha- und den Randfeldern.,Veränderte Land-/Meeresnutzung,Veränderte Land-/Meeresnutzung,,,,"Nutzungsaufgabe 1989 (Erstaufnahme), fehlende forstliche Nutzung, vermindert Habitatheterogenität und Ressourcenverfügbarkeit, Abnahme Deckung Krautschicht, Zunahme Baum- und Strauchschicht, Abnahme Zeigerwert Licht",,,,,,,Literatur,D,Farn- und Blütenpflanzen,
223,Fischer2009,non_Sys,Fischer,2009,Vegetationsdynamik in Buchen-Naturwäldern. Ein Vergleich aus Süd-Niedersachsen.,Hercynia,,Fischer_2009.pdf,,Emilia Schlotfeldt,Emilia Schlotfeldt,Wald,"Naturwald ""Totenberg""",,Deutschland,Niedersachsen,Bramwald,D36,,964867787,5149790115,5,,,Abundanz,,,Zeit,Pflanzen,Pflanzen,Pflanzen,Bäume,,,>20,1994,2007,13,2,"Vegetationsaufnahmen, Florendynamik, Aufnahem Zeigerwerte",Beobachtung,positive,,hoch,"Abb. 5 Veränderungen der Deckungsgrade der Aufnahmeschichten an den Gitternetzpunkten, Tab. 2 Vegetationsveränderung auf Artebene an den Gitternetzpunkten (n = 78).",Veränderte Land-/Meeresnutzung,Veränderte Land-/Meeresnutzung,,,,"Nutzungsaufgabe 1989 (Erstaufnahme), fehlende forstliche Nutzung, vermindert Habitatheterogenität und Ressourcenverfügbarkeit, Abnahme Deckung Krautschicht, Zunahme Baum- und Strauchschicht, Abnahme Zeigerwert Licht",,,,,,,Literatur,D,Farn- und Blütenpflanzen,
224,Fischer2009,non_Sys,Fischer,2009,Vegetationsdynamik in Buchen-Naturwäldern. Ein Vergleich aus Süd-Niedersachsen.,Hercynia,,Fischer_2009.pdf,,Emilia Schlotfeldt,Emilia Schlotfeldt,Wald,"Naturwald ""Totenberg""",,Deutschland,Niedersachsen,Bramwald,D36,,964867787,5149790115,5,,,Abundanz,,,Zeit,Pflanzen,Pflanzen,Pflanzen,Sträucher/Strauchschicht,,,>20,1994,2007,13,2,"Vegetationsaufnahmen, Florendynamik, Aufnahem Zeigerwerte",Beobachtung,positive,,hoch,"Abb. 5 Veränderungen der Deckungsgrade der Aufnahmeschichten an den Gitternetzpunkten, Tab. 2 Vegetationsveränderung auf Artebene an den Gitternetzpunkten (n = 78).",Veränderte Land-/Meeresnutzung,Veränderte Land-/Meeresnutzung,,,,"Nutzungsaufgabe 1989 (Erstaufnahme), fehlende forstliche Nutzung, vermindert Habitatheterogenität und Ressourcenverfügbarkeit, Abnahme Deckung Krautschicht, Zunahme Baum- und Strauchschicht, Abnahme Zeigerwert Licht",,,,,,,Literatur,D,Farn- und Blütenpflanzen,
225,Fischer2009,non_Sys,Fischer,2009,Vegetationsdynamik in Buchen-Naturwäldern. Ein Vergleich aus Süd-Niedersachsen.,Hercynia,,Fischer_2009.pdf,,Emilia Schlotfeldt,Emilia Schlotfeldt,Wald,"Naturwald ""Totenberg""",,Deutschland,Niedersachsen,Bramwald,D36,,964867787,5149790115,5,,,Abundanz,,,Zeit,Pflanzen,Pflanzen,Pflanzen,Kräuter/Krautschicht,,,>20,1994,2007,13,2,"Vegetationsaufnahmen, Florendynamik, Aufnahem Zeigerwerte",Beobachtung,negative,,hoch,"Abb. 5 Veränderungen der Deckungsgrade der Aufnahmeschichten an den Gitternetzpunkten, Abb. 6 Veränderungen der Artenzahlen in der Krautschicht an den Gitternetzpunkten, Tab. 2 Vegetationsveränderung auf Artebene an den Gitternetzpunkten (n = 78).",Veränderte Land-/Meeresnutzung,Veränderte Land-/Meeresnutzung,,,,"Nutzungsaufgabe 1989 (Erstaufnahme), fehlende forstliche Nutzung, vermindert Habitatheterogenität und Ressourcenverfügbarkeit, Abnahme Deckung Krautschicht, Zunahme Baum- und Strauchschicht, Abnahme Zeigerwert Licht",,,,,,,Literatur,D,Farn- und Blütenpflanzen,
237,Jentzsch2004,non_Sys,Jentzsch,2004,"Zur Verbreitung der Haselmaus (Muscardinus avellanarius L innaeus, 1758) in Sachsen-Anhalt",Hercynia,,Jentzsch_2004.pdf,,Emilia Schlotfeldt,Emilia Schlotfeldt,Wald,,,Deutschland,Sachsen-Anhalt,Harz,D37,,1066316,5174021517,50,,,Abundanz,,,Zeit,Wirbeltiere,Säuger,Säuger,,Haselmaus,"Muscardinus avellanarius L innaeus, 1758",1,1920,1988,68,3,"Besetzte MTBQs, weiterhin Gewöllanalysen, Nistkasten-Erfassungen, Präparat-Fundus des zoologischen Instituts der Martin-Luther-Universität Halle-Wittenberg, Publikationen",Beobachtung,negative,,gering,"Abb 1 Vorkommen der Haselmaus in Sachsen-Anhalt nach Messtischblatt-Quadranten vor 1920, 1920 bis 1979,




ab 1988",Andere direkte Treiber,Andere direkte Treiber,,,,keine Angaben,,,,,,,Literatur,D,Säugetiere,corrected
245,Ahrns1998,non_Sys,Ahrns,1998,"Vegetationsdynamik und Florenwandel im ehemaligen mitteldeutschen Waldschutzgebiet ""Hainich"" im Interv~ll1963 - 1995",Hercynia,,Ahrns_1998.pdf,,Emilia Schlotfeldt,Emilia Schlotfeldt,Wald,,,Deutschland,Thüringen,"NSG ""Hainich""",D18,,1038193807,5109777266,10,,,Abundanz,,,Zeit,Pflanzen,Pflanzen,Pflanzen,Bäume,,,>20,1963,1995,32,2,Vegetationsaufnahmen nach Hofmann 1963 und Braun-Blanquet 1995,Beobachtung,positive,,gering,"Tabelle 2 Eckdaten zu den Vegetationserhebungen, Abb. 4 Tendenzieller Vegetationswandel am Beispiel ausgewählter Sippen mit markanten Häufigkeitsver-




änderungen",Veränderte Land-/Meeresnutzung,Veränderte Land-/Meeresnutzung,,,,"Änderung Waldbinnenklimas, Florenwandel, ungüstigere Lichtverhältnisse, leicht versauuerte Oberböden, nährstoffreiches Substrat, Wildeinflüsse, Forstwirtschaftliche Einflüsse, Maßnahmen: Pflege nach ökologisch orientierten Waldbaus, Minimierung Vergrößeru",Andere,NSG Hainich,,,,,Literatur,D,Farn- und Blütenpflanzen,
246,Ahrns1998,non_Sys,Ahrns,1998,"Vegetationsdynamik und Florenwandel im ehemaligen mitteldeutschen Waldschutzgebiet ""Hainich"" im Interv~ll1963 - 1996",Hercynia,,Ahrns_1998.pdf,,Emilia Schlotfeldt,Emilia Schlotfeldt,Wald,,,Deutschland,Thüringen,"NSG ""Hainich""",D18,,1038193807,5109777266,10,,,Abundanz,,,Zeit,Pflanzen,Pflanzen,Pflanzen,Sträucher/Strauchschicht,,,>20,1963,1995,32,2,Vegetationsaufnahmen nach Hofmann 1963 und Braun-Blanquet 1996,Beobachtung,positive,,gering,"Tabelle 2 Eckdaten zu den Vegetationserhebungen, Abb. 4 Tendenzieller Vegetationswandel am Beispiel ausgewählter Sippen mit markanten Häufigkeitsver-




änderungen",Veränderte Land-/Meeresnutzung,Veränderte Land-/Meeresnutzung,,,,"Änderung Waldbinnenklimas, Florenwandel, ungüstigere Lichtverhältnisse, leicht versauuerte Oberböden, nährstoffreiches Substrat, Wildeinflüsse, Forstwirtschaftliche Einflüsse, Maßnahmen: Pflege nach ökologisch orientierten Waldbaus, Minimierung Vergrößeru",Andere,NSG Hainich,,,,,Literatur,D,Farn- und Blütenpflanzen,
247,Ahrns1998,non_Sys,Ahrns,1998,"Vegetationsdynamik und Florenwandel im ehemaligen mitteldeutschen Waldschutzgebiet ""Hainich"" im Interv~ll1963 - 1997",Hercynia,,Ahrns_1998.pdf,,Emilia Schlotfeldt,Emilia Schlotfeldt,Wald,,,Deutschland,Thüringen,"NSG ""Hainich""",D18,,1038193807,5109777266,10,,,Abundanz,,,Zeit,Pflanzen,Pflanzen,Pflanzen,Kräuter/Krautschicht,,,>20,1963,1995,32,2,Vegetationsaufnahmen nach Hofmann 1963 und Braun-Blanquet 1997,Beobachtung,negative,,gering,"Tabelle 2 Eckdaten zu den Vegetationserhebungen, Abb. 4 Tendenzieller Vegetationswandel am Beispiel ausgewählter Sippen mit markanten Häufigkeitsver-




änderungen",Veränderte Land-/Meeresnutzung,Veränderte Land-/Meeresnutzung,,,,"Änderung Waldbinnenklimas, Florenwandel, ungüstigere Lichtverhältnisse, leicht versauuerte Oberböden, nährstoffreiches Substrat, Wildeinflüsse, Forstwirtschaftliche Einflüsse, Maßnahmen: Pflege nach ökologisch orientierten Waldbaus, Minimierung Vergrößeru",Andere,NSG Hainich,,,,,Literatur,D,Farn- und Blütenpflanzen,
247,Ahrns1998,non_Sys,Ahrns,1998,"Vegetationsdynamik und Florenwandel im ehemaligen mitteldeutschen Waldschutzgebiet ""Hainich"" im Interv~ll1963 - 1997",Hercynia,,Ahrns_1998.pdf,,Emilia Schlotfeldt,Emilia Schlotfeldt,Wald,,,Deutschland,Thüringen,"NSG ""Hainich""",D18,,1038193807,5109777266,10,,,Artenzahl,,,Zeit,Pflanzen,Pflanzen,Pflanzen,Sippen Kräuter/Krautschicht,,,Antwortvariable,1963,1995,32,2,Vegetationsaufnahmen nach Hofmann 1963 und Braun-Blanquet 1997,Beobachtung,positive,,gering,"Tabelle 2 Eckdaten zu den Vegetationserhebungen, Abb. 4 Tendenzieller Vegetationswandel am Beispiel ausgewählter Sippen mit markanten Häufigkeitsver-




änderungen",Veränderte Land-/Meeresnutzung,Veränderte Land-/Meeresnutzung,,,,"Änderung Waldbinnenklimas, Florenwandel, ungüstigere Lichtverhältnisse, leicht versauuerte Oberböden, nährstoffreiches Substrat, Wildeinflüsse, Forstwirtschaftliche Einflüsse, Maßnahmen: Pflege nach ökologisch orientierten Waldbaus, Minimierung Vergrößeru",Andere,NSG Hainich,,,,,Literatur,D,Farn- und Blütenpflanzen,corrected
248,Westhus1990,non_Sys,Westhus,1990,Zum  Florenwandel und Florenschutz in waldbestockten Naturschutzgebieten Thüringens,Hercynia,,Westhus_1990.pdf,,Emilia Schlotfeldt,Emilia Schlotfeldt,Wald,,,Deutschland,Thüringen,"Sömmerda, Arnstadt",D18,,1112024382,5116195891,10,,,ENS,,,Zeit,Pflanzen,Pflanzen,Pflanzen,Bäume,,,"Antwortvariable Wechselfeuchte- bzw. Wechsel-




trockenheitszeigern (-). Shannon-Index (H') und Evenness, Rückgang und Ursache einzelner Arten",1964,1985,21,2,Zusammenführung von Vegetationsaufnahmen,Beobachtung,negative,negativ (Rückgang lichtliebender Baumarten),gering,"Tabelle 1. Mittlere Faktorenzahlen, prozentualer Anteil von Wechselfeuchte- bzw. Wechsel-




trockenheitszeigern (-). Shannon-Index (H') und Evenness (E) der Vegetation einer Dauer-




fläche im NSG .. Gottesholz"" 1964 und 1985","Veränderte Land-/Meeresnutzung, Verschmutzung, Veränderung der Struktur der Landschaft",Veränderte Land-/Meeresnutzung,Verschmutzung,Veränderung der Struktur der Landschaft,,"Krankheiten und Umweltbelastungen, Nutzungswandel lichtliebende Baumarten, Maßnahmen: Wiedereinführung Niederwald, Auflichtungen für lichtbedürftige Arten, Schutzausweisung, Verringerung Wildeinflusses, indirekter Nährstoffeintrag verringern durch Entnahm",,,,,,,Literatur,D,Farn- und Blütenpflanzen,
249,Westhus1990,non_Sys,Westhus,1990,Zum  Florenwandel und Florenschutz in waldbestockten Naturschutzgebieten Thüringens,Hercynia,,Westhus_1990.pdf,,Emilia Schlotfeldt,Emilia Schlotfeldt,Wald,,,Deutschland,Thüringen,"Sömmerda, Arnstadt",D18,,1112024382,5116195891,10,,,ENS,,,Zeit,Pflanzen,Pflanzen,Pflanzen,Bäume,,,"Antwortvariable Wechselfeuchte- bzw. Wechsel-




trockenheitszeigern (-). Shannon-Index (H') und Evenness, Rückgang und Ursache einzelner Arten",1964,1985,21,2,Zusammenführung von Vegetationsaufnahmen,Beobachtung,negative,negativ (Rückgang lichtliebender Baumarten),gering,"Tabelle 1. Mittlere Faktorenzahlen, prozentualer Anteil von Wechselfeuchte- bzw. Wechsel-




trockenheitszeigern (-). Shannon-Index (H') und Evenness (E) der Vegetation einer Dauer-




fläche im NSG .. Gottesholz"" 1964 und 1985","Veränderte Land-/Meeresnutzung, Verschmutzung, Veränderung der Struktur der Landschaft",Veränderte Land-/Meeresnutzung,Verschmutzung,Veränderung der Struktur der Landschaft,,"Krankheiten und Umweltbelastungen, Nutzungswandel lichtliebende Baumarten, Maßnahmen: Wiedereinführung Niederwald, Auflichtungen für lichtbedürftige Arten, Schutzausweisung, Verringerung Wildeinflusses, indirekter Nährstoffeintrag verringern durch Entnahm",,,,,,,Literatur,D,Farn- und Blütenpflanzen,
250,Butzeck1988,non_Sys,Butzeck,1988,Beiträge zur Geschiehte der Säugetierfauna  der DDR Teil 2: Der Luchs  (Lynx  Lyttx  Linnö 17581,Hercynia,,Butzeck_1988.pdf,,Emilia Schlotfeldt,Emilia Schlotfeldt,Wald,,,Deutschland,,ehemalige DDR-Gebiete,,,12832,52253,200,,,Abundanz,,,Zeit,Wirbeltiere,Säuger,Säuger,,Luchs,"Lynx lynx, L. 1758",1,1983,1984,1,2,"Vorkommenskarten, Zusammenfassung von Nachweisen und Bestandsberichten in Literatur, Sichtungen",Beobachtung,negative to positive,,gering,Vorkommenskarten,"Veränderung der Struktur der Landschaft, Direkte Ressourcenentnahme",Veränderung der Struktur der Landschaft,Direkte Ressourcenentnahme,,,"Lebensraumwandel, Arealzersplitterung, Bejagung",,,,,,,Literatur,D,Säugetiere,
255,Wuttky1982,non_Sys,Wuttky,1982,"Greifvogelbesiedlung des Rakel und Überwinterung des Rotmilans  Milvus  milvus (L., 1758)",Hercynia,,Wuttky_1982.pdf,,Emilia Schlotfeldt,Emilia Schlotfeldt,Wald,,,Deutschland,Sachsen-Anhalt,"""Hakelwald""",D20,,1132892208,5188257035,5,,,Abundanz,,,Zeit,Wirbeltiere,Vögel,Vögel,,,,7,1978,1981,3,4,Beobachtungsaufzeichnungen,Beobachtung,positive,,gering,Tabelle 1: Anzahl Brutpaare,,,,,,"optimale Lebensbedingungen für Greifvögel, trotz erheblicher Depression einiger Hauptbeutetiere keine Verringerung der Population in letzten zwanzig Jahren",,,,,,,Literatur,D,Vögel,
256,Wuttky1982,non_Sys,Wuttky,1982,"Greifvogelbesiedlung des Rakel und Überwinterung des Rotmilans  Milvus  milvus (L., 1758)",Hercynia,,Wuttky_1982.pdf,,Emilia Schlotfeldt,Emilia Schlotfeldt,Wald,,,Deutschland,Sachsen-Anhalt,"""Hakelwald""",D20,,1132892208,5188257035,5,,,Abundanz,,,Zeit,Wirbeltiere,Vögel,Vögel,,Rotmilan,"Milvus milvus, L. 1758",1,1959,1981,22,15,Beobachtungsaufzeichnungen,Beobachtung,positive,,gering,Tabelle 2: Beobachtung Rotmilan im Hakel,,,,,,"optimale Lebensbedingungen für Greifvögel, trotz erheblicher Depression einiger Hauptbeutetiere keine Verringerung der Population in letzten zwanzig Jahren",,,,,,,Literatur,D,Vögel,
257,Steinmetzger1980,non_Sys,Steinmetzger,1980,Verteilungsmuster und Phänologie von Stapbylinidae (Coleoptera-lnsecta) in einem Transekt unterschiedlich immissionsbelasteter Kiefernforste der  Dübener Heide,Hercynia,,Steinmetzger_1980.pdf,,Emilia Schlotfeldt,Emilia Schlotfeldt,Wald,Kiefernforst,,Deutschland,Sachsen-Anhalt,Dübener Heide,D10,,1262159851,5169446766,20,,,Abundanz,,,Zeit,Wirbellose,Arthropoden,Arthropoden,,,,Antwortvariable Individuen,1976,1978,2,3,"Fang mittels Bodeneinsatzfallen (12 Standorte, je 4 Fallen, Mai bis Oktober, ab 1977 Fallenzahl auf 8 erhöht und Erfassung von Mai bis November, mit 4% Formalin, 14-tägige Leerung), Kescher, Bodenekletoren, Biozönometer",Beobachtung,no,viel Schwankungen zwischen Monaten/Jahren,gering,Abb. 5 Gesamtfang über Jahre,"Verschmutzung, Veränderung der Struktur der Landschaft",Verschmutzung,Veränderung der Struktur der Landschaft,,,"anthropogener Faktor führt zu Elimination, Depression, Indifferenz, starke Förderung von Arten, Immissionseinfluss, pH-Wert Veränderung durch Staubimmission Abpufferung z.T. über Neutralbereich hinaus, Auflichtung der Baumbestände, Neutralisierung und Auf",,,,,,,Literatur,D,Kurzflügler,
259,4AEVK2JE,non_Sys,Schönfeld,1977,"Beiträge zur Populationsdynamik der Schleiereule, Tyto alba",Hercynia,,Schönfeld_1977.pdf,,Emilia Schlotfeldt,Emilia Schlotfeldt,Wald,,,Deutschland,Sachsen-Anhalt,Burgenlandkreis,D18,,1174590154,5114220585,20,,,Abundanz,,,Zeit,Wirbeltiere,Vögel,Vögel,,Schleiereule,Tryto alba,1,1968,1974,6,7,"faunistische Untersuchung (Sichtungen, Beobachtungen, vermessen, wiegen)",Beobachtung,no,viel Schwankungen zwischen Jahren,gering,Tab. 8 Besetzte Reviere,Andere direkte Treiber,Andere direkte Treiber,,,,"Nahrungsangebot, Witterung",,,,,,,Literatur,D,Vögel,
263,FN348QUV,non_Sys,Geiler,1974,"Verzeichnis der in Fichtenbaumhölzern des Tharandter Waldes vorkommenden Staphyliniden (Coleoptera, Staphylinidae)",Hercynia,,Geiler_1974.pdf,,Emilia Schlotfeldt,Emilia Schlotfeldt,Wald,Fichtenbaumholz,,Deutschland,Sachsen,"Tharandt, Hainsberg",D16,,1359733357,5097977356,2,,Lössböden,Abundanz,,,Zeit,Wirbellose,Arthropoden,Arthropoden,Coleoptera,,,73,1964,1966,2,3,"faunistische Untersuchung, Fang mittels Glas-Bodenfallen 1L, 20 cm Hlhe, unverdünntes Äthylenglykol als Fangflüssigkeit, 1964 9 Fangbehälter an 9 Fangstellen, 1965 50 an 5 Standorten",Beobachtung,positive,Zunahme in Artenzahlen und Individuenzahlen,gering,"Tabelle 2. Individuen- und Prozentanteile der Coleopterenfamilien in Fichtenbaumholz-




Bodenfallen (1964 und 1965 a: April bis September, 1965 b: September 1965 bis April 1966)",,,,,,keine Informationen zu Treibern,,,,,,,Literatur,D,Kurzflügler,
263,FN348QUV,non_Sys,Geiler,1974,"Verzeichnis der in Fichtenbaumhölzern des Tharandter Waldes vorkommenden Staphyliniden (Coleoptera, Staphylinidae)",Hercynia,,Geiler_1974.pdf,,Emilia Schlotfeldt,Emilia Schlotfeldt,Wald,Fichtenbaumholz,,Deutschland,Sachsen,"Tharandt, Hainsberg",D16,,1359733357,5097977356,2,,Lössböden,Artenzahl,,,Zeit,Wirbellose,Arthropoden,Arthropoden,Coleoptera,,,Antwortvariable Individuen,1964,1966,2,3,"faunistische Untersuchung, Fang mittels Glas-Bodenfallen 1L, 20 cm Hlhe, unverdünntes Äthylenglykol als Fangflüssigkeit, 1964 9 Fangbehälter an 9 Fangstellen, 1965 50 an 5 Standorten",Beobachtung,positive,Zunahme in Artenzahlen und Individuenzahlen,gering,im Fließtext,,,,,,keine Informationen zu Treibern,,,,,,,Literatur,D,Kurzflügler,corrected
285,9UA7424F,Sys,"Heinrichs, S., et al.",2009,Short-term effects of selection and clear cutting on the shrub and herb layer vegetation during the conversion of even-aged Norway spruce stands into mixed stands,Forest Ecology and Management 258 (2009) 667-678,10.1016/j.foreco.2009.04.037,Heinrichs_etal_2009_ForEcolManag,,Ludwig/Jana,Ludwig Lettenmaier,Wald,Fichtenmonokultur,Nadel(Misch)Wälder und -Forste,Deutschland,Niedersachsen,"Neuhaus, Otterbach",D36,,9494444444,517625,,"51°46'24''N, 9°27'40''E und 51°45'00''N, 9°33'06''E",,Artenzahl,,Artenzahl/Plot,"Forstwirtschaft: Control (Kontrolle), Selection cutting (Selektives Fällen), Clear Cutting (Kahlschlag)",Pflanzen,Pflanzen,Pflanzen,Strauchschicht-Arten,,,Antwortvariable,2002,2007,5,4,Vegetationsaufnahme,Experiment,no,"Shrub layer species numbers and cover values depicted a decrease directly after clear cutting compared to the control and the pre-treatment condition, whereas for selection cutting, as well as, for the unmanaged plots there was no response (Tables 2 and 3",unsicher,"Table 2 Mean species richness/100 m2 ( SE) of the shrub and herb layer for the year before (2002) and for 3 years (2004, 2006, 2007) after treatment on control, selection cutting and clear cutting plots for the two study sites Neuhaus (NH) and Otterbach (",Veränderte Land-/Meeresnutzung,Veränderte Land-/Meeresnutzung,,,,Auswirkung von Selektives Fällen und Kahlschlag,,,Umwandlung eines reinen Koniferenbestandes zu einem Mischwald,Selektives Fällen und Kahlschlag,"Nicht sicher, ob geeignet für Trendanalyse, da die Studie den Trend einer Maßnahme thematisiert",Kontrolle wurde aufgenommen,Literatur,D,Farn- und Blütenpflanzen,
287,F34S7C4I,Sys,"Naaf, T. et al.",2010,Habitat specialists and generalists drive homogenization and differentiation of temperate forest plant communities at the regional scale,Biological Conservation 143 (2010) 848-855,10.1016/j.biocon.2009.12.027,Naaf_etal_2010_BiologicalConservation,,Ludwig/Jana,Ludwig Lettenmaier,Wald,,Laub(Misch)Wälder und -Forste (Laubbaumanteil über 50 Prozent),Deutschland,,Weser-Elbe Region,D27,,9004544209,5345883264,50,,,Artenzahl,Beta-Diversität,Jaccard-Index,Zeit,Pflanzen,Pflanzen,Pflanzen,,,,Antwortvariable,1986,2009,23,2,Vegetationsaufnahme,Beobachtung,negative,"Beta-Diversität hat abgenommen -> Homogenisierung der Plots. Jedoch hat Alpha-Diversität zugenommen, aber nicht durch invasive Arten sondern durch einheimische Arten die ein breiteres pH-Spektrum tolerieren.",unsicher,Table 3 Mean beta diversity and its change (Db) between sampling periods (n = 175) and number of sites with a significant (p 6 0.01) change in beta diversity as tested by paired-samples randomization tests for the three dissimilarity indices. Table 4 Mean,,,,,,,,,,,"Unsicher bei Zuordnung Direkter Treiber, daher frei gelassen, Details wurden unter Direkter Treiber_Details notiert, Startjahr 1986/88 und Endjahr 2008/2009",,Literatur,D,Farn- und Blütenpflanzen,
288,F34S7C4I,Sys,"Naaf, T. et al.",2010,Habitat specialists and generalists drive homogenization and differentiation of temperate forest plant communities at the regional scale,Biological Conservation 143 (2010) 848-855,10.1016/j.biocon.2009.12.027,Naaf_etal_2010_BiologicalConservation,,Ludwig/Jana,Ludwig Lettenmaier,Wald,,Laub(Misch)Wälder und -Forste (Laubbaumanteil über 50 Prozent),Deutschland,,Weser-Elbe Region,D27,,9004544209,5345883264,50,,,Artenzahl,Alpha-Diversität,"Alpha-Diversität/Plot, Artenanzahl(Spezialist, Generalist)/Plot",Zeit,Pflanzen,Pflanzen,Pflanzen,,,,Antwortvariable,1986,2009,23,2,Vegetationsaufnahme,Beobachtung,positive,"Beta-Diversität hat abgenommen -> Homogenisierung der Plots. Jedoch hat Alpha-Diversität zugenommen, aber nicht durch invasive Arten sondern durch einheimische Arten die ein breiteres pH-Spektrum tolerieren.",unsicher,Table 3 Mean beta diversity and its change (Db) between sampling periods (n = 175) and number of sites with a significant (p 6 0.01) change in beta diversity as tested by paired-samples randomization tests for the three dissimilarity indices. Table 4 Mean,,,,,,,,,,,"Unsicher bei Zuordnung Direkter Treiber, daher frei gelassen, Details wurden unter Direkter Treiber_Details notiert",,Literatur,D,Farn- und Blütenpflanzen,
301,G7H698R6,non_Sys,"Petzold, J. et al.",2018,Effects of forest management intensity on herb layer plant diversity and composition of deciduous forest communities in Northern Germany,Tuexenia 38: 79–96.,10.14471/2018.38.018,Petzold_2018_Tuexenia.pdf,,Konrad Adler,Konrad Adler,Wald,"Tiefland-Buchenwälder und -Buchenmischwälder (Galio-Fagetum, mesotraphente Buchen-Eichen-Bestände, Stellario-Carpinetum)",Laub(Misch)Wälder und -Forste (Laubbaumanteil über 50 Prozent),Deutschland,"Mecklenburg-Vorpommern, Schleswig-Holstein",Lübecker Stadtwald,D04,,1063333333,5368333333,,"53°35'–53°47' N, 10°30'–10°47' E",Böden aus Geschiebelehm und Geschiebemergel mit sandiger Deckschicht,Artenzahl,,,"Zeit, Bewirtschaftungsintensität",Pflanzen,Pflanzen,Pflanzen,,,,Antwortvariable,1997,2014,17,2,Vegetationsaufnahme,Beobachtung,negative,"Hierbei zeigt sich insgesamt eine quantitative Abnahme des Artenreichtums der Krautschicht, wobei zugleich eine Näherung zu einer vergleichsweise artenarmen, aber waldtypischen Phyotocoenose erfolgte",hoch,"Abb. 2. Mittlere Artenzahl in der Krautschicht im Jahr 1997 und 2014 in Beständen der drei verschiedenen Bewirtschaftungsintensitätstypen, Tab1: Übersicht über Artenzahlen mit Hinblick auf verschiedene Artengruppen & Störzeiger, Anhang E2 & E3 enthalten z",Veränderte Land-/Meeresnutzung,Veränderte Land-/Meeresnutzung,,,,"intensive Bewirtschaftung mit verschiedener Intensität bis 1994, seit 1994 einheitliche, naturnahe Bewirtschaftung (Naturland-, FSC-Zertifizierung), als Referenz dienen seit 1950 unbewirtschaftete Flächen",,,veränderte Bewirtschaftung: Naturnahe Waldnutzung,,,,Literatur,D,Farn- und Blütenpflanzen,
301,G7H698R6,non_Sys,"Petzold, J. et al.",2018,Effects of forest management intensity on herb layer plant diversity and composition of deciduous forest communities in Northern Germany,Tuexenia 38: 79–96.,10.14471/2018.38.018,Petzold_2018_Tuexenia.pdf,,Konrad Adler,Konrad Adler,Wald,"Tiefland-Buchenwälder und -Buchenmischwälder (Galio-Fagetum, mesotraphente Buchen-Eichen-Bestände, Stellario-Carpinetum)",Laub(Misch)Wälder und -Forste (Laubbaumanteil über 50 Prozent),Deutschland,"Mecklenburg-Vorpommern, Schleswig-Holstein",Lübecker Stadtwald,D04,,1063333333,5368333333,,"53°35'–53°47' N, 10°30'–10°47' E",Böden aus Geschiebelehm und Geschiebemergel mit sandiger Deckschicht,Abundanz,,,"Zeit, Bewirtschaftungsintensität",Pflanzen,Pflanzen,Pflanzen,,,,,1997,2014,17,2,Vegetationsaufnahme,Beobachtung,negative,We found that herb layer species richness and cover decreased considerably over time,hoch,Abstract,Veränderte Land-/Meeresnutzung,Veränderte Land-/Meeresnutzung,,,,"intensive Bewirtschaftung mit verschiedener Intensität bis 1994, seit 1994 einheitliche, naturnahe Bewirtschaftung (Naturland-, FSC-Zertifizierung), als Referenz dienen seit 1950 unbewirtschaftete Flächen",,,veränderte Bewirtschaftung: Naturnahe Waldnutzung,,,,Literatur,D,Farn- und Blütenpflanzen,corrected
302,WXW5MBSZ,Sys,"Baumann, M. et al.",2022,Recolonization of epiphytic bryophytes after decades of air pollution in forest ecosystems in the Erzgebirge (Ore Mountains) shows the importance of deciduous trees for the diversity of this species group,Forest Ecology and Management 509 (2022) 120082,,Baumann_2022_ForEcolManag.pdf,,Konrad Adler,Konrad Adler,Wald,Fichtenforste,Nadel(Misch)Wälder und -Forste,Deutschland,Sachsen,"Adorf, Neudorf und Eibenstock im Erzgebirge nahe der deutsch-tschechischen Grenze",D16,,1261094569,5045015861,20,,Böden aus sauren und intermediären magmatischen und metamorphen Gesteinen,Artenzahl,,"Perioden 1900-1909, 1910-1919, 1920-1929, 1970-1979, 1980-1989, 1990-1999, 2000-2009,2010-2013",Zeit,Pflanzen,Moose,Moose,epiphytische Moose,,,>20,1920,2020,100,2,Vegetationsaufnahme,,negative to positive,Zunahme der Artenzahl im Vergleich zu historischen Verbreitungen,gering,"Appendix S4. Distribution of bryophytes of the regional epiphytic species pool (RESP) in Saxony ca. 1850 (Rabenhorst 1863), ca. 1920 (Riehmer 1926, 1927, Schade 1924, 1936), ca. 1990 (Red List categories by Borsdorf and Müller (1991), 0 = regionally extin",Verschmutzung,Verschmutzung,,,,sehr hohe Luftverschmutzung (SO2) durch Industrie bis Ende des 20th century,,,Veränderung der Waldstruktur: pure Fichtenforste werden zu Mischwäldern,,"möglicherweise nicht passend, da streng genommen nur 1 Messpunkt und die erhobenen Daten dann mit Verbreitungen der Arten aus vorherigen Studien verglichen wurden",,Literatur,D,Moose,corrected
303,Günther2021,non_Sys,"Günther, K. et al.",2021,Vegetation change in the forests between the Elbe and Havel rivers (NE Germany) from 1960 to 2015,Tuexenia 41: 53–85,10.14471/2021.41.005,Günther_2021_Tuexenia.pdf,,Konrad Adler,Konrad Adler,Wald,Wirtschaftswälder,,Deutschland,"Brandenburg, Sachsen-Anhalt",Abschnitt des Elbtals zwischen dem Durchbruch der Elbe durch den Südlichen Landrücken (Fläming) und dem Unterlauf der Havel,D09,,12108,52557,20,"52,327°–52,808° N, 11,907–12,308° E",,Abundanz,,Frequenz/Deckungsgrade,Zeit,Pflanzen,Pflanzen,Pflanzen,,,,<20,1956,2015,59,2,Vegetationsaufnahme,Beobachtung,negative,auf Basis der Frequenz- und Deckungsgraddaten insgesamt 55 Verlierer- und nur 22 Gewinnerarten,hoch,Tab. 1: Gewinner- und Verliererarten in 138 Aufnahmeflächen in Wäldern des Elbe-Havelwinkels nach Frequenz  und Deckung zwischen 1960 und 2015.,Andere direkte Treiber,Andere direkte Treiber,,,,"Eutrophierung, sinkende Grundwasserspiegel und Waldbaumaßnahmen",,,,,,,Literatur,D,Farn- und Blütenpflanzen,
304,Günther2021,non_Sys,"Günther, K. et al.",2021,Vegetation change in the forests between the Elbe and Havel rivers (NE Germany) from 1960 to 2015,Tuexenia 41: 53–85,10.14471/2021.41.005,Günther_2021_Tuexenia.pdf,,Konrad Adler,Konrad Adler,Wald,Wirtschaftswälder,,Deutschland,"Brandenburg, Sachsen-Anhalt",Abschnitt des Elbtals zwischen dem Durchbruch der Elbe durch den Südlichen Landrücken (Fläming) und dem Unterlauf der Havel,D09,,12108,52557,20,"52,327°–52,808° N, 11,907–12,308° E",,Artenzahl,,mittlere Artenzahl je Plot,Zeit,Pflanzen,Pflanzen,Pflanzen,,,,Antwortvariable,1956,2015,59,2,Vegetationsaufnahme,Beobachtung,negative,Im Gesamtdatensatz ist ein deutlicher Rückgang der Gesamtartenzahlen zu erkennen,gering,"Abb. 6. Veränderung der N1-Diversität (Artenzahl) zwischen 1960 und 2015, Tab.2: Zusammenfassung der Ergebnisse der statistischen Analysen zur Veränderung von N1-Diversität, genaue Artenzahlen befinden sich im Fließtext",Andere direkte Treiber,Andere direkte Treiber,,,,"Eutrophierung, sinkende Grundwasserspiegel und Waldbaumaßnahmen",,,,,,,Literatur,D,Farn- und Blütenpflanzen,
305,Günther2021,non_Sys,"Günther, K. et al.",2021,Vegetation change in the forests between the Elbe and Havel rivers (NE Germany) from 1960 to 2015,Tuexenia 41: 53–85,10.14471/2021.41.005,Günther_2021_Tuexenia.pdf,,Konrad Adler,Konrad Adler,Wald,Wirtschaftswälder,,Deutschland,"Brandenburg, Sachsen-Anhalt",Abschnitt des Elbtals zwischen dem Durchbruch der Elbe durch den Südlichen Landrücken (Fläming) und dem Unterlauf der Havel,D09,,12108,52557,20,"52,327°–52,808° N, 11,907–12,308° E",,Abundanz,,Frequenz/Deckungsgrade,Zeit,Pilze_Flechten,Flechten,Flechten,,,,<20,1956,2015,59,2,Vegetationsaufnahme,Beobachtung,negative,auf Basis der Frequenz- und Deckungsgraddaten insgesamt 55 Verlierer- und nur 22 Gewinnerarten,hoch,Tab. 1: Gewinner- und Verliererarten in 138 Aufnahmeflächen in Wäldern des Elbe-Havelwinkels nach Frequenz  und Deckung zwischen 1960 und 2015.,Andere direkte Treiber,Andere direkte Treiber,,,,"Eutrophierung, sinkende Grundwasserspiegel und Waldbaumaßnahmen",,,,,,,Literatur,D,Flechten und flechtenbewohnende Pilze,
306,Günther2021,non_Sys,"Günther, K. et al.",2021,Vegetation change in the forests between the Elbe and Havel rivers (NE Germany) from 1960 to 2015,Tuexenia 41: 53–85,10.14471/2021.41.005,Günther_2021_Tuexenia.pdf,,Konrad Adler,Konrad Adler,Wald,Wirtschaftswälder,,Deutschland,"Brandenburg, Sachsen-Anhalt",Abschnitt des Elbtals zwischen dem Durchbruch der Elbe durch den Südlichen Landrücken (Fläming) und dem Unterlauf der Havel,D09,,12108,52557,20,"52,327°–52,808° N, 11,907–12,308° E",,Artenzahl,,mittlere Artenzahl je Plot,Zeit,Pilze_Flechten,Flechten,Flechten,,,,Antwortvariable,1956,2015,59,2,Vegetationsaufnahme,Beobachtung,negative,Im Gesamtdatensatz ist ein deutlicher Rückgang der Gesamtartenzahlen zu erkennen,gering,"Abb. 6. Veränderung der N1-Diversität (Artenzahl) zwischen 1960 und 2015, Tab.2: Zusammenfassung der Ergebnisse der statistischen Analysen zur Veränderung von N1-Diversität, genaue Artenzahlen befinden sich im Fließtext",Andere direkte Treiber,Andere direkte Treiber,,,,"Eutrophierung, sinkende Grundwasserspiegel und Waldbaumaßnahmen",,,,,,,Literatur,D,Flechten und flechtenbewohnende Pilze,
307,Günther2021,non_Sys,"Günther, K. et al.",2021,Vegetation change in the forests between the Elbe and Havel rivers (NE Germany) from 1960 to 2015,Tuexenia 41: 53–85,10.14471/2021.41.005,Günther_2021_Tuexenia.pdf,,Konrad Adler,Konrad Adler,Wald,Wirtschaftswälder,,Deutschland,"Brandenburg, Sachsen-Anhalt",Abschnitt des Elbtals zwischen dem Durchbruch der Elbe durch den Südlichen Landrücken (Fläming) und dem Unterlauf der Havel,D09,,12108,52557,20,"52,327°–52,808° N, 11,907–12,308° E",,Artenzahl,,mittlere Artenzahl je Plot,Zeit,Pflanzen,Pflanzen,Pflanzen,Bäume/Baumschicht,,,Antwortvariable,1956,2015,59,2,Vegetationsaufnahme,Beobachtung,no,in der Baumschicht war keine Abnahme zu verzeichnen,gering,"Abb. 6. Veränderung der N1-Diversität (Artenzahl) zwischen 1960 und 2015, Tab.2: Zusammenfassung der Ergebnisse der statistischen Analysen zur Veränderung von N1-Diversität, genaue Artenzahlen befinden sich im Fließtext",Andere direkte Treiber,Andere direkte Treiber,,,,"Eutrophierung, sinkende Grundwasserspiegel und Waldbaumaßnahmen",,,,,,,Literatur,D,Farn- und Blütenpflanzen,
308,Günther2021,non_Sys,"Günther, K. et al.",2021,Vegetation change in the forests between the Elbe and Havel rivers (NE Germany) from 1960 to 2015,Tuexenia 41: 53–85,10.14471/2021.41.005,Günther_2021_Tuexenia.pdf,,Konrad Adler,Konrad Adler,Wald,Wirtschaftswälder,,Deutschland,"Brandenburg, Sachsen-Anhalt",Abschnitt des Elbtals zwischen dem Durchbruch der Elbe durch den Südlichen Landrücken (Fläming) und dem Unterlauf der Havel,D09,,12108,52557,20,"52,327°–52,808° N, 11,907–12,308° E",,Artenzahl,,mittlere Artenzahl je Plot,Zeit,Pflanzen,Pflanzen,Pflanzen,Sträucher/Strauchschicht,,,Antwortvariable,1956,2015,59,2,Vegetationsaufnahme,Beobachtung,negative,In der Strauchschicht ist die N1-Diversität  signifikant zurückgegangen,gering,"Abb. 6. Veränderung der N1-Diversität (Artenzahl) zwischen 1960 und 2015, Tab.2: Zusammenfassung der Ergebnisse der statistischen Analysen zur Veränderung von N1-Diversität, genaue Artenzahlen befinden sich im Fließtext",Andere direkte Treiber,Andere direkte Treiber,,,,"Eutrophierung, sinkende Grundwasserspiegel und Waldbaumaßnahmen",,,,,,,Literatur,D,Farn- und Blütenpflanzen,
309,Günther2021,non_Sys,"Günther, K. et al.",2021,Vegetation change in the forests between the Elbe and Havel rivers (NE Germany) from 1960 to 2015,Tuexenia 41: 53–85,10.14471/2021.41.005,Günther_2021_Tuexenia.pdf,,Konrad Adler,Konrad Adler,Wald,Wirtschaftswälder,,Deutschland,"Brandenburg, Sachsen-Anhalt",Abschnitt des Elbtals zwischen dem Durchbruch der Elbe durch den Südlichen Landrücken (Fläming) und dem Unterlauf der Havel,D09,,12108,52557,20,"52,327°–52,808° N, 11,907–12,308° E",,Artenzahl,,mittlere Artenzahl je Plot,Zeit,Pflanzen,Pflanzen,Pflanzen,Kräuter/Krautschicht,,,Antwortvariable,1956,2015,59,2,Vegetationsaufnahme,Beobachtung,negative,Am deutlichsten hat die mittlere Artenzahl in der Krautschicht abgenommen,gering,"Abb. 6. Veränderung der N1-Diversität (Artenzahl) zwischen 1960 und 2015, Tab.2: Zusammenfassung der Ergebnisse der statistischen Analysen zur Veränderung von N1-Diversität, genaue Artenzahlen befinden sich im Fließtext",Andere direkte Treiber,Andere direkte Treiber,,,,"Eutrophierung, sinkende Grundwasserspiegel und Waldbaumaßnahmen",,,,,,,Literatur,D,Farn- und Blütenpflanzen,
310,Günther2021,non_Sys,"Günther, K. et al.",2021,Vegetation change in the forests between the Elbe and Havel rivers (NE Germany) from 1960 to 2015,Tuexenia 41: 53–85,10.14471/2021.41.005,Günther_2021_Tuexenia.pdf,,Konrad Adler,Konrad Adler,Wald,Wirtschaftswälder,,Deutschland,"Brandenburg, Sachsen-Anhalt",Abschnitt des Elbtals zwischen dem Durchbruch der Elbe durch den Südlichen Landrücken (Fläming) und dem Unterlauf der Havel,D09,,12108,52557,20,"52,327°–52,808° N, 11,907–12,308° E",,Artenzahl,,mittlere Artenzahl je Plot,Zeit,Pflanzen,Moose,Moose,,,,Antwortvariable,1956,2015,59,2,Vegetationsaufnahme,Beobachtung,negative,In der Moosschicht ist die N1-Diversität ebenfalls signifikant zurückgegangen,gering,"Abb. 6. Veränderung der N1-Diversität (Artenzahl) zwischen 1960 und 2015, Tab.2: Zusammenfassung der Ergebnisse der statistischen Analysen zur Veränderung von N1-Diversität, genaue Artenzahlen befinden sich im Fließtext",Andere direkte Treiber,Andere direkte Treiber,,,,"Eutrophierung, sinkende Grundwasserspiegel und Waldbaumaßnahmen",,,,,,,Literatur,D,Moose,
311,Günther2021,non_Sys,"Günther, K. et al.",2021,Vegetation change in the forests between the Elbe and Havel rivers (NE Germany) from 1960 to 2015,Tuexenia 41: 53–85,10.14471/2021.41.005,Günther_2021_Tuexenia.pdf,,Konrad Adler,Konrad Adler,Wald,Wirtschaftswälder,,Deutschland,"Brandenburg, Sachsen-Anhalt",Abschnitt des Elbtals zwischen dem Durchbruch der Elbe durch den Südlichen Landrücken (Fläming) und dem Unterlauf der Havel,D09,,12108,52557,20,"52,327°–52,808° N, 11,907–12,308° E",,Artenzahl,,mittlere Artenzahl je Plot,Zeit,Pilze_Flechten,Flechten,Flechten,,,,Antwortvariable,1956,2015,59,2,Vegetationsaufnahme,Beobachtung,negative,In der Moosschicht ist die N1-Diversität ebenfalls signifikant zurückgegangen,gering,"Abb. 6. Veränderung der N1-Diversität (Artenzahl) zwischen 1960 und 2015, Tab.2: Zusammenfassung der Ergebnisse der statistischen Analysen zur Veränderung von N1-Diversität, genaue Artenzahlen befinden sich im Fließtext",Andere direkte Treiber,Andere direkte Treiber,,,,"Eutrophierung, sinkende Grundwasserspiegel und Waldbaumaßnahmen",,,,,,,Literatur,D,Flechten und flechtenbewohnende Pilze,
312,5DAE2IJ6,Sys,"Strubelt, I. et al.",2019,Vegetation changes in the Hasbruch forest nature reserve (NW Germany) depend on management and habitat type,Forest Ecology and Management 444 (2019) 78–88,10.1016/j.foreco.2019.04.030,Strubelt_2019_ForEcolManag.pdf,,Konrad Adler,Konrad Adler,Wald,Stellario-Carpinetum loniceretosum & stachyetosum stands in one ancient closed forest,Laub(Misch)Wälder und -Forste (Laubbaumanteil über 50 Prozent),Deutschland,Niedersachsen,central part of Hasbruch forest,D30,,8491611111,5306972222,,"53° 04′ 11.0″ N, 8° 29′ 29.8″ E",Böden aus Geschiebelehm und Geschiebemergel mit sandiger Deckschicht,Abundanz,relative Häufigkeit/Frequenz,relative Anzahl Plots in denen die Art vorkommt,"Zeit, Wald(nutzungs)typ",Pflanzen,Pflanzen,Pflanzen,Kräuter/Krautschicht,,,<20,1996,2016,20,2,Vegetationsaufnahme,,negative,"22 Arten mit positivem Trend, 28 mit negativem Trend",hoch,Tab. 3: Herb layer species with pronounced changes in frequency,Veränderte Land-/Meeresnutzung,Veränderte Land-/Meeresnutzung,,,,verschiedene Management types innerhalb des Waldes,Andere,"NSG ""Naturwald"" Hasbruch","unbewirtschaftete Bereiche vs. Bereiche mit ""close-to-nature forest management""",,,,Literatur,D,Farn- und Blütenpflanzen,
313,5DAE2IJ6,Sys,"Strubelt, I. et al.",2019,Vegetation changes in the Hasbruch forest nature reserve (NW Germany) depend on management and habitat type,Forest Ecology and Management 444 (2019) 78–88,10.1016/j.foreco.2019.04.030,Strubelt_2019_ForEcolManag.pdf,,Konrad Adler,Konrad Adler,Wald,Stellario-Carpinetum loniceretosum & stachyetosum stands in one ancient closed forest,Laub(Misch)Wälder und -Forste (Laubbaumanteil über 50 Prozent),Deutschland,Niedersachsen,central part of Hasbruch forest,D30,,8491611111,5306972222,,"53° 04′ 11.0″ N, 8° 29′ 29.8″ E",Böden aus Geschiebelehm und Geschiebemergel mit sandiger Deckschicht,Artenzahl,,,Zeit,Pflanzen,Pflanzen,Pflanzen,Bäume/Baumschicht,,,Antwortvariable,1996,2016,20,2,Vegetationsaufnahme,,positive,,hoch,"Tab.2: Veränderung der Artenvielfalt, SRT = mittlere Artenzahl in der Baumschicht",Veränderte Land-/Meeresnutzung,Veränderte Land-/Meeresnutzung,,,,verschiedene Management types innerhalb des Waldes,Andere,"NSG ""Naturwald"" Hasbruch","unbewirtschaftete Bereiche vs. Bereiche mit ""close-to-nature forest management""",,,,Literatur,D,Farn- und Blütenpflanzen,
314,5DAE2IJ6,Sys,"Strubelt, I. et al.",2019,Vegetation changes in the Hasbruch forest nature reserve (NW Germany) depend on management and habitat type,Forest Ecology and Management 444 (2019) 78–88,10.1016/j.foreco.2019.04.030,Strubelt_2019_ForEcolManag.pdf,,Konrad Adler,Konrad Adler,Wald,Stellario-Carpinetum loniceretosum & stachyetosum stands in one ancient closed forest,Laub(Misch)Wälder und -Forste (Laubbaumanteil über 50 Prozent),Deutschland,Niedersachsen,central part of Hasbruch forest,D30,,8491611111,5306972222,,"53° 04′ 11.0″ N, 8° 29′ 29.8″ E",Böden aus Geschiebelehm und Geschiebemergel mit sandiger Deckschicht,Artenzahl,,,Zeit,Pflanzen,Pflanzen,Pflanzen,Sträucher/Strauchschicht,,,Antwortvariable,1996,2016,20,2,Vegetationsaufnahme,,positive,,hoch,"Tab.2: Veränderung der Artenvielfalt, SRS = mittlere Artenzahl in der Strauchschicht",Veränderte Land-/Meeresnutzung,Veränderte Land-/Meeresnutzung,,,,verschiedene Management types innerhalb des Waldes,Andere,"NSG ""Naturwald"" Hasbruch","unbewirtschaftete Bereiche vs. Bereiche mit ""close-to-nature forest management""",,,,Literatur,D,Farn- und Blütenpflanzen,
315,5DAE2IJ6,Sys,"Strubelt, I. et al.",2019,Vegetation changes in the Hasbruch forest nature reserve (NW Germany) depend on management and habitat type,Forest Ecology and Management 444 (2019) 78–88,10.1016/j.foreco.2019.04.030,Strubelt_2019_ForEcolManag.pdf,,Konrad Adler,Konrad Adler,Wald,Stellario-Carpinetum loniceretosum & stachyetosum stands in one ancient closed forest,Laub(Misch)Wälder und -Forste (Laubbaumanteil über 50 Prozent),Deutschland,Niedersachsen,central part of Hasbruch forest,D30,,8491611111,5306972222,,"53° 04′ 11.0″ N, 8° 29′ 29.8″ E",Böden aus Geschiebelehm und Geschiebemergel mit sandiger Deckschicht,Artenzahl,,,Zeit,Pflanzen,Pflanzen,Pflanzen,Kräuter/Krautschicht,,,Antwortvariable,1996,2016,20,2,Vegetationsaufnahme,,no,,hoch,"Tab.2: Veränderung der Artenvielfalt, SRH = mittlere Artenzahl in der Krautschicht",Veränderte Land-/Meeresnutzung,Veränderte Land-/Meeresnutzung,,,,verschiedene Management types innerhalb des Waldes,Andere,"NSG ""Naturwald"" Hasbruch","unbewirtschaftete Bereiche vs. Bereiche mit ""close-to-nature forest management""",,,,Literatur,D,Farn- und Blütenpflanzen,
316,5DAE2IJ6,Sys,"Strubelt, I. et al.",2019,Vegetation changes in the Hasbruch forest nature reserve (NW Germany) depend on management and habitat type,Forest Ecology and Management 444 (2019) 78–88,10.1016/j.foreco.2019.04.030,Strubelt_2019_ForEcolManag.pdf,,Konrad Adler,Konrad Adler,Wald,Stellario-Carpinetum loniceretosum & stachyetosum stands in one ancient closed forest,Laub(Misch)Wälder und -Forste (Laubbaumanteil über 50 Prozent),Deutschland,Niedersachsen,central part of Hasbruch forest,D30,,8491611111,5306972222,,"53° 04′ 11.0″ N, 8° 29′ 29.8″ E",Böden aus Geschiebelehm und Geschiebemergel mit sandiger Deckschicht,Artenzahl,,,Zeit,Pflanzen,Moose,Moose,Moose und Flechten/Moosschicht,,,Antwortvariable,1996,2016,20,2,Vegetationsaufnahme,,no,,hoch,"Tab.2: Veränderung der Artenvielfalt, SRM = mittlere Artenzahl in der Moosschicht",Veränderte Land-/Meeresnutzung,Veränderte Land-/Meeresnutzung,,,,verschiedene Management types innerhalb des Waldes,Andere,"NSG ""Naturwald"" Hasbruch","unbewirtschaftete Bereiche vs. Bereiche mit ""close-to-nature forest management""",,,,Literatur,D,Moose,
317,24ED3D2P,Sys,"Reinecke, J. et al.",2014,Vegetation change and homogenization of species composition in temperate nutrient deficient Scots pine forests after 45 yr,Journal of Vegetation Science 25 (2014) 113–121,10.1111/jvs.12069,Reinecke_2014_JVegSci.pdf,,Konrad Adler,Konrad Adler,Wald,Kiefernwälder mit unterschiedlicher Bewirtschaftungsintensität,Nadel(Misch)Wälder und -Forste,Deutschland,Brandenburg,zwei große benachbarte Waldgebiete im Unterspreewald,D08,,1395,5209722222,,"52°03′50″–52°07′05″ N, 13°54′00″–13°59′32″ E",,Artenzahl,,absolute Artenzahl/Plot (Alpha-Diversität),"Zeit, Vegetationstyp",Pflanzen,Pflanzen,Pflanzen,Farn- und Blütenpflanzen,,,Antwortvariable,1965,2010,45,2,Vegetationsaufnahme,Beobachtung,positive,"leichte, aber signifikante Zunahme der Alpha-Diversität im gesamten Untersuchungsgebiet (ausgenommen oligotrophe Plots)",hoch,"Fig.2: enthält Alpha-Diversität (absolute Artenzahl) für beide Studienjahre und alle 3 Vegetationstypen (oligotroph, mesotroph, eutroph)",Verschmutzung,Verschmutzung,,,,Eutrophierung,,,,,"Angabe zum Boden: Oligotrophic gley-podzols and gley-brown soils prevail on alluvial sand sites, and sand dunes comprise mostly podzols, plots of pine forest vegetation on poor acidic soils",,Literatur,D,Farn- und Blütenpflanzen,
318,24ED3D2P,Sys,"Reinecke, J. et al.",2014,Vegetation change and homogenization of species composition in temperate nutrient deficient Scots pine forests after 45 yr,Journal of Vegetation Science 25 (2014) 113–121,10.1111/jvs.12069,Reinecke_2014_JVegSci.pdf,,Konrad Adler,Konrad Adler,Wald,Kiefernwälder mit unterschiedlicher Bewirtschaftungsintensität,Nadel(Misch)Wälder und -Forste,Deutschland,Brandenburg,zwei große benachbarte Waldgebiete im Unterspreewald,D08,,1395,5209722222,,"52°03′50″–52°07′05″ N, 13°54′00″–13°59′32″ E",,Artenzahl,,absolute Artenzahl/Plot (Alpha-Diversität),"Zeit, Vegetationstyp",Pflanzen,Moose,Moose,,,,Antwortvariable,1965,2010,45,2,Vegetationsaufnahme,Beobachtung,positive,"leichte, aber signifikante Zunahme der Alpha-Diversität im gesamten Untersuchungsgebiet (ausgenommen oligotrophe Plots)",hoch,"Fig.2: enthält Alpha-Diversität (absolute Artenzahl) für beide Studienjahre und alle 3 Vegetationstypen (oligotroph, mesotroph, eutroph)",Verschmutzung,Verschmutzung,,,,Eutrophierung,,,,,"Angabe zum Boden: Oligotrophic gley-podzols and gley-brown soils prevail on alluvial sand sites, and sand dunes comprise mostly podzols, plots of pine forest vegetation on poor acidic soils",,Literatur,D,Moose,
319,24ED3D2P,Sys,"Reinecke, J. et al.",2014,Vegetation change and homogenization of species composition in temperate nutrient deficient Scots pine forests after 45 yr,Journal of Vegetation Science 25 (2014) 113–121,10.1111/jvs.12069,Reinecke_2014_JVegSci.pdf,,Konrad Adler,Konrad Adler,Wald,Kiefernwälder mit unterschiedlicher Bewirtschaftungsintensität,Nadel(Misch)Wälder und -Forste,Deutschland,Brandenburg,zwei große benachbarte Waldgebiete im Unterspreewald,D08,,1395,5209722222,,"52°03′50″–52°07′05″ N, 13°54′00″–13°59′32″ E",,Artenzahl,,absolute Artenzahl/Plot (Alpha-Diversität),"Zeit, Vegetationstyp",Pilze_Flechten,Flechten,Flechten,,,,Antwortvariable,1965,2010,45,2,Vegetationsaufnahme,Beobachtung,positive,"leichte, aber signifikante Zunahme der Alpha-Diversität im gesamten Untersuchungsgebiet (ausgenommen oligotrophe Plots)",hoch,"Fig.2: enthält Alpha-Diversität (absolute Artenzahl) für beide Studienjahre und alle 3 Vegetationstypen (oligotroph, mesotroph, eutroph)",Verschmutzung,Verschmutzung,,,,Eutrophierung,,,,,"Angabe zum Boden: Oligotrophic gley-podzols and gley-brown soils prevail on alluvial sand sites, and sand dunes comprise mostly podzols, plots of pine forest vegetation on poor acidic soils",,Literatur,D,Flechten und flechtenbewohnende Pilze,
320,24ED3D2P,Sys,"Reinecke, J. et al.",2014,Vegetation change and homogenization of species composition in temperate nutrient deficient Scots pine forests after 45 yr,Journal of Vegetation Science 25 (2014) 113–121,10.1111/jvs.12069,Reinecke_2014_JVegSci.pdf,,Konrad Adler,Konrad Adler,Wald,Kiefernwälder mit unterschiedlicher Bewirtschaftungsintensität,Nadel(Misch)Wälder und -Forste,Deutschland,Brandenburg,zwei große benachbarte Waldgebiete im Unterspreewald,D08,,1395,5209722222,,"52°03′50″–52°07′05″ N, 13°54′00″–13°59′32″ E",,Artenzahl,,Artenzahl Gefäßpflanzen/Plot,"Zeit, Vegetationstyp",Pflanzen,Pflanzen,Pflanzen,Gefäßpflanzen,,,Antwortvariable,1965,2010,45,2,Vegetationsaufnahme,Beobachtung,positive,Zunahme der Gefäßpflanzenarten in allen 3 Vegetationstypen,hoch,"Fig.2: enthält Anzahl der Gefäßpflanzenarten (SpecVP) für beide Studienjahre und alle 3 Vegetationstypen (oligotroph, mesotroph, eutroph)",Verschmutzung,Verschmutzung,,,,Eutrophierung,,,,,,,Literatur,D,Farn- und Blütenpflanzen,
321,24ED3D2P,Sys,"Reinecke, J. et al.",2014,Vegetation change and homogenization of species composition in temperate nutrient deficient Scots pine forests after 45 yr,Journal of Vegetation Science 25 (2014) 113–121,10.1111/jvs.12069,Reinecke_2014_JVegSci.pdf,,Konrad Adler,Konrad Adler,Wald,Kiefernwälder mit unterschiedlicher Bewirtschaftungsintensität,Nadel(Misch)Wälder und -Forste,Deutschland,Brandenburg,zwei große benachbarte Waldgebiete im Unterspreewald,D08,,1395,5209722222,,"52°03′50″–52°07′05″ N, 13°54′00″–13°59′32″ E",,Artenzahl,,Artenzahl Gefäßpflanzen/Plot,"Zeit, Vegetationstyp",Pflanzen,Moose,Moose,,,,Antwortvariable,1965,2010,45,2,Vegetationsaufnahme,Beobachtung,positive,Zunahme der Moosarten in allen 3 Vegetationstypen,hoch,"Fig.2: enthält Anzahl der Moosarten (SpecBry) für beide Studienjahre und alle 3 Vegetationstypen (oligotroph, mesotroph, eutroph)",Verschmutzung,Verschmutzung,,,,Eutrophierung,,,,,,,Literatur,D,Moose,
322,24ED3D2P,Sys,"Reinecke, J. et al.",2014,Vegetation change and homogenization of species composition in temperate nutrient deficient Scots pine forests after 45 yr,Journal of Vegetation Science 25 (2014) 113–121,10.1111/jvs.12069,Reinecke_2014_JVegSci.pdf,,Konrad Adler,Konrad Adler,Wald,Kiefernwälder mit unterschiedlicher Bewirtschaftungsintensität,Nadel(Misch)Wälder und -Forste,Deutschland,Brandenburg,zwei große benachbarte Waldgebiete im Unterspreewald,D08,,1395,5209722222,,"52°03′50″–52°07′05″ N, 13°54′00″–13°59′32″ E",,Artenzahl,,Artenzahl Gefäßpflanzen/Plot,"Zeit, Vegetationstyp",Pilze_Flechten,Flechten,Flechten,,,,Antwortvariable,1965,2010,45,2,Vegetationsaufnahme,Beobachtung,negative,"Abnahme der Flechtenarten in den Vegetationstypen (ausgenommen: eutrophische Plots, dort kein Trend)",hoch,"Fig.2: enthält Anzahl der Moosarten (SpecBry) für beide Studienjahre und alle 3 Vegetationstypen (oligotroph, mesotroph, eutroph)",Verschmutzung,Verschmutzung,,,,Eutrophierung,,,,,,,Literatur,D,Flechten und flechtenbewohnende Pilze,
323,24ED3D2P,Sys,"Reinecke, J. et al.",2014,Vegetation change and homogenization of species composition in temperate nutrient deficient Scots pine forests after 45 yr,Journal of Vegetation Science 25 (2014) 113–121,10.1111/jvs.12069,Reinecke_2014_JVegSci.pdf,,Konrad Adler,Konrad Adler,Wald,Kiefernwälder mit unterschiedlicher Bewirtschaftungsintensität,Nadel(Misch)Wälder und -Forste,Deutschland,Brandenburg,zwei große benachbarte Waldgebiete im Unterspreewald,D08,,1395,5209722222,,"52°03′50″–52°07′05″ N, 13°54′00″–13°59′32″ E",,ENS,Beta-Diversität,Morisita–Horn index (floristische Besonderheit eines Plots im Vergleich zu allen anderen Plots im selben Jahr/selber Veg.typ),"Zeit, Vegetationstyp",Pilze_Flechten,Flechten,Flechten,,,,Antwortvariable,1965,2010,45,2,Vegetationsaufnahme,Beobachtung,negative,Abnahme der Beta-Diversität in allen 3 Vegetationstypen,hoch,"Fig.2: enthält Beta-Diversität für beide Studienjahre und alle 3 Vegetationstypen (oligotroph, mesotroph, eutroph)",Verschmutzung,Verschmutzung,,,,Eutrophierung,,,,,,,Literatur,D,Flechten und flechtenbewohnende Pilze,
324,Heinrichs2014,non_Sys,"Heinrichs, S. et al.",2014,50 years of constancy and dynamics of calcareous beech forests on dry slopes (Carici-Fagetum) - A comparison of old and recent vegetation releves from the Göttingen forest,Tuexenia 34: 9–38,10.14471/2014.34.008,Heinrichs_2014_Tuexenia.pdf,,Konrad Adler,Konrad Adler,Wald,Carici-Fagetum,Laub(Misch)Wälder und -Forste (Laubbaumanteil über 50 Prozent),Deutschland,Niedersachsen,"Göttinger Wald, ein niedriger Mittelgebirgszug östlich von Göttingen",D36,,9983333333,5155,,"N 51°30‘–36‘, E 9°56‘–10°03‘",,Artenzahl,,Gesamtartenzahl,"Zeit, Waldgesellschaftstypen",Pflanzen,Pflanzen,Pflanzen,,,,Antwortvariable,1955,2012,57,2,Vegetationsaufnahme,Beobachtung,negative,leichte Abnahme der Gesamtartenzahl in Carici-Fagetum,hoch,Tab.4: enthält Gesamtartenzahl für 1955/60 und 2011/12 in den 4 Subassoziationen sowie im Carici-Fagetum insgesamt,"Veränderte Land-/Meeresnutzung, Klimawandel",Veränderte Land-/Meeresnutzung,Klimawandel,,,"Einstellung der forstlichen Nutzung, z. T. bedingt durch Naturschutzmaßnahmen, Reduktion des Schalenwildverbisses und atmosphärischer Nährstoffeintrag",,,,,"Angaben zum Boden: Ausgangsmaterial für die Bodenbildung unter dem Carici-Fagetum ist der Untere Muschelkalk, aus dem sich an den steilen Hängen und Abbruchkanten meist skelettreiche, flachgründige Rendzinen entwickelt haben. Der Seggen-Hangbuchenwald kom",,Literatur,D,Farn- und Blütenpflanzen,
325,Heinrichs2014,non_Sys,"Heinrichs, S. et al.",2014,50 years of constancy and dynamics of calcareous beech forests on dry slopes (Carici-Fagetum) - A comparison of old and recent vegetation releves from the Göttingen forest,Tuexenia 34: 9–38,10.14471/2014.34.008,Heinrichs_2014_Tuexenia.pdf,,Konrad Adler,Konrad Adler,Wald,Carici-Fagetum,Laub(Misch)Wälder und -Forste (Laubbaumanteil über 50 Prozent),Deutschland,Niedersachsen,"Göttinger Wald, ein niedriger Mittelgebirgszug östlich von Göttingen",D36,,9983333333,5155,,"N 51°30‘–36‘, E 9°56‘–10°03‘",,Artenzahl,,Anzahl der Rote-Liste-Arten (Gefäßpflanzen),"Zeit, Waldgesellschaftstypen",Pflanzen,Pflanzen,Pflanzen,,,,Antwortvariable,1955,2012,57,2,Vegetationsaufnahme,Beobachtung,negative,starker Rückgang der Rote-Liste-Arten in Carici-Fagetum und jeweils in den 4 Subassoziationen,hoch,Tab.4: enthält Anzahl der Rote-Liste-Arten der Gefäßpflanzen für 1955/60 und 2011/12 in den 4 Subassoziationen sowie im Carici-Fagetum insgesamt,"Veränderte Land-/Meeresnutzung, Klimawandel",Veränderte Land-/Meeresnutzung,Klimawandel,,,"Einstellung der forstlichen Nutzung, z. T. bedingt durch Naturschutzmaßnahmen, Reduktion des Schalenwildverbisses und atmosphärischer Nährstoffeintrag",,,,,,,Literatur,D,Farn- und Blütenpflanzen,
326,Heinrichs2014,non_Sys,"Heinrichs, S. et al.",2014,50 years of constancy and dynamics of calcareous beech forests on dry slopes (Carici-Fagetum) - A comparison of old and recent vegetation releves from the Göttingen forest,Tuexenia 34: 9–38,10.14471/2014.34.008,Heinrichs_2014_Tuexenia.pdf,,Konrad Adler,Konrad Adler,Wald,Carici-Fagetum,Laub(Misch)Wälder und -Forste (Laubbaumanteil über 50 Prozent),Deutschland,Niedersachsen,"Göttinger Wald, ein niedriger Mittelgebirgszug östlich von Göttingen",D36,,9983333333,5155,,"N 51°30‘–36‘, E 9°56‘–10°03‘",,Artenzahl,,Anzahl der Rote-Liste-Arten (Moose),"Zeit, Waldgesellschaftstypen",Pflanzen,Moose,Moose,,,,Antwortvariable,1955,2012,57,2,Vegetationsaufnahme,Beobachtung,negative,leichter Rückgang der Rote-Liste-Arten in Carici-Fagetum und jeweils in den 4 Subassoziationen,hoch,Tab.4: enthält Anzahl der Rote-Liste-Arten der Moose für 1955/60 und 2011/12 in den 4 Subassoziationen sowie im Carici-Fagetum insgesamt,"Veränderte Land-/Meeresnutzung, Klimawandel",Veränderte Land-/Meeresnutzung,Klimawandel,,,"Einstellung der forstlichen Nutzung, z. T. bedingt durch Naturschutzmaßnahmen, Reduktion des Schalenwildverbisses und atmosphärischer Nährstoffeintrag",,,,,,,Literatur,D,Moose,
327,Heinrichs2014,non_Sys,"Heinrichs, S. et al.",2014,50 years of constancy and dynamics of calcareous beech forests on dry slopes (Carici-Fagetum) - A comparison of old and recent vegetation releves from the Göttingen forest,Tuexenia 34: 9–38,10.14471/2014.34.008,Heinrichs_2014_Tuexenia.pdf,,Konrad Adler,Konrad Adler,Wald,Carici-Fagetum,Laub(Misch)Wälder und -Forste (Laubbaumanteil über 50 Prozent),Deutschland,Niedersachsen,"Göttinger Wald, ein niedriger Mittelgebirgszug östlich von Göttingen",D36,,9983333333,5155,,"N 51°30‘–36‘, E 9°56‘–10°03‘",,Artenzahl,,Anzahl der neophytischen Arten,"Zeit, Waldgesellschaftstypen",Pflanzen,Pflanzen,Pflanzen,Gefäßpflanzen,,,Antwortvariable,1955,2012,57,2,Vegetationsaufnahme,Beobachtung,positive,Anstieg der neophytischen Arten in Carici-Fagetum und jeweils in den 4 Subassoziationen,hoch,Tab.4: enthält Anzahl der neophytischen Gefäßpflanzenarten für 1955/60 und 2011/12 in den 4 Subassoziationen sowie im Carici-Fagetum insgesamt,"Veränderte Land-/Meeresnutzung, Klimawandel",Veränderte Land-/Meeresnutzung,Klimawandel,,,"Einstellung der forstlichen Nutzung, z. T. bedingt durch Naturschutzmaßnahmen, Reduktion des Schalenwildverbisses und atmosphärischer Nährstoffeintrag",,,,,,,Literatur,D,Farn- und Blütenpflanzen,
328,Heinrichs2014,non_Sys,"Heinrichs, S. et al.",2014,50 years of constancy and dynamics of calcareous beech forests on dry slopes (Carici-Fagetum) - A comparison of old and recent vegetation releves from the Göttingen forest,Tuexenia 34: 9–38,10.14471/2014.34.008,Heinrichs_2014_Tuexenia.pdf,,Konrad Adler,Konrad Adler,Wald,Carici-Fagetum,Laub(Misch)Wälder und -Forste (Laubbaumanteil über 50 Prozent),Deutschland,Niedersachsen,"Göttinger Wald, ein niedriger Mittelgebirgszug östlich von Göttingen",D36,,9983333333,5155,,"N 51°30‘–36‘, E 9°56‘–10°03‘",,Artenzahl,,Mittlerer prozentualer Anteil von Charakter- und Differentialarten  an der Artenzahl,"Zeit, Waldgesellschaftstypen",Pflanzen,Pflanzen,Pflanzen,Kräuter/Krautschicht,,,Antwortvariable,1955,2012,57,2,Vegetationsaufnahme,Beobachtung,negative,starker Rückgang der Charakter- und Differentialarten des Carici-Fagetum,hoch,"Abb. 4 oben: enthält den mittleren prozentualen Anteil von Charakter- und Differentialarten an der Artenzahl der Krautschichtt (in den vier Subassoziationen & im Carici-Fagetum insgesamt), Aufnahmezeiträume: 1955/60 und 2011/12.","Veränderte Land-/Meeresnutzung, Klimawandel",Veränderte Land-/Meeresnutzung,Klimawandel,,,"Einstellung der forstlichen Nutzung, z. T. bedingt durch Naturschutzmaßnahmen, Reduktion des Schalenwildverbisses und atmosphärischer Nährstoffeintrag",,,,,,,Literatur,D,Farn- und Blütenpflanzen,
329,8CPPFU8C,Sys,"Brabcová, V. et al.",2022,Fungal Community Development in Decomposing Fine Deadwood Is Largely Affected by Microclimate,Front. Microbiol. 13:835274,10.3389/fmicb.2022.835274,Brabcová_2022_FrontMicrobiol.pdf,,Konrad Adler,Konrad Adler,Wald,"Bergmischwald, bestehend aus Rotbuche, Weißtanne und Fichte",Nadel(Misch)Wälder und -Forste,Deutschland,Bayern,Managementzone des Nationalparks Bayerischer Wald,D63,,46094,489,20,"48.9°N, 13.3°E",,Abundanz,,Pilzbiomasse auf zersetzendem Totholz,Zeit,Pilze_Flechten,Pilze,Pilze,,,,1,2012,2017,5,6,"Bohrkernnahme im Feld, Extraktion von Ergosterol im Labor",Experiment,positive,,gering,Fig.1.: Pilzbiomasse in feinem Buchen- und Tannentotholz während der Zersetzung in einem natürlichen Wald der gemäßigten Zonen,,,,,,"biotische Treiber (Totholzspezies, Zustand der Waldkrone) beeinflussen Biomasse und Diversität der Pilze",Nationalpark_Bayerischer Wald,,,,"verfehlt möglicherweise die Ziele des Projekts, erfüllt allerdings alle Kriterien, weitere Diagramme im Paper zeigen zusätzlich Artzusammensetzungen/Diversität",,Literatur,D,Pilze,
330,Meyer2021b,Sys,"Meyer, P. et al.",2021,Long-term development of species richness in a central European beech (Fagus sylvatica) forest affected by windthrow-Support for the intermediate disturbance hypothesis?,"Ecology and Evolution. 2021,11:12801–12815.",10.1002/ece3.8028,Meyer_2021_EcolEvol.pdf,,Konrad Adler,Konrad Adler,Wald,Windwurfflächen in Buchenwald,Laub(Misch)Wälder und -Forste (Laubbaumanteil über 50 Prozent),Deutschland,Hessen,"unbewirtschafteter Windwurfbereich des Naturwaldreservates ""Weiherskopf"" in Südhessen",D47,,9446339487,5037238727,10,,,Abundanz,,"Anzahl Jungpflanzen (Setzlinge, kleine Bäume + Sträucher <7cm dbh)",Zeit,Pflanzen,Pflanzen,Pflanzen,,,"Acer pseudoplatanus, Fagus sylvatica, Fraxinus excelsior, Acer platanoides, Prunus avium",5,1990,2013,23,9,Individuen zählen,Beobachtung,positive to negative,"nach Windwurf Anstieg der Verjüngung (Individuenzahlen), ab 1994 wieder Abnahme der Jungpflanzenzahl",hoch,"Fig.2: Entwicklung der Naturverjüngung des Waldbestandes nach Windwurf, enthält Individuenzahlen der Jungpflanzen von 5 Spezies und 2 Gruppen über den Beobachtungszeitraum von 1990 bis 2013",Andere direkte Treiber,Andere direkte Treiber,,,,"Stürme im Jahr 1990 resultieren in einem Sturmholzgebiet, keine Beforstung des Gebietes seit 1989",Andere,Naturwaldreservat Weiherskopf,,,Angabe zum Boden: area of basalt bedrock overlain with loess,,Literatur,D,Farn- und Blütenpflanzen,
331,Meyer2021b,Sys,"Meyer, P. et al.",2021,Long-term development of species richness in a central European beech (Fagus sylvatica) forest affected by windthrow-Support for the intermediate disturbance hypothesis?,"Ecology and Evolution. 2021,11:12801–12815.",10.1002/ece3.8028,Meyer_2021_EcolEvol.pdf,,Konrad Adler,Konrad Adler,Wald,Windwurfflächen in Buchenwald,Laub(Misch)Wälder und -Forste (Laubbaumanteil über 50 Prozent),Deutschland,Hessen,"unbewirtschafteter Windwurfbereich des Naturwaldreservates ""Weiherskopf"" in Südhessen",D47,,9446339487,5037238727,10,,,Artenzahl,,mittlere Artenzahl je Plot (Alpha-Diversität),Zeit,Wirbellose,Arthropoden,Arthropoden,holzbewohnenden (= xylobionten) Käfer,,,Antwortvariable,1991,2000,9,9,Tree trunk eclectors,Beobachtung,positive to negative,"""hump-back Muster"" beschrieben durch die ""intermediated disturbance hypothesis""",hoch,Fig.3a: Entwicklung der Alpha-Diversität (mittlere Anzahl Arten pro Plot) von xylobionten Käfern seit 1991,Andere direkte Treiber,Andere direkte Treiber,,,,"Stürme im Jahr 1990 resultieren in einem Windwurfgebiet, keine Beforstung des Gebietes seit 1989",Andere,Naturwaldreservat Weiherskopf,,,Angabe zum Boden: area of basalt bedrock overlain with loess,,Literatur,D,Käfer,
332,Meyer2021b,Sys,"Meyer, P. et al.",2021,Long-term development of species richness in a central European beech (Fagus sylvatica) forest affected by windthrow-Support for the intermediate disturbance hypothesis?,"Ecology and Evolution. 2021,11:12801–12815.",10.1002/ece3.8028,Meyer_2021_EcolEvol.pdf,,Konrad Adler,Konrad Adler,Wald,Windwurfflächen in Buchenwald,Laub(Misch)Wälder und -Forste (Laubbaumanteil über 50 Prozent),Deutschland,Hessen,"unbewirtschafteter Windwurfbereich des Naturwaldreservates ""Weiherskopf"" in Südhessen",D47,,9446339487,5037238727,10,,,Artenzahl,,mittlere Artenzahl je Plot (Alpha-Diversität),Zeit,Pilze_Flechten,Pilze,Pilze,holzzerstörende Pilze (der Buche),,,Antwortvariable,1991,2008,17,16,"Erfassung aller holzzerstörenden Pilzarten (Fruchtkörper) an stehenden, aber gebrochenen Stämmen, Stümpfen, umgefallenen Stämmen, Ästen und holzigen Abfällen der Buche",Beobachtung,positive to negative,"""hump-back Muster"" beschrieben durch die ""intermediated disturbance hypothesis""",hoch,Fig.3b: Entwicklung der Alpha-Diversität (mittlere Anzahl Arten pro Plot) von holzzerstörenden Pilzen seit 1991,Andere direkte Treiber,Andere direkte Treiber,,,,"Stürme im Jahr 1990 resultieren in einem Windwurfgebiet, keine Beforstung des Gebietes seit 1989",Andere,Naturwaldreservat Weiherskopf,,,Angabe zum Boden: area of basalt bedrock overlain with loess,,Literatur,D,Pilze,
333,Meyer2021b,Sys,"Meyer, P. et al.",2021,Long-term development of species richness in a central European beech (Fagus sylvatica) forest affected by windthrow-Support for the intermediate disturbance hypothesis?,"Ecology and Evolution. 2021,11:12801–12815.",10.1002/ece3.8028,Meyer_2021_EcolEvol.pdf,,Konrad Adler,Konrad Adler,Wald,Windwurfflächen in Buchenwald,Laub(Misch)Wälder und -Forste (Laubbaumanteil über 50 Prozent),Deutschland,Hessen,"unbewirtschafteter Windwurfbereich des Naturwaldreservates ""Weiherskopf"" in Südhessen",D47,,9446339487,5037238727,10,,,Artenzahl,,mittlere Artenzahl je Plot (Alpha-Diversität),Zeit,Pflanzen,Pflanzen,Pflanzen,Kräuter/Krautschicht,,,Antwortvariable,1990,2013,23,9,Vegetationsaufnahme der Bodenvegetation,Beobachtung,positive to negative,"""hump-back Muster"" beschrieben durch die ""intermediated disturbance hypothesis""",hoch,Fig.3c: Entwicklung der Alpha-Diversität (mittlere Anzahl Arten pro Plot) von Kräutern (Bodenvegetation) seit 1990,Andere direkte Treiber,Andere direkte Treiber,,,,"Stürme im Jahr 1990 resultieren in einem Windwurfgebiet, keine Beforstung des Gebietes seit 1989",Andere,Naturwaldreservat Weiherskopf,,,Angabe zum Boden: area of basalt bedrock overlain with loess,,Literatur,D,Farn- und Blütenpflanzen,
335,Meyer2021b,Sys,"Meyer, P. et al.",2021,Long-term development of species richness in a central European beech (Fagus sylvatica) forest affected by windthrow-Support for the intermediate disturbance hypothesis?,"Ecology and Evolution. 2021,11:12801–12815.",10.1002/ece3.8028,Meyer_2021_EcolEvol.pdf,,Konrad Adler,Konrad Adler,Wald,Windwurfflächen in Buchenwald,Laub(Misch)Wälder und -Forste (Laubbaumanteil über 50 Prozent),Deutschland,Hessen,"unbewirtschafteter Windwurfbereich des Naturwaldreservates ""Weiherskopf"" in Südhessen",D47,,9446339487,5037238727,10,,,Abundanz,,"Beta-Diversität (Arten, die in Jahr x für einen Plot a im paarweisen Vergleich mit Plot b einzigartig sind)",Zeit,Wirbellose,Arthropoden,Arthropoden,holzbewohnenden (= xylobionten) Käfer,,,Antwortvariable,1991,2000,9,9,Tree trunk eclectors,Beobachtung,no,keine nennenswerten Trends der Beta-Diversität,hoch,Fig.3a: Entwicklung der Beta-Diversität (einzigartige Arten pro Plot im paarweisen Vergleich) von xylobionten Käfern seit 1991,Andere direkte Treiber,Andere direkte Treiber,,,,"Stürme im Jahr 1990 resultieren in einem Windwurfgebiet, keine Beforstung des Gebietes seit 1989",Andere,Naturwaldreservat Weiherskopf,,,Angabe zum Boden: area of basalt bedrock overlain with loess,,Literatur,D,Käfer,corrected
336,Meyer2021b,Sys,"Meyer, P. et al.",2021,Long-term development of species richness in a central European beech (Fagus sylvatica) forest affected by windthrow-Support for the intermediate disturbance hypothesis?,"Ecology and Evolution. 2021,11:12801–12815.",10.1002/ece3.8028,Meyer_2021_EcolEvol.pdf,,Konrad Adler,Konrad Adler,Wald,Windwurfflächen in Buchenwald,Laub(Misch)Wälder und -Forste (Laubbaumanteil über 50 Prozent),Deutschland,Hessen,"unbewirtschafteter Windwurfbereich des Naturwaldreservates ""Weiherskopf"" in Südhessen",D47,,9446339487,5037238727,10,,,Abundanz,,"Beta-Diversität (Arten, die in Jahr x für einen Plot a im paarweisen Vergleich mit Plot b einzigartig sind)",Zeit,Pilze_Flechten,Pilze,Pilze,holzzerstörende Pilze (der Buche),,,Antwortvariable,1991,2008,17,16,"Erfassung aller holzzerstörenden Pilzarten (Fruchtkörper) an stehenden, aber gebrochenen Stämmen, Stümpfen, umgefallenen Stämmen, Ästen und holzigen Abfällen der Buche",Beobachtung,no,keine nennenswerten Trends der Beta-Diversität,hoch,Fig.3b: Entwicklung der Beta-Diversität (einzigartige Arten pro Plot im paarweisen Vergleich) von holzzerstörenden Pilzen seit 1991,Andere direkte Treiber,Andere direkte Treiber,,,,"Stürme im Jahr 1990 resultieren in einem Windwurfgebiet, keine Beforstung des Gebietes seit 1989",Andere,Naturwaldreservat Weiherskopf,,,Angabe zum Boden: area of basalt bedrock overlain with loess,,Literatur,D,Pilze,corrected
337,Meyer2021b,Sys,"Meyer, P. et al.",2021,Long-term development of species richness in a central European beech (Fagus sylvatica) forest affected by windthrow-Support for the intermediate disturbance hypothesis?,"Ecology and Evolution. 2021,11:12801–12815.",10.1002/ece3.8028,Meyer_2021_EcolEvol.pdf,,Konrad Adler,Konrad Adler,Wald,Windwurfflächen in Buchenwald,Laub(Misch)Wälder und -Forste (Laubbaumanteil über 50 Prozent),Deutschland,Hessen,"unbewirtschafteter Windwurfbereich des Naturwaldreservates ""Weiherskopf"" in Südhessen",D47,,9446339487,5037238727,10,,,Abundanz,,"Beta-Diversität (Arten, die in Jahr x für einen Plot a im paarweisen Vergleich mit Plot b einzigartig sind)",Zeit,Pflanzen,Pflanzen,Pflanzen,Kräuter/Krautschicht,,,Antwortvariable,1990,2013,23,9,Vegetationsaufnahme der Bodenvegetation,Beobachtung,no,keine nennenswerten Trends der Beta-Diversität,hoch,Fig.3c: Entwicklung der Beta-Diversität (einzigartige Arten pro Plot im paarweisen Vergleich) von Kräutern seit 1990,Andere direkte Treiber,Andere direkte Treiber,,,,"Stürme im Jahr 1990 resultieren in einem Windwurfgebiet, keine Beforstung des Gebietes seit 1989",Andere,Naturwaldreservat Weiherskopf,,,Angabe zum Boden: area of basalt bedrock overlain with loess,,Literatur,D,Farn- und Blütenpflanzen,corrected
338,Meyer2021b,Sys,"Meyer, P. et al.",2021,Long-term development of species richness in a central European beech (Fagus sylvatica) forest affected by windthrow-Support for the intermediate disturbance hypothesis?,"Ecology and Evolution. 2021,11:12801–12815.",10.1002/ece3.8028,Meyer_2021_EcolEvol.pdf,,Konrad Adler,Konrad Adler,Wald,Windwurfflächen in Buchenwald,Laub(Misch)Wälder und -Forste (Laubbaumanteil über 50 Prozent),Deutschland,Hessen,"unbewirtschafteter Windwurfbereich des Naturwaldreservates ""Weiherskopf"" in Südhessen",D47,,9446339487,5037238727,10,,,Abundanz,,"Beta-Diversität (Arten, die in Jahr x für einen Plot a im paarweisen Vergleich mit Plot b einzigartig sind)",Zeit,Pflanzen,Pflanzen,Pflanzen,Bäume/Baumschicht,,,Antwortvariable,1990,2013,23,9,Vegetationsaufnahme der  Baumschicht (Bäume und große Sträucher),Beobachtung,no,keine nennenswerten Trends der Beta-Diversität,hoch,Fig.3d: Entwicklung der Beta-Diversität (einzigartige Arten pro Plot im paarweisen Vergleich) der Baumschicht seit 1990,Andere direkte Treiber,Andere direkte Treiber,,,,"Stürme im Jahr 1990 resultieren in einem Windwurfgebiet, keine Beforstung des Gebietes seit 1989",Andere,Naturwaldreservat Weiherskopf,,,Angabe zum Boden: area of basalt bedrock overlain with loess,,Literatur,D,Farn- und Blütenpflanzen,corrected
339,Meyer2021b,Sys,"Meyer, P. et al.",2021,Long-term development of species richness in a central European beech (Fagus sylvatica) forest affected by windthrow-Support for the intermediate disturbance hypothesis?,"Ecology and Evolution. 2021,11:12801–12815.",10.1002/ece3.8028,Meyer_2021_EcolEvol.pdf,,Konrad Adler,Konrad Adler,Wald,Windwurfflächen in Buchenwald,Laub(Misch)Wälder und -Forste (Laubbaumanteil über 50 Prozent),Deutschland,Hessen,"unbewirtschafteter Windwurfbereich des Naturwaldreservates ""Weiherskopf"" in Südhessen",D47,,9446339487,5037238727,10,,,Artenzahl,,Gesamtartenzahl (Gamma-Diversität),Zeit,Wirbellose,Arthropoden,Arthropoden,holzbewohnenden (= xylobionten) Käfer,,,Antwortvariable,1991,2000,9,9,Tree trunk eclectors,Beobachtung,positive to negative,"""hump-back Muster"" beschrieben durch die ""intermediated disturbance hypothesis""",hoch,Fig.3a: Entwicklung der Gamma-Diversität (Gesamtartenzahl pro Jahr) von xylobionten Käfern seit 1991,Andere direkte Treiber,Andere direkte Treiber,,,,"Stürme im Jahr 1990 resultieren in einem Windwurfgebiet, keine Beforstung des Gebietes seit 1989",Andere,Naturwaldreservat Weiherskopf,,,Angabe zum Boden: area of basalt bedrock overlain with loess,,Literatur,D,Käfer,
340,Meyer2021b,Sys,"Meyer, P. et al.",2021,Long-term development of species richness in a central European beech (Fagus sylvatica) forest affected by windthrow-Support for the intermediate disturbance hypothesis?,"Ecology and Evolution. 2021,11:12801–12815.",10.1002/ece3.8028,Meyer_2021_EcolEvol.pdf,,Konrad Adler,Konrad Adler,Wald,Windwurfflächen in Buchenwald,Laub(Misch)Wälder und -Forste (Laubbaumanteil über 50 Prozent),Deutschland,Hessen,"unbewirtschafteter Windwurfbereich des Naturwaldreservates ""Weiherskopf"" in Südhessen",D47,,9446339487,5037238727,10,,,Artenzahl,,Gesamtartenzahl (Gamma-Diversität),Zeit,Pilze_Flechten,Pilze,Pilze,holzzerstörende Pilze (der Buche),,,Antwortvariable,1991,2008,17,16,"Erfassung aller holzzerstörenden Pilzarten (Fruchtkörper) an stehenden, aber gebrochenen Stämmen, Stümpfen, umgefallenen Stämmen, Ästen und holzigen Abfällen der Buche",Beobachtung,positive to negative,"""hump-back Muster"" beschrieben durch die ""intermediated disturbance hypothesis""",hoch,Fig.3b: Entwicklung der Gamma-Diversität (Gesamtartenzahl pro Jahr) von holzzerstörenden Pilzen seit 1991,Andere direkte Treiber,Andere direkte Treiber,,,,"Stürme im Jahr 1990 resultieren in einem Windwurfgebiet, keine Beforstung des Gebietes seit 1989",Andere,Naturwaldreservat Weiherskopf,,,Angabe zum Boden: area of basalt bedrock overlain with loess,,Literatur,D,Pilze,
341,Meyer2021b,Sys,"Meyer, P. et al.",2021,Long-term development of species richness in a central European beech (Fagus sylvatica) forest affected by windthrow-Support for the intermediate disturbance hypothesis?,"Ecology and Evolution. 2021,11:12801–12815.",10.1002/ece3.8028,Meyer_2021_EcolEvol.pdf,,Konrad Adler,Konrad Adler,Wald,Windwurfflächen in Buchenwald,Laub(Misch)Wälder und -Forste (Laubbaumanteil über 50 Prozent),Deutschland,Hessen,"unbewirtschafteter Windwurfbereich des Naturwaldreservates ""Weiherskopf"" in Südhessen",D47,,9446339487,5037238727,10,,,Artenzahl,,Gesamtartenzahl (Gamma-Diversität),Zeit,Pflanzen,Pflanzen,Pflanzen,Kräuter/Krautschicht,,,Antwortvariable,1990,2013,23,9,Vegetationsaufnahme der Bodenvegetation,Beobachtung,positive to negative,"""hump-back Muster"" beschrieben durch die ""intermediated disturbance hypothesis""",hoch,Fig.3c: Entwicklung der Gamma-Diversität (Gesamtartenzahl pro Jahr) von Kräutern (Bodenvegetation) seit 1990,Andere direkte Treiber,Andere direkte Treiber,,,,"Stürme im Jahr 1990 resultieren in einem Windwurfgebiet, keine Beforstung des Gebietes seit 1989",Andere,Naturwaldreservat Weiherskopf,,,Angabe zum Boden: area of basalt bedrock overlain with loess,,Literatur,D,Farn- und Blütenpflanzen,
342,Meyer2021b,Sys,"Meyer, P. et al.",2021,Long-term development of species richness in a central European beech (Fagus sylvatica) forest affected by windthrow-Support for the intermediate disturbance hypothesis?,"Ecology and Evolution. 2021,11:12801–12815.",10.1002/ece3.8028,Meyer_2021_EcolEvol.pdf,,Konrad Adler,Konrad Adler,Wald,Windwurfflächen in Buchenwald,Laub(Misch)Wälder und -Forste (Laubbaumanteil über 50 Prozent),Deutschland,Hessen,"unbewirtschafteter Windwurfbereich des Naturwaldreservates ""Weiherskopf"" in Südhessen",D47,,9446339487,5037238727,10,,,Artenzahl,,Gesamtartenzahl (Gamma-Diversität),Zeit,Pflanzen,Pflanzen,Pflanzen,Bäume/Baumschicht,,,Antwortvariable,1990,2013,23,9,Vegetationsaufnahme der Baumschicht (Bäume und große Sträucher),Beobachtung,positive to negative,"""hump-back Muster"" beschrieben durch die ""intermediated disturbance hypothesis""",hoch,Fig.3d: Entwicklung der Gamma-Diversität (Gesamtartenzahl pro Jahr) der Baumschicht seit 1990,Andere direkte Treiber,Andere direkte Treiber,,,,"Stürme im Jahr 1990 resultieren in einem Windwurfgebiet, keine Beforstung des Gebietes seit 1989",Andere,Naturwaldreservat Weiherskopf,,,Angabe zum Boden: area of basalt bedrock overlain with loess,,Literatur,D,Farn- und Blütenpflanzen,
343,ECYMPWYU,Sys,"Roth, N. et al.",2019,Decadal effects of landscape-wide enrichment of dead wood on saproxylic organisms in beech forests of different historic management intensity,"Diversity and Distributions. 2019,25:430–441",10.1111/ddi.12870,Roth_2019_DiversDistrib.pdf,,Konrad Adler,Konrad Adler,Wald,Gemäßigter europäischer Buchenwald,Laub(Misch)Wälder und -Forste (Laubbaumanteil über 50 Prozent),Deutschland,Bayern,Forstrevier Ebrach im Steigerwald,D59,,1048333333,4983333333,,49°N 10°E,,Artenzahl,,Gesamtartenzahl aller Plots einer Kategorie (Gamma-Diversität),Zeit (vor und nach Totholzanreicherung),Wirbellose,Arthropoden,Arthropoden,holzbewohnenden (= xylobionten) Käfer,,,Antwortvariable,2004,2014,10,2,"Sampling mit Flugabfangfallen (""flight interception traps""), manuelles Absuchen des Plots",Beobachtung,no,"Artenrückgang in ehemals moderat genutzten Flächen, kein Trend in ehemals intensiv genutzten Flächen",hoch,Fig. 2a: Gamma-Diversität (Gesamtartenzahl) von Totholzkäfern in den einzelnen Bewirtschaftungskategorien vor (2004) und 10 Jahre nach der Totholzanreicherung (= Managementänderung),Veränderte Land-/Meeresnutzung,Veränderte Land-/Meeresnutzung,,,,"intensiv und mäßig bewirtschaftete Waldbestände bis 2004, danach Änderung zu einem integrativem Naturschutzkonzept inklusive Totholzanreicherung um die Diversität saprophytischer Organismen zu fördern",,,integrative Waldbewirtschaftung mit Totholzanreicherung,,,,Literatur,D,Käfer,
344,ECYMPWYU,Sys,"Roth, N. et al.",2019,Decadal effects of landscape-wide enrichment of dead wood on saproxylic organisms in beech forests of different historic management intensity,"Diversity and Distributions. 2019,25:430–441",10.1111/ddi.12870,Roth_2019_DiversDistrib.pdf,,Konrad Adler,Konrad Adler,Wald,Gemäßigter europäischer Buchenwald,Laub(Misch)Wälder und -Forste (Laubbaumanteil über 50 Prozent),Deutschland,Bayern,Forstrevier Ebrach im Steigerwald,D59,,1048333333,4983333333,,49°N 10°E,,Artenzahl,,Gesamtartenzahl aller Plots einer Kategorie (Gamma-Diversität),Zeit (vor und nach Totholzanreicherung),Pilze_Flechten,Pilze,Pilze,holzzerstörende (saprophytische) Pilze,,,Antwortvariable,2004,2014,10,2,Erfassung und Bestimmung von makroskopischen Fruchtkörpern (Makromyceten) von holzbewohnenden Pilzen auf allen holzigen Objekten,Beobachtung,no,"Artenzunahme in ehemals intensiv genutzten Flächen, kein Trend in ehemals moderat genutzten Flächen",hoch,Fig. 2b: Gamma-Diversität (Gesamtartenzahl) von saprophytischen Pilzen in den einzelnen Bewirtschaftungskategorien vor (2004) und 10 Jahre nach der Totholzanreicherung (= Managementänderung),Veränderte Land-/Meeresnutzung,Veränderte Land-/Meeresnutzung,,,,"intensiv und mäßig bewirtschaftete Waldbestände bis 2004, danach Änderung zu einem integrativem Naturschutzkonzept inklusive Totholzanreicherung um die Diversität saprophytischer Organismen zu fördern",,,integrative Waldbewirtschaftung mit Totholzanreicherung,,,,Literatur,D,Pilze,
345,AGGGJ8RR,Sys,"Schauer, B. et al.",2018,Influence of tree hollow characteristics on saproxylic beetle diversity in a managed forest,Biodivers Conserv (2018) 27:853–869,10.1007/s10531-017-1467-9,Schauer_2018_BiodiversConserv.pdf,,Konrad Adler,Konrad Adler,Wald,Gemäßigter europäischer Buchenwald,Laub(Misch)Wälder und -Forste (Laubbaumanteil über 50 Prozent),Deutschland,Bayern,Forstrevier Ebrach im Steigerwald,D59,,1048333333,4983333333,,"N 49°50′, E 10°29′",,Artenzahl,,relative Artenzahl,Zeit,Wirbellose,Arthropoden,Arthropoden,holzbewohnenden (= xylobionten) Käfer,,,Antwortvariable,2014,2015,1,2,Sampling mittels Emergenzsammelfallen an Baumlöchern der Buche,Beobachtung,positive,höhere Artenzahl und mehr exklusive Arten in 2015,hoch,"Fig. 2a: Conditional response of explanatory variables explaining species richness for a 23 tree hollows sampled both in 2014 and 2015, Fließtext enthält absolute Artenzahlen: 2014: 55 Arten, 28 Familien, 17 exklusive Arten, 2015: 72 Arten, 31 Familien, 3",,,,,,,,,,,,,Literatur,D,Käfer,
346,Fischer2015B,Sys,"Fischer, A. et al.",2015,Small changes in species composition despite stand-replacing bark beetle outbreak in Picea abies mountain forests,Canadian Journal of Forest Research. 45 (9):1164-1171,10.1139/cjfr-2014-0474,Fischer_2015_ CanJForRes.pdf,,Konrad Adler,Konrad Adler,Wald,Fichtenwälder,Nadel(Misch)Wälder und -Forste,Deutschland,Bayern,alter (südlicher) und neuer (nordwestlicher) Teil des Nationalparks Bayerischer Wald,D61,,1141966136,4894757031,150,,,Abundanz,,prozentualer Deckungsgrad,Zeit,Pflanzen,Pflanzen,Pflanzen,Bäume/Baumschicht,,,1,1998,2010,12,2,Vegetationsaufnahme,Beobachtung,negative,alle Individuen gestorben,hoch,Fig.2: prozentualer Deckungsgrad der Baumschicht vor und 12 Jahre nach Störung,Andere direkte Treiber,Andere direkte Treiber,,,,extremer Borkenkäferbefall beginnend ab Mitte der 90er,Nationalpark_Bayerischer Wald,,,,,,Literatur,D,Farn- und Blütenpflanzen,
347,Fischer2015B,Sys,"Fischer, A. et al.",2015,Small changes in species composition despite stand-replacing bark beetle outbreak in Picea abies mountain forests,Canadian Journal of Forest Research. 45 (9):1164-1171,10.1139/cjfr-2014-0474,Fischer_2015_ CanJForRes.pdf,,Konrad Adler,Konrad Adler,Wald,Fichtenwälder,Nadel(Misch)Wälder und -Forste,Deutschland,Bayern,alter (südlicher) und neuer (nordwestlicher) Teil des Nationalparks Bayerischer Wald,D63,,1337945359,4896738942,10,,,Abundanz,,prozentualer Deckungsgrad,Zeit,Pflanzen,Pflanzen,Pflanzen,Sträucher/Strauchschicht,,,1,1998,2010,12,2,Vegetationsaufnahme,Beobachtung,positive,,hoch,Fig.2: prozentualer Deckungsgrad der Strauchschicht vor und 12 Jahre nach Störung,Andere direkte Treiber,Andere direkte Treiber,,,,extremer Borkenkäferbefall beginnend ab Mitte der 90er,Nationalpark_Bayerischer Wald,,,,,,Literatur,D,Farn- und Blütenpflanzen,
348,Fischer2015B,Sys,"Fischer, A. et al.",2015,Small changes in species composition despite stand-replacing bark beetle outbreak in Picea abies mountain forests,Canadian Journal of Forest Research. 45 (9):1164-1171,10.1139/cjfr-2014-0474,Fischer_2015_ CanJForRes.pdf,,Konrad Adler,Konrad Adler,Wald,Fichtenwälder,Nadel(Misch)Wälder und -Forste,Deutschland,Bayern,alter (südlicher) und neuer (nordwestlicher) Teil des Nationalparks Bayerischer Wald,D63,,1337945359,4896738942,10,,,Abundanz,,mittlerer prozentualer Deckungsgrad,Zeit,Pflanzen,Pflanzen,Pflanzen,,,Calamagrostis villosa,1,1998,2010,12,2,Vegetationsaufnahme,Beobachtung,positive,,hoch,Fig. 5. Mittlere prozentuale Deckung der vier am stärksten differenzierenden Gefäßpflanzenarten zwischen Vegetationsaufnahmen von 1998 und 2010,Andere direkte Treiber,Andere direkte Treiber,,,,extremer Borkenkäferbefall beginnend ab Mitte der 90er,Nationalpark_Bayerischer Wald,,,,"Notiz aus Fließtext: For the whole forest complex, the species richness does not change: all of the species that emerged after the disturbance event were present in the area before the disturbance, but with lower frequency and (or) cover.",,Literatur,D,Farn- und Blütenpflanzen,
349,Fischer2015B,Sys,"Fischer, A. et al.",2015,Small changes in species composition despite stand-replacing bark beetle outbreak in Picea abies mountain forests,Canadian Journal of Forest Research. 45 (9):1164-1171,10.1139/cjfr-2014-0474,Fischer_2015_ CanJForRes.pdf,,Konrad Adler,Konrad Adler,Wald,Fichtenwälder,Nadel(Misch)Wälder und -Forste,Deutschland,Bayern,alter (südlicher) und neuer (nordwestlicher) Teil des Nationalparks Bayerischer Wald,D63,,1337945359,4896738942,10,,,Abundanz,,mittlerer prozentualer Deckungsgrad,Zeit,Pflanzen,Pflanzen,Pflanzen,,,Epilobium angustifolium,1,1998,2010,12,2,Vegetationsaufnahme,Beobachtung,positive,,hoch,Fig. 5. Mittlere prozentuale Deckung der vier am stärksten differenzierenden Gefäßpflanzenarten zwischen Vegetationsaufnahmen von 1998 und 2010,Andere direkte Treiber,Andere direkte Treiber,,,,extremer Borkenkäferbefall beginnend ab Mitte der 90er,Nationalpark_Bayerischer Wald,,,,"Notiz aus Fließtext: For the whole forest complex, the species richness does not change: all of the species that emerged after the disturbance event were present in the area before the disturbance, but with lower frequency and (or) cover.",,Literatur,D,Farn- und Blütenpflanzen,
350,Fischer2015B,Sys,"Fischer, A. et al.",2015,Small changes in species composition despite stand-replacing bark beetle outbreak in Picea abies mountain forests,Canadian Journal of Forest Research. 45 (9):1164-1171,10.1139/cjfr-2014-0474,Fischer_2015_ CanJForRes.pdf,,Konrad Adler,Konrad Adler,Wald,Fichtenwälder,Nadel(Misch)Wälder und -Forste,Deutschland,Bayern,alter (südlicher) und neuer (nordwestlicher) Teil des Nationalparks Bayerischer Wald,D63,,1337945359,4896738942,10,,,Abundanz,,mittlerer prozentualer Deckungsgrad,Zeit,Pflanzen,Pflanzen,Pflanzen,,,Galium saxatile,1,1998,2010,12,2,Vegetationsaufnahme,Beobachtung,positive,,hoch,Fig. 5. Mittlere prozentuale Deckung der vier am stärksten differenzierenden Gefäßpflanzenarten zwischen Vegetationsaufnahmen von 1998 und 2010,Andere direkte Treiber,Andere direkte Treiber,,,,extremer Borkenkäferbefall beginnend ab Mitte der 90er,Nationalpark_Bayerischer Wald,,,,"Notiz aus Fließtext: For the whole forest complex, the species richness does not change: all of the species that emerged after the disturbance event were present in the area before the disturbance, but with lower frequency and (or) cover.",,Literatur,D,Farn- und Blütenpflanzen,
351,Fischer2015B,Sys,"Fischer, A. et al.",2015,Small changes in species composition despite stand-replacing bark beetle outbreak in Picea abies mountain forests,Canadian Journal of Forest Research. 45 (9):1164-1171,10.1139/cjfr-2014-0474,Fischer_2015_ CanJForRes.pdf,,Konrad Adler,Konrad Adler,Wald,Fichtenwälder,Nadel(Misch)Wälder und -Forste,Deutschland,Bayern,alter (südlicher) und neuer (nordwestlicher) Teil des Nationalparks Bayerischer Wald,D63,,1337945359,4896738942,10,,,Abundanz,,mittlerer prozentualer Deckungsgrad,Zeit,Pflanzen,Pflanzen,Pflanzen,,,Rubus idaeus,1,1998,2010,12,2,Vegetationsaufnahme,Beobachtung,positive,,hoch,Fig. 5. Mittlere prozentuale Deckung der vier am stärksten differenzierenden Gefäßpflanzenarten zwischen Vegetationsaufnahmen von 1998 und 2010,Andere direkte Treiber,Andere direkte Treiber,,,,extremer Borkenkäferbefall beginnend ab Mitte der 90er,Nationalpark_Bayerischer Wald,,,,"Notiz aus Fließtext: For the whole forest complex, the species richness does not change: all of the species that emerged after the disturbance event were present in the area before the disturbance, but with lower frequency and (or) cover.",,Literatur,D,Farn- und Blütenpflanzen,
352,BX6CS4BF,Sys,"Siegenthaler, M.B.",2022,Microbial community responses to phosphorus and nitrogen inputs in the organic soil horizons of two contrasting temperate beech forests,Applied Soil Ecology 172:104357,10.1016/j.apsoil.2021.104357,Siegenthaler_2022_ApplSoilEcol.pdf,,Konrad Adler,Konrad Adler,Wald,von Buche (Fagus sylvatica L.) dominierte Waldflächen,Laub(Misch)Wälder und -Forste (Laubbaumanteil über 50 Prozent),Deutschland,"Niedersachsen, Bayern","Lüss in der Lüneburger Heide, Bad-Brückenau im Mittelgebirgsgebiet der Rhön",D36,,1005055556,5183944444,,"52◦50′22′′ N, 10◦16′2′′ E, 50◦21′7′′ N, 9◦55′45′′ E",,Artenzahl,,,Zeit,Pilze_Flechten,Pilze,Pilze,mikrobielle Pilzgemeinschaften des Bodens,,,1,2017,2018,1,2,"Bodenprobe, DNA-Extraktion, PCR und (in silico) T-RFLP Analyse zur Bestimmung der Pilztaxonomie mithilfe der ITS-Region",Experiment,no,"positiver Trend für High-P Standort (Bad-Brückenau BBR), kein Trend für Low-P Standort (Lüss LUE)",hoch,Supplementary Material Tab. S7: Richness der taxonomischen Marker (ITS). Mittelwerte und Standardabweichungen pro Standort und Zeitpunkt,Andere direkte Treiber,Andere direkte Treiber,,,,experimentelle Erhöhung der Stickstoff- und Phosphorverfügbarkeit,,,,,"Angabe zum Boden: Hyperdystric Folic Cambisol developed on Pleistocene sands (Lüss Standort), Dystric Skeletic Cambisol developed on basalt (Bad-Brückenau Standort)",,Literatur,D,Pilze,
353,BX6CS4BF,Sys,"Siegenthaler, M.B.",2022,Microbial community responses to phosphorus and nitrogen inputs in the organic soil horizons of two contrasting temperate beech forests,Applied Soil Ecology 172:104357,10.1016/j.apsoil.2021.104357,Siegenthaler_2022_ApplSoilEcol.pdf,,Konrad Adler,Konrad Adler,Wald,von Buche (Fagus sylvatica L.) dominierte Waldflächen,Laub(Misch)Wälder und -Forste (Laubbaumanteil über 50 Prozent),Deutschland,"Niedersachsen, Bayern","Lüss in der Lüneburger Heide, Bad-Brückenau im Mittelgebirgsgebiet der Rhön",D36,,1005055556,5183944444,,"52◦50′22′′ N, 10◦16′2′′ E, 50◦21′7′′ N, 9◦55′45′′ E",,ENS,,,Zeit,Pilze_Flechten,Pilze,Pilze,mikrobielle Pilzgemeinschaften des Bodens,,,1,2017,2018,1,2,"Bodenprobe, DNA-Extraktion, PCR und (in silico) T-RFLP Analyse zur Bestimmung der Pilztaxonomie mithilfe der ITS-Region",Experiment,no,"positiver Trend für High-P Standort (Bad-Brückenau BBR), kein Trend für Low-P Standort (Lüss LUE)",hoch,Supplementary Material Tab. S7: Simpson's Diversitätsindex der taxonomischen Marker (ITS). Mittelwerte und Standardabweichungen pro Standort und Zeitpunkt,Andere direkte Treiber,Andere direkte Treiber,,,,experimentelle Erhöhung der Stickstoff- und Phosphorverfügbarkeit,,,,,"Angabe zum Boden: Hyperdystric Folic Cambisol developed on Pleistocene sands (Lüss Standort), Dystric Skeletic Cambisol developed on basalt (Bad-Brückenau Standort)",,Literatur,D,Pilze,
355,AZDPE2RS,Sys,"Strubelt, I. et al.",2019,Inter-annual variation in species composition and richness after coppicing in a restored coppice-with-standards forest,Forest Ecology and Management 432 (2019) 132–139,10.1016/j.foreco.2018.09.014,Strubelt_2019_ForEcolManag_2.pdf,,Konrad Adler,Konrad Adler,Wald,"Coppice-with-standards Projekt (CWS, Niederwald), Galio-Carpinetum",Laub(Misch)Wälder und -Forste (Laubbaumanteil über 50 Prozent),Deutschland,Niedersachsen,Salzgitter-Höhenzug zwischen Liebenburg und Goslar,D36,,1042319444,5197391667,5,N-S 51°58′46.1″ – 51°58′04.2″N and W-E 10°25′08.5″ – 10°25′39.0″E,,Abundanz,,mittlerer prozentualer Deckungsgrad,"Zeit (Jahre nach ""coppicing"")",Pflanzen,Pflanzen,Pflanzen,Kräuter/Krautschicht,,,1,1994,2013,19,10,Vegetationsaufnahme,Beobachtung,positive to negative,"Zunahme der Deckung in den ersten 3/4 Jahren nach ""coppicing"", danach Abnahme/Stagnation",hoch,"Fig. 1: Entwicklung der Strauchschichtbedeckung in Abhängigkeit von verschiedenen Jahren nach ""coppicing"" (YAC)",Veränderte Land-/Meeresnutzung,Veränderte Land-/Meeresnutzung,,,,Wiedereinführung der CWS Bewirtschaftung im Jahr 1986,,,,,Angabe zum Boden: Limestone rendzina with low water storage capacity,,Literatur,D,Farn- und Blütenpflanzen,
355,AZDPE2RS,Sys,"Strubelt, I. et al.",2019,Inter-annual variation in species composition and richness after coppicing in a restored coppice-with-standards forest,Forest Ecology and Management 432 (2019) 132–139,10.1016/j.foreco.2018.09.014,Strubelt_2019_ForEcolManag_2.pdf,,Konrad Adler,Konrad Adler,Wald,"Coppice-with-standards Projekt (CWS, Niederwald), Galio-Carpinetum",Laub(Misch)Wälder und -Forste (Laubbaumanteil über 50 Prozent),Deutschland,Niedersachsen,Salzgitter-Höhenzug zwischen Liebenburg und Goslar,D36,,1042319444,5197391667,5,N-S 51°58′46.1″ – 51°58′04.2″N and W-E 10°25′08.5″ – 10°25′39.0″E,,Artenzahl,,mittlerer prozentualer Deckungsgrad,"Zeit (Jahre nach ""coppicing"")",Pflanzen,Pflanzen,Pflanzen,Kräuter/Krautschicht,,,1,1994,2013,19,10,Vegetationsaufnahme,Beobachtung,positive to negative,"Zunahme der Deckung in den ersten 3/4 Jahren nach ""coppicing"", danach Abnahme/Stagnation",hoch,"Fig. 1: Entwicklung der Strauchschichtbedeckung in Abhängigkeit von verschiedenen Jahren nach ""coppicing"" (YAC)",Veränderte Land-/Meeresnutzung,Veränderte Land-/Meeresnutzung,,,,Wiedereinführung der CWS Bewirtschaftung im Jahr 1986,,,,,Angabe zum Boden: Limestone rendzina with low water storage capacity,,Literatur,D,Farn- und Blütenpflanzen,corrected
358,AZDPE2RS,Sys,"Strubelt, I. et al.",2019,Inter-annual variation in species composition and richness after coppicing in a restored coppice-with-standards forest,Forest Ecology and Management 432 (2019) 132–139,10.1016/j.foreco.2018.09.014,Strubelt_2019_ForEcolManag_2.pdf,,Konrad Adler,Konrad Adler,Wald,"Coppice-with-standards Projekt (CWS, Niederwald), Galio-Carpinetum",Laub(Misch)Wälder und -Forste (Laubbaumanteil über 50 Prozent),Deutschland,Niedersachsen,Salzgitter-Höhenzug zwischen Liebenburg und Goslar,D36,,1042319444,5197391667,5,N-S 51°58′46.1″ – 51°58′04.2″N and W-E 10°25′08.5″ – 10°25′39.0″E,,ENS,,,Zeit,Pflanzen,Pflanzen,Pflanzen,,,,Antwortvariable,1994,2013,19,2,Vegetationsaufnahme,Beobachtung,positive,,hoch,Tab.3: Veränderung der Shannon-Diversität zwischen erster (1994) und letzter (2013) Vegetationsaufnahme,Veränderte Land-/Meeresnutzung,Veränderte Land-/Meeresnutzung,,,,Wiedereinführung der CWS Bewirtschaftung im Jahr 1986,,,,,Angabe zum Boden: Limestone rendzina with low water storage capacity,,Literatur,D,Farn- und Blütenpflanzen,
359,AZDPE2RS,Sys,"Strubelt, I. et al.",2019,Inter-annual variation in species composition and richness after coppicing in a restored coppice-with-standards forest,Forest Ecology and Management 432 (2019) 132–139,10.1016/j.foreco.2018.09.014,Strubelt_2019_ForEcolManag_2.pdf,,Konrad Adler,Konrad Adler,Wald,"Coppice-with-standards Projekt (CWS, Niederwald), Galio-Carpinetum",Laub(Misch)Wälder und -Forste (Laubbaumanteil über 50 Prozent),Deutschland,Niedersachsen,Salzgitter-Höhenzug zwischen Liebenburg und Goslar,D36,,1042319444,5197391667,5,N-S 51°58′46.1″ – 51°58′04.2″N and W-E 10°25′08.5″ – 10°25′39.0″E,,Abundanz,,Häufigkeit (Anzahl der Plots mit jeweiliger Art),Zeit,Pflanzen,Pflanzen,Pflanzen,Kräuter/Krautschicht,,,>20,1994,2013,19,2,Vegetationsaufnahme,Beobachtung,positive,"16 Gewinnerarten (increasing), 8 Verliererarten (decreasing)",hoch,Tab.4: Arten der Krautschicht mit ausgeprägten Veränderungen in der Häufigkeit (Zunahme oder Abnahme in vier oder mehr Plots von 1994 bis 2013).,Veränderte Land-/Meeresnutzung,Veränderte Land-/Meeresnutzung,,,,Wiedereinführung der CWS Bewirtschaftung im Jahr 1986,,,,,Angabe zum Boden: Limestone rendzina with low water storage capacity,,Literatur,D,Farn- und Blütenpflanzen,
360,FFYFDKI9,Sys,"Becker, T. et al.",2017,Forty years of vegetation change in former coppice-with-standards woodlands as a result of management change and N deposition,Applied Vegetation Science 20 (2017) 304–313,10.1111/avsc.12282,Becker_2017_ApplVegSci.pdf,,Konrad Adler,Konrad Adler,Wald,Eichen-Hainbuchenwald (Stellario-Carpinetum Assoziation),Laub(Misch)Wälder und -Forste (Laubbaumanteil über 50 Prozent),Deutschland,Niedersachsen,Dransfelder Hochebene im Süden Niedersachsens nahe Göttingen,D36,,9783055556,515175,5,"N-S 51°25′03″-51°37′53″ N, W-E 9°40′59″-9°51′09″ E",,Abundanz,,Häufigkeit/prozentuale Deckung,Zeit,Pflanzen,Pflanzen,Pflanzen,"holzige Arten in der Baum-, Strauch- und Krautschicht",,,>20,1970,2011,41,2,Vegetationsaufnahme,Beobachtung,positive,,hoch,"Tab.1: Gehölzarten, deren Häufigkeit/Abundanz in der Baumschicht, Strauchschicht und Krautschicht zwischen 1970 und 2011 zu- oder abgenommen hat.",Veränderte Land-/Meeresnutzung,Veränderte Land-/Meeresnutzung,,,,"""coppicing with standards""-Bewirtschaftung (CWS) zur Feuerholzproduktion bis in die 1920er, danach Veränderung zum Hochwald-Management",,,Veränderung der Bewirtschaftung von CWS hin zu Hochwald,,Angabe zum Boden: Triassic limestone (Muschelkalk formation) partly covered with loess layers. The most widespread terrestrial soils under the forests were calcaric cambisol or rendzic leptosol (WRB classification) with loamy/clayish texture and medium to,,Literatur,D,Farn- und Blütenpflanzen,
361,FFYFDKI9,Sys,"Becker, T. et al.",2017,Forty years of vegetation change in former coppice-with-standards woodlands as a result of management change and N deposition,Applied Vegetation Science 20 (2017) 304–313,10.1111/avsc.12282,Becker_2017_ApplVegSci.pdf,,Konrad Adler,Konrad Adler,Wald,Eichen-Hainbuchenwald (Stellario-Carpinetum Assoziation),Laub(Misch)Wälder und -Forste (Laubbaumanteil über 50 Prozent),Deutschland,Niedersachsen,Dransfelder Hochebene im Süden Niedersachsens nahe Göttingen,D36,,9783055556,515175,5,"N-S 51°25′03″-51°37′53″ N, W-E 9°40′59″-9°51′09″ E",,Artenzahl,,Artenzahl/Plot,Zeit,Pflanzen,Pflanzen,Pflanzen,"holzige Arten in der Baum-, Strauch- und Krautschicht",,,Antwortvariable,1970,2011,41,2,Vegetationsaufnahme,Beobachtung,positive,"Zunahme holziger Arten in der Strauch- und Krautschicht, Abnahme in der Baumschicht",hoch,"Abb. 1a. Artenreichtum von Gehölzen/holzigen Arten in der Baumschicht (TL), Strauchschicht (SL) und Krautschicht (HLw) auf Plotebene im Jahr 1970 und 2011",Veränderte Land-/Meeresnutzung,Veränderte Land-/Meeresnutzung,,,,"""coppicing with standards""-Bewirtschaftung (CWS) zur Feuerholzproduktion bis in die 1920er, danach Veränderung zum Hochwald-Management",,,Veränderung der Bewirtschaftung von CWS hin zu Hochwald,,Angabe zum Boden: Triassic limestone (Muschelkalk formation) partly covered with loess layers. The most widespread terrestrial soils under the forests were calcaric cambisol or rendzic leptosol (WRB classification) with loamy/clayish texture and medium to,,Literatur,D,Farn- und Blütenpflanzen,
362,FFYFDKI9,Sys,"Becker, T. et al.",2017,Forty years of vegetation change in former coppice-with-standards woodlands as a result of management change and N deposition,Applied Vegetation Science 20 (2017) 304–313,10.1111/avsc.12282,Becker_2017_ApplVegSci.pdf,,Konrad Adler,Konrad Adler,Wald,Eichen-Hainbuchenwald (Stellario-Carpinetum Assoziation),Laub(Misch)Wälder und -Forste (Laubbaumanteil über 50 Prozent),Deutschland,Niedersachsen,Dransfelder Hochebene im Süden Niedersachsens nahe Göttingen,D36,,9783055556,515175,5,"N-S 51°25′03″-51°37′53″ N, W-E 9°40′59″-9°51′09″ E",,Artenzahl,,Artenzahl/Plot,Zeit,Pflanzen,Pflanzen,Pflanzen,Kräuter/Krautschicht,,,Antwortvariable,1970,2011,41,2,Vegetationsaufnahme,Beobachtung,negative,,hoch,Abb. 1a. Artenreichtum von krautigen Arten in der Krautschicht (HLhI auf Plotebene im Jahr 1970 und 2011,Veränderte Land-/Meeresnutzung,Veränderte Land-/Meeresnutzung,,,,"""coppicing with standards""-Bewirtschaftung (CWS) zur Feuerholzproduktion bis in die 1920er, danach Veränderung zum Hochwald-Management",,,Veränderung der Bewirtschaftung von CWS hin zu Hochwald,,Angabe zum Boden: Triassic limestone (Muschelkalk formation) partly covered with loess layers. The most widespread terrestrial soils under the forests were calcaric cambisol or rendzic leptosol (WRB classification) with loamy/clayish texture and medium to,,Literatur,D,Farn- und Blütenpflanzen,
363,KEFBXJJG,Sys,"Storch, F. et al.",2018,Quantifying forest structural diversity based on large-scale inventory data: a new approach to support biodiversity monitoring,Forest Ecosystems (2018) 5:34,10.1186/s40663-018-0151-1,Storch_2018_ForEcosyst.pdf,,Konrad Adler,Konrad Adler,Wald,,,Deutschland,Baden-Württemberg,,D58,,9047328968,48546237,100,,,Artenzahl,,relative Species Richness (dargestellt durch die Veränderung der FSI scores),Zeit,Pflanzen,Pflanzen,Pflanzen,,,,,2002,2012,10,2,Waldinventur nach https://www.bundeswaldinventur.de,Beobachtung,positive,,gering,Fig.3: Veränderung der Werte der einzelnen Variablen (i.d.F. Artenreichtum der Baumspezies mit DBH > 7cm)  des strukturellen Diversitätsindex von Baden-Württemberg von 2002 zu 2012,,,,,,,,,,,,,Literatur,D,Farn- und Blütenpflanzen,
364,PRBZGHJC,Sys,"Schulze, E.D. et al.",2019,"Positive association between forest management, environmental change, and forest bird abundance",Forest Ecosystems (2019) 6:3,10.1186/s40663-019-0160-8,Schulze_2019_ForEcosyst.pdf,,Konrad Adler,Konrad Adler,Wald,,,Deutschland,,,D36,,10279,51415,700,,,Abundanz,,relative Abundanz (verglichen mit 1990),,Wirbeltiere,Vögel,Vögel,,,,,1970,2015,45,2,Monitoring,Beobachtung,no,die Abundanz von 11 überwachten Waldvogelarten ist in Deutschland konstant geblieben,hoch,Abb. 2a: Entwicklung der Populationen von Waldvogelarten in Deutschland über mehrere Jahrzehnte,"Veränderte Land-/Meeresnutzung, Verschmutzung",Veränderte Land-/Meeresnutzung,Verschmutzung,,,,,,,,"möglicherweise noch mehr zu extrahieren, bin mir allerdings unsicher bezüglich Zeitraum, Deutschland oder Europa …",,Literatur,D,Vögel,
365,PBV2BUX6,Sys,"Wehner, K. et al.",2021,"Drought, windthrow and forest operations strongly affect oribatid mite communities in different microhabitats",Global Ecology and Conservation 30 (2021) e01757,10.1016/j.gecco.2021.e01757,Wehner_2021_GlobEcolConserv.pdf,,Konrad Adler,Konrad Adler,Wald,Eichen-Mischwald,Laub(Misch)Wälder und -Forste (Laubbaumanteil über 50 Prozent),Deutschland,Hessen,Staatsforst 2043 A in Mörfelden-Walldorf,D53,,8550287,49975234,,N49°58′30.8424/E8°33′ 1.0332,,Abundanz,,Individuen/kg Trockengewicht,Zeit,Wirbellose,Arthropoden,Arthropoden,Hornmilben (Oribatida),,,,2016,2020,4,2,"Probenahme von Moos, Totholz und Streu, Extraktion und Geschlechtsbestimmung im Labor",Beobachtung,negative,(mindestens leichte) Abnahme der Abundanz in allen 3 Microhabitaten und für beide Fortpflanzungsformen,hoch,"Abb. 3a. Vergleich der Abundanz von Oribatidenmilben [Individuen pro kg Trockengewicht] in Moos, Totholz und Streu (Mikrohabitate) zwischen 2016 und 2020 bei sexuellen und parthenogenetischen Arten.","Klimawandel, Veränderte Land-/Meeresnutzung",Klimawandel,Veränderte Land-/Meeresnutzung,,,"mehrere Störungsereignissen: große Trockenheit 2018/2019 in Deutschland, ein einzelnes Sommersturmereignis im August 2019 und anschließende Waldarbeiten im Frühjahr 2020",,,,,Angabe zum Boden: the topsoil is flat and covered with sand,,Literatur,D,Hornmilben (Oribatida),
366,PBV2BUX6,Sys,"Wehner, K. et al.",2021,"Drought, windthrow and forest operations strongly affect oribatid mite communities in different microhabitats",Global Ecology and Conservation 30 (2021) e01757,10.1016/j.gecco.2021.e01757,Wehner_2021_GlobEcolConserv.pdf,,Konrad Adler,Konrad Adler,Wald,Eichen-Mischwald,Laub(Misch)Wälder und -Forste (Laubbaumanteil über 50 Prozent),Deutschland,Hessen,Staatsforst 2043 A in Mörfelden-Walldorf,D53,,8550287,49975234,,N49°58′30.8424/E8°33′ 1.0332,,Artenzahl,,,Zeit,Wirbellose,Arthropoden,Arthropoden,Hornmilben (Oribatida),,,,2016,2020,4,2,"Probenahme von Moos, Totholz, Laub und Boden, Extraktion und Geschlechtsbestimmung im Labor",Beobachtung,negative,(mindestens leichte) Abnahme der Abundanz in allen 3 Microhabitaten und für beide Fortpflanzungsformen,hoch,"Abb. 3b. Vergleich der Artenzahl von Oribatidenmilben in Moos, Totholz und Streu (Mikrohabitate) zwischen 2016 und 2020 bei sexuellen und parthenogenetischen Arten.","Klimawandel, Veränderte Land-/Meeresnutzung",Klimawandel,Veränderte Land-/Meeresnutzung,,,"mehrere Störungsereignissen: große Trockenheit 2018/2019 in Deutschland, ein einzelnes Sommersturmereignis im August 2019 und anschließende Waldarbeiten im Frühjahr 2020",,,,,Angabe zum Boden: the topsoil is flat and covered with sand,,Literatur,D,Hornmilben (Oribatida),
367,PBV2BUX6,Sys,"Wehner, K. et al.",2021,"Drought, windthrow and forest operations strongly affect oribatid mite communities in different microhabitats",Global Ecology and Conservation 30 (2021) e01757,10.1016/j.gecco.2021.e01757,Wehner_2021_GlobEcolConserv.pdf,,Konrad Adler,Konrad Adler,Wald,Eichen-Mischwald,Laub(Misch)Wälder und -Forste (Laubbaumanteil über 50 Prozent),Deutschland,Hessen,Staatsforst 2043 A in Mörfelden-Walldorf,D53,,8550287,49975234,,N49°58′30.8424/E8°33′ 1.0332,,ENS,,,Zeit,Wirbellose,Arthropoden,Arthropoden,Hornmilben (Oribatida),,,,2016,2020,4,2,"Probenahme von Moos, Totholz, Laub und Boden, Extraktion und Geschlechtsbestimmung im Labor",Beobachtung,negative,(mindestens leichte) Abnahme der Abundanz in allen 3 Microhabitaten und für beide Fortpflanzungsformen,hoch,"Abb. 3c. Vergleich der Shannon-Diversität von Oribatidenmilben in Moos, Totholz und Streu (Mikrohabitate) zwischen 2016 und 2020 bei sexuellen und parthenogenetischen Arten.","Klimawandel, Veränderte Land-/Meeresnutzung",Klimawandel,Veränderte Land-/Meeresnutzung,,,"mehrere Störungsereignissen: große Trockenheit 2018/2019 in Deutschland, ein einzelnes Sommersturmereignis im August 2019 und anschließende Waldarbeiten im Frühjahr 2020",,,,,Angabe zum Boden: the topsoil is flat and covered with sand,,Literatur,D,Hornmilben (Oribatida),
368,6YJE4V25,Sys,"Seibold, S. et al.",2019,Arthropod decline in grasslands and forests is associated with landscape-level drivers,"Nature volume 574, pages 671–674",10.1038/s41586-019-1684-3,Seibold_2019_Nature.pdf,,Konrad Adler,Konrad Adler,Wald,Gründland- und Waldstandort,,Deutschland,"Baden-Württemberg, Brandenburg, Thüringen","Schwäbisch Alb, Schorfheide-Chorin, Hainich-Dün (biodiversity exploratories)",D60,,9354786854,4829950635,10,,,Artenzahl,,Gesamtartenzahl über alle Plots (Gamma-Diversität),Zeit,Wirbellose,Arthropoden,Arthropoden,Gliederfüßer/Arthropoda,,,Antwortvariable,2008,2016,8,9,Sampling mittels Flugabfangfallen (FIT),Beobachtung,negative,,hoch,Abb. 1a: Zeitliche Trends in Arthropodengemeinschaften. Enthält Gamma-Diversität (Gesamtzahl der Arten in allen 30 Waldstandorten),"Veränderte Land-/Meeresnutzung, Klimawandel",Veränderte Land-/Meeresnutzung,Klimawandel,,,,,,,,"enthält auch Daten zu Grasland, da in Waldtabelle: nur Wald extrahiert",,Literatur,D,Gliederfüßer/Arthropoda,
369,6YJE4V25,Sys,"Seibold, S. et al.",2019,Arthropod decline in grasslands and forests is associated with landscape-level drivers,"Nature volume 574, pages 671–674",10.1038/s41586-019-1684-3,Seibold_2019_Nature.pdf,,Konrad Adler,Konrad Adler,Wald,Gründland- und Waldstandort,,Deutschland,"Baden-Württemberg, Brandenburg, Thüringen","Schwäbisch Alb, Schorfheide-Chorin, Hainich-Dün (biodiversity exploratories)",D60,,9354786854,4829950635,10,,,Abundanz,,[g] Biomasse/Site,Zeit,Wirbellose,Arthropoden,Arthropoden,Gliederfüßer/Arthropoda,,,>20,2008,2016,8,9,Sampling mittels Flugabfangfallen (FIT),Beobachtung,negative,,hoch,Abb. 1b: Zeitliche Trends in Arthropodengemeinschaften. Enthält Biomasse in Gramm/Site,"Veränderte Land-/Meeresnutzung, Klimawandel",Veränderte Land-/Meeresnutzung,Klimawandel,,,,,,,,"enthält auch Daten zu Grasland, da in Waldtabelle: nur Wald extrahiert",,Literatur,D,Gliederfüßer/Arthropoda,
370,6YJE4V25,Sys,"Seibold, S. et al.",2019,Arthropod decline in grasslands and forests is associated with landscape-level drivers,"Nature volume 574, pages 671–674",10.1038/s41586-019-1684-3,Seibold_2019_Nature.pdf,,Konrad Adler,Konrad Adler,Wald,Gründland- und Waldstandort,,Deutschland,"Baden-Württemberg, Brandenburg, Thüringen","Schwäbisch Alb, Schorfheide-Chorin, Hainich-Dün (biodiversity exploratories)",D60,,9354786854,4829950635,10,,,Abundanz,,Abundanz pro Site,Zeit,Wirbellose,Arthropoden,Arthropoden,Gliederfüßer/Arthropoda,,,>20,2008,2016,8,9,Sampling mittels Flugabfangfallen (FIT),Beobachtung,no,,hoch,Abb. 1c: Zeitliche Trends in Arthropodengemeinschaften. Enthält Abundanz/Site,"Veränderte Land-/Meeresnutzung, Klimawandel",Veränderte Land-/Meeresnutzung,Klimawandel,,,,,,,,"enthält auch Daten zu Grasland, da in Waldtabelle: nur Wald extrahiert",,Literatur,D,Gliederfüßer/Arthropoda,
371,6YJE4V25,Sys,"Seibold, S. et al.",2019,Arthropod decline in grasslands and forests is associated with landscape-level drivers,"Nature volume 574, pages 671–674",10.1038/s41586-019-1684-3,Seibold_2019_Nature.pdf,,Konrad Adler,Konrad Adler,Wald,Gründland- und Waldstandort,,Deutschland,"Baden-Württemberg, Brandenburg, Thüringen","Schwäbisch Alb, Schorfheide-Chorin, Hainich-Dün (biodiversity exploratories)",D60,,9354786854,4829950635,10,,,Artenzahl,,Artenzahl/Plot,Zeit,Wirbellose,Arthropoden,Arthropoden,Gliederfüßer/Arthropoda,,,>20,2008,2016,8,9,Sampling mittels Flugabfangfallen (FIT),Beobachtung,negative,,hoch,Abb. 1c: Zeitliche Trends in Arthropodengemeinschaften. Enthält Abundanz/Site,"Veränderte Land-/Meeresnutzung, Klimawandel",Veränderte Land-/Meeresnutzung,Klimawandel,,,,,,,,"enthält auch Daten zu Grasland, da in Waldtabelle: nur Wald extrahiert",,Literatur,D,Gliederfüßer/Arthropoda,
395,8UC3VZW4,Sys,Kamp et al.,2021,Population trends of common breeding birds in Germany 1990 – 2018,"Perspectives in Plant Ecology, Evolution and Systematics",10.1007/s10336-020-01830-6,,,Maria Sporbert,Maria Sporbert,Wald,Wald,,Deutschland,,,D36,,10279,51415,700,,,Abundanz,,,Zeit,Wirbeltiere,Vögel,Vögel,,,,34,1990,2018,28,28,"in total 93 species, species that were recorded on at least 30 plots annually across Germany, and for which a power analysis (repeated-measures ANOVA) indicated that sample size is large enough to allow the calculation of reliable trends for the period 19",Beobachtung,negative to positive,,hoch,"Fig. 3 Multi-species indicators 1990–2018 for the traits habitat, nest site, diet, migration strategy and wintering region. Trends for insectivores are presented separately for farmland, forest and all other species.","Veränderte Land-/Meeresnutzung, Veränderung der Struktur der Landschaft, Klimawandel",Veränderte Land-/Meeresnutzung,Veränderung der Struktur der Landschaft,Klimawandel,,,,,,,,,Literatur,D,Vögel,
461,WZISRQ77,non_Sys,"Böhling, N.",2008,Zur Entwicklung der Allium ursinum-Bestände im buchenreichen Eichen-Hainbuchenwald „Hohes Reisach“ 1978 / 2007,Tuexenia 28: 41-49,https://www.tuexenia.de/publications/tuexenia/Tuexenia_2008_NS_028_0041-0049.pdf,,,Maria Sporbert,Maria Sporbert,Wald,buchenreicher Eichen-Hainbuchenwald,,Deutschland,Baden-Württemberg,Vorland der Mittleren Schwäbischen Alb bei Kirchheim unter Teck,D58,,9425154921,4861853296,5,,,Abundanz,,,Zeit,Pflanzen,Pflanzen,Pflanzen,,,Allium ursinum,1,1978,2007,29,2,"Flächenanteile, Vegetationskartierung",Beobachtung,positive,,gering,"Abb. 2: Zunahme der Fläche der Allium ursinum-Fazies im Schonwald „Hohes Reisach“ 1978 / 1997 / 2007, Tabelle 1: Flächenanteile der Allium ursinum-Fazies im Schonwald „Hohes Reisach“",Veränderte Land-/Meeresnutzung,Veränderte Land-/Meeresnutzung,,,,"Aus dem Eichenschälwald und späteren Eichen-Hainbuchen-Mittelwald wird zusehends ein buchenreicher Dauerwald -> Änderung Bestandsklima, das am besten von Allium ursinum und eventuell noch von Hedera helix genutzt werden kann",,Schonwald „Hohes Reisach“,,,,,Literatur,D,Farn- und Blütenpflanzen,
462,ZWZXBH48,non_Sys,"Denz, O.",1998,Monitoring waldreicher Feuchtgebietsvegetation im Nordraum des Rheinischen Braunkohlenreviers 1986-1996,waldreicher Feuchtgebietsvegetation,https://www.tuexenia.de/publications/tuexenia/Tuexenia_1998_NS_018_0085-0093.pdf,,,Maria Sporbert,Maria Sporbert,Wald,waldreiches Feuchtgebiet im Nordraum des Rheinischen Braunkohlenreviers,,Deutschland,Nordrhein-Westfalen,,D38,,7564234768,5147888555,150,,,Abundanz,,,Zeit,Pflanzen,Pflanzen,Pflanzen,,,,>20,1986,1996,10,8,"Vegetationsaufnahme, Dauerquadratuntersuchungen",Beobachtung,no,bislang keine grundwasserabhängigen Vegetationsveränderungen nachweisbar,gering,Tab. 2: Ausschnitt aus dem Transekt im Bruchgebiet am Mühlenbach,Veränderung der Struktur der Landschaft,Veränderung der Struktur der Landschaft,,,,,,,,,,,Literatur,D,Farn- und Blütenpflanzen,
463,ZU6JDWYE,non_Sys,"Dierschke, H. & Becker, T.",2020,37 Jahre Dauerflächenuntersuchungen in einem Kalkbuchenwald – eine Zeitreihe 1980 – 2001 – 2016,Tuexenia 40: 71–99,https://www.tuexenia.de/publications/tuexenia/Tuexenia_2020_NS_040_0071-0099.pdf,,,Maria Sporbert,Maria Sporbert,Wald,Kalkbuchenwald,,Deutschland,Niedersachsen,Ökosystem-Forschungsprojektes in der Nähe von Göttingen,D36,,46152,5153333333,,"TK 25: 4426 Waake, SW-Quadrant: N51° 32 ′ E10° 03 ′",,Artenzahl,,,Zeit,Pflanzen,Pflanzen,Pflanzen,Bäume,,,Antwortvariable,1980,2016,36,3,"Vegetationsaufnahme, Dauerquadratuntersuchungen",Beobachtung,negative,,hoch,"Abb. 1. a) Schichtendeckung und b) Arte nzahlen pro Aufnahmefläche im Zeitraum 1980 bis 2016. BS = Baum-, SS = Strauch- und KS = Krautschicht. Mittelwerte und 1 Standardfehler.",Veränderte Land-/Meeresnutzung,Veränderte Land-/Meeresnutzung,,,,Übergang von extensiver Mittelwald- zu Hochwaldwirtschaft innerhalb von etwa 100 Jahren,,,,,,,Literatur,D,Farn- und Blütenpflanzen,corrected
464,ZU6JDWYE,non_Sys,"Dierschke, H. & Becker, T.",2020,37 Jahre Dauerflächenuntersuchungen in einem Kalkbuchenwald – eine Zeitreihe 1980 – 2001 – 2016,Tuexenia 40: 71–99,https://www.tuexenia.de/publications/tuexenia/Tuexenia_2020_NS_040_0071-0099.pdf,,,Maria Sporbert,Maria Sporbert,Wald,Kalkbuchenwald,,Deutschland,Niedersachsen,Ökosystem-Forschungsprojektes in der Nähe von Göttingen,D36,,46152,5153333333,,"TK 25: 4426 Waake, SW-Quadrant: N51° 32 ′ E10° 03 ′",,Artenzahl,,,Zeit,Pflanzen,Pflanzen,Pflanzen,Sträucher/Strauchschicht,,,Antwortvariable,1980,2016,36,3,"Vegetationsaufnahme, Dauerquadratuntersuchungen",Beobachtung,positive to negative,,hoch,"Abb. 1. a) Schichtendeckung und b) Arte nzahlen pro Aufnahmefläche im Zeitraum 1980 bis 2016. BS = Baum-, SS = Strauch- und KS = Krautschicht. Mittelwerte und 1 Standardfehler.",Veränderte Land-/Meeresnutzung,Veränderte Land-/Meeresnutzung,,,,Übergang von extensiver Mittelwald- zu Hochwaldwirtschaft innerhalb von etwa 100 Jahren,,,,,,,Literatur,D,Farn- und Blütenpflanzen,corrected
464,ZU6JDWYE,non_Sys,"Dierschke, H. & Becker, T.",2020,37 Jahre Dauerflächenuntersuchungen in einem Kalkbuchenwald – eine Zeitreihe 1980 – 2001 – 2016,Tuexenia 40: 71–99,https://www.tuexenia.de/publications/tuexenia/Tuexenia_2020_NS_040_0071-0099.pdf,,,Maria Sporbert,Maria Sporbert,Wald,Kalkbuchenwald,,Deutschland,Niedersachsen,Ökosystem-Forschungsprojektes in der Nähe von Göttingen,D36,,46152,5153333333,,"TK 25: 4426 Waake, SW-Quadrant: N51° 32 ′ E10° 03 ′",,Artenzahl,,,Zeit,Pflanzen,Pflanzen,Pflanzen,Gesamtartenzahl,,,Antwortvariable,1980,2016,36,3,"Vegetationsaufnahme, Dauerquadratuntersuchungen",Beobachtung,negative,,hoch,Die Gesamtartenzahl aller Flächen nahm von 1980 bis 2016 von 63 auf 58 ab.,Veränderte Land-/Meeresnutzung,Veränderte Land-/Meeresnutzung,,,,Übergang von extensiver Mittelwald- zu Hochwaldwirtschaft innerhalb von etwa 100 Jahren,,,,,,,Literatur,D,Farn- und Blütenpflanzen,corrected
464,ZU6JDWYE,non_Sys,"Dierschke, H. & Becker, T.",2020,37 Jahre Dauerflächenuntersuchungen in einem Kalkbuchenwald – eine Zeitreihe 1980 – 2001 – 2016,Tuexenia 40: 71–99,https://www.tuexenia.de/publications/tuexenia/Tuexenia_2020_NS_040_0071-0099.pdf,,,Maria Sporbert,Maria Sporbert,Wald,Kalkbuchenwald,,Deutschland,Niedersachsen,Ökosystem-Forschungsprojektes in der Nähe von Göttingen,D36,,46152,5153333333,,"TK 25: 4426 Waake, SW-Quadrant: N51° 32 ′ E10° 03 ′",,Abundanz,,,Zeit,Pflanzen,Pflanzen,Pflanzen,Kräuter/Krautschicht,,,Antwortvariable,1980,2016,36,3,"Vegetationsaufnahme, Dauerquadratuntersuchungen",Beobachtung,positive,,hoch,"In der eigentlichen Krautschicht ergaben sich pro Aufnahmefläche leichte Schwankungen des mittleren Gesamtdeckungsgrades: 80,9–72,5–84,2 %, mit hochsignifikanter Zunahme für 2016 (Abb. 1a).",Veränderte Land-/Meeresnutzung,Veränderte Land-/Meeresnutzung,,,,Übergang von extensiver Mittelwald- zu Hochwaldwirtschaft innerhalb von etwa 100 Jahren,,,,,,,Literatur,D,Farn- und Blütenpflanzen,corrected
465,ZU6JDWYE,non_Sys,"Dierschke, H. & Becker, T.",2020,37 Jahre Dauerflächenuntersuchungen in einem Kalkbuchenwald – eine Zeitreihe 1980 – 2001 – 2016,Tuexenia 40: 71–99,https://www.tuexenia.de/publications/tuexenia/Tuexenia_2020_NS_040_0071-0099.pdf,,,Maria Sporbert,Maria Sporbert,Wald,Kalkbuchenwald,,Deutschland,Niedersachsen,Ökosystem-Forschungsprojektes in der Nähe von Göttingen,D36,,46152,5153333333,,"TK 25: 4426 Waake, SW-Quadrant: N51° 32 ′ E10° 03 ′",,Artenzahl,,,Zeit,Pflanzen,Pflanzen,Pflanzen,Kräuter/Krautschicht,,,Antwortvariable,1980,2016,36,3,"Vegetationsaufnahme, Dauerquadratuntersuchungen",Beobachtung,positive,,hoch,"Abb. 1. a) Schichtendeckung und b) Arte nzahlen pro Aufnahmefläche im Zeitraum 1980 bis 2016. BS = Baum-, SS = Strauch- und KS = Krautschicht. Mittelwerte und 1 Standardfehler.",Veränderte Land-/Meeresnutzung,Veränderte Land-/Meeresnutzung,,,,Übergang von extensiver Mittelwald- zu Hochwaldwirtschaft innerhalb von etwa 100 Jahren,,,,,,,Literatur,D,Farn- und Blütenpflanzen,
466,U5BJU2G8,non_Sys,"Dittrich, S. et al",2016,"Auswirkungen von Waldbränden auf die Langzeitdynamik naturnaher Kiefernwälder (Leucobryo-Pinetum) im Nationalpark Sächsische Schweiz (Sachsen, Deutschland)",Tuexenia 36: 23–36,https://www.tuexenia.de/publications/tuexenia/Tuexenia_2016_NS_036_0023-0036.pdf,,,Maria Sporbert,Maria Sporbert,Wald,Waldkiefern-Bestände,,Deutschland,Sachsen,Teilgebiet „Hintere Sächsische Schweiz“ (Bereiche Großer Zschand und Affensteine),D15,,1426789394,509115031,2,,,Artenzahl,,,Zeit,Pflanzen,Pflanzen,Pflanzen,,,,Antwortvariable,1963,2014,51,4,Vegetationsaufnahme,Beobachtung,no,,hoch,"Tabelle 2. N1-Diversität der Gefäßpflanzen (Baum, Strauch- und Krautschicht) und Kryptogamen in den Zeitreihen A-C. Mittelwerte ± Standardfehler, unterschiedliche Kleinbuchstaben zeigen signifikante Unterschiede innerhalb der jeweiligen Zeitreihe an (Wilco",Veränderung der Struktur der Landschaft,Veränderung der Struktur der Landschaft,,,,Einfluss von Waldbränden,Nationalpark Sächsische Schweiz,,,,,,Literatur,D,Farn- und Blütenpflanzen,
467,Gregor2016,non_Sys,"Gregor, T. et al.",2016,Loss of plant species diversity in a rural German region - assessment on basis of a historical herbarium,Tuexenia 36: 191–204,https://www.tuexenia.de/publications/tuexenia/Tuexenia_2016_NS_036_0191-0204.pdf,,,Maria Sporbert,Maria Sporbert,Wald,"ländlichen Region, Wald, Dörfer, Agrarland",,Deutschland,Hessen,"Feldatal, Groß-Felda",D47,,917235,50649677,,50.649677° N / 9.172350° E),base rich,Artenzahl,,,Zeit,Pflanzen,Pflanzen,Pflanzen,,,,Antwortvariable,1945,2012,67,2,Herbarsammlung vs Vegetationsaufnahme,Beobachtung,negative,"Floristic diversity decreased (683 to 497 species, 31% of the total flora), principally by disappearance of species of unimproved grassland, fields and villages.",gering,,Veränderte Land-/Meeresnutzung,Veränderte Land-/Meeresnutzung,,,,intensification of agriculture,,,,,,,Literatur,D,Farn- und Blütenpflanzen,
481,52WFJFJS,non_Sys,"Schmidt, W.",1972,Langjährige Veränderungen der Krautschicht eines Kalkbuchenwaldes,Tuexenia 8: 327-338,,,,Maria Sporbert,Maria Sporbert,Wald,Kalkbuchenwald,,Deutschland,Niedersachsen,Kalkbuchenwald bei Göttingen,D36,,1002246181,5154232139,5,,,Abundanz,,,Zeit,Pflanzen,Pflanzen,Pflanzen,,,Allium ursinum,1,1981,1987,6,7,Vegetationsaufnahme,Beobachtung,no,,gering,Abb. 2: Veränderungen im Deckungsgrad von Allium ursinum von 1981 —1987 auf den 16 Dauerprobeflächen des Kalkbuchenwaldes.,,,,,,,,,,,,,Literatur,D,Farn- und Blütenpflanzen,
482,52WFJFJS,non_Sys,"Schmidt, W.",1972,Langjährige Veränderungen der Krautschicht eines Kalkbuchenwaldes,Tuexenia 8: 327-338,,,,Maria Sporbert,Maria Sporbert,Wald,Kalkbuchenwald,,Deutschland,Niedersachsen,Kalkbuchenwald bei Göttingen,D36,,1002246181,5154232139,5,,,Abundanz,,,Zeit,Pflanzen,Pflanzen,Pflanzen,,,Mercurialis perennis,1,1981,1987,6,7,Vegetationsaufnahme,Beobachtung,no,,gering,Abb. 3: Veränderungen im Deckungsgrad von Mercurialisperennisvon 1981 —1987 auf den 16 Dauerprobeflächen des Kalkbuchenwaldes.,,,,,,,,,,,,,Literatur,D,Farn- und Blütenpflanzen,
483,52WFJFJS,non_Sys,"Schmidt, W.",1972,Langjährige Veränderungen der Krautschicht eines Kalkbuchenwaldes,Tuexenia 8: 327-338,,,,Maria Sporbert,Maria Sporbert,Wald,Kalkbuchenwald,,Deutschland,Niedersachsen,Kalkbuchenwald bei Göttingen,D36,,1002246181,5154232139,5,,,Abundanz,,,Zeit,Pflanzen,Pflanzen,Pflanzen,,,Anemone nemorosa,1,1981,1987,6,7,Vegetationsaufnahme,Beobachtung,positive,,gering,Abb. 4: Veränderungen im Deckungsgrad von Anemonenemorosavon 1981 —1987 auf den 16 Dauerprobeflächen des Kalkbuchenwaldes.,Andere direkte Treiber,Andere direkte Treiber,,,,verminderte Beweidung durch Rehe in dem gezäunten Untersuchungsgebiet,,,,,,,Literatur,D,Farn- und Blütenpflanzen,
488,UX87JCJN,non_Sys,"Skiba, R.",2013,Brutvogelbestände 1978 – 2012 im Gebiet „Kempkenholz“ / Remscheid,Abhandlungen aus dem Westfälischen Museum für Naturkunde,https://www.lwl.org/wmfn-download/Abhandlungen/Abh_75_2013.pdf,,,Maria Sporbert,Maria Sporbert,Wald,"34 ha Gebiet, ca. 23 ha Laubwald, 2 ha Nadelwald, 6 ha Kahlschlag einschließlich Sträuchern (davon 5ha unterhalb der Hochspannungs-Freileitungen), 2 ha Wiesen, 0,5 ha Bäche und Teiche, 0,5 ha Parkanlagen",,Deutschland,Nordrhein-Westfalen,Kempkenholz / Remscheid,D38,,7192919887,5120573941,2,,,Abundanz,,,Zeit,Wirbeltiere,Vögel,Vögel,,,,>20,1978,2012,34,10,Brutvogelkartierung,Beobachtung,no,"Insgesamt zeigt sich, dass die Menge




(Anzahl) der brütenden Vögel im Gebiet der 34 ha während 35 Jahren zwar im




Wesentlichen etwa gleich geblieben ist, die jeweiligen Arten jedoch zu einem Teil




erheblich ab- oder zugenommen haben. Ergebnisse zeigten bei f",hoch,"Tab. 1: Durchschnittliche Anzahl der Brutvögel je Jahr im Gebiet des Kempkenholz /




Remscheid 1978 – 2012.","Klimawandel, Veränderung der Struktur der Landschaft",Klimawandel,Veränderung der Struktur der Landschaft,,,"Natur noch verhältnismäßig gleichbleibend trotz einiger Veränderungen erhalten, Manche Veränderungen erfolgten besonders durch Temperaturzunahme beim Klimawandel",,,,,,,Literatur,D,Vögel,
489,6AKWDL8E,Sys,"Heinrichs, S. et al.",2015,Dynamics of Hedera helix L. in Central European beech forests on limestone: results from long-term monitoring and experimental studies,Plant Ecol 216:1–15,10.1007/s11258-014-0412-1,Heinrichs_2015_PlantEcol.pdf,,Konrad Adler,Konrad Adler,Wald,"Allium ursinum-reicher Hordelymo-Fagetum lathyretosum, Carici-Fagetum",Laub(Misch)Wälder und -Forste (Laubbaumanteil über 50 Prozent),Deutschland,Niedersachsen,Göttinger Wald,D36,,9983333333,5155,,"N 51°30'–37', E 9°56'–10°03'",,Abundanz,,mittlerer Deckungsgrad,Zeit,Pflanzen,Pflanzen,Pflanzen,Sträucher/Strauchschicht,,,keine Angaben,1997,2012,15,2,Vegetationsaufnahmen,"Beobachtung, Experiment",positive,,hoch,"Fig. 2 Vegetation structure and H. helix cover comparing old




(1955–1967) and recent (2000–2012) relevés sampled in the




Hordelymo-Fagetum lathyretosum and in the Carici-Fagetum of




the Göttinger Wald. TL tree layer, SL shrub layer, HL herb layer.","Klimawandel, Verschmutzung, Veränderte Land-/Meeresnutzung",Klimawandel,Verschmutzung,Veränderte Land-/Meeresnutzung,,"konnten nicht identifiziert werden (komplexes Zusammenspiel aus abiotischen (Klimawandel, Eutrophierung) und biotischen (Wildverbiss, Wettkampf) Faktoren)",,,,,,,Literatur,D,Farn- und Blütenpflanzen,
490,6AKWDL8E,Sys,"Heinrichs, S. et al.",2015,Dynamics of Hedera helix L. in Central European beech forests on limestone: results from long-term monitoring and experimental studies,Plant Ecol 216:1–15,10.1007/s11258-014-0412-1,Heinrichs_2015_PlantEcol.pdf,,Konrad Adler,Konrad Adler,Wald,"Allium ursinum-reicher Hordelymo-Fagetum lathyretosum, Carici-Fagetum",Laub(Misch)Wälder und -Forste (Laubbaumanteil über 50 Prozent),Deutschland,Niedersachsen,Göttinger Wald,D36,,9983333333,5155,,"N 51°30'–37', E 9°56'–10°03'",,Abundanz,,mittlerer Deckungsgrad,Zeit,Pflanzen,Pflanzen,Pflanzen,Kräuter/Krautschicht,,,keine Angaben,1997,2012,15,2,Vegetationsaufnahmen,"Beobachtung, Experiment",positive,,hoch,"Fig. 2 Vegetation structure and H. helix cover comparing old




(1955–1967) and recent (2000–2012) relevés sampled in the




Hordelymo-Fagetum lathyretosum and in the Carici-Fagetum of




the Göttinger Wald. TL tree layer, SL shrub layer, HL herb layer.","Klimawandel, Verschmutzung, Veränderte Land-/Meeresnutzung",Klimawandel,Verschmutzung,Veränderte Land-/Meeresnutzung,,"konnten nicht identifiziert werden (komplexes Zusammenspiel aus abiotischen (Klimawandel, Eutrophierung) und biotischen (Wildverbiss, Wettkampf) Faktoren)",,,,,,,Literatur,D,Farn- und Blütenpflanzen,
491,6AKWDL8E,Sys,"Heinrichs, S. et al.",2015,Dynamics of Hedera helix L. in Central European beech forests on limestone: results from long-term monitoring and experimental studies,Plant Ecol 216:1–15,10.1007/s11258-014-0412-1,Heinrichs_2015_PlantEcol.pdf,,Konrad Adler,Konrad Adler,Wald,"Allium ursinum-reicher Hordelymo-Fagetum lathyretosum, Carici-Fagetum",Laub(Misch)Wälder und -Forste (Laubbaumanteil über 50 Prozent),Deutschland,Niedersachsen,Göttinger Wald,D36,,9983333333,5155,,"N 51°30'–37', E 9°56'–10°03'",,Abundanz,,mittlerer Deckungsgrad,Zeit,Pflanzen,Pflanzen,Pflanzen,Baumschicht,,,keine Angaben,1997,2012,15,2,Vegetationsaufnahmen,"Beobachtung, Experiment",positive,,hoch,"Fig. 2 Vegetation structure and H. helix cover comparing old




(1955–1967) and recent (2000–2012) relevés sampled in the




Hordelymo-Fagetum lathyretosum and in the Carici-Fagetum of




the Göttinger Wald. TL tree layer, SL shrub layer, HL herb layer.","Klimawandel, Verschmutzung, Veränderte Land-/Meeresnutzung",Klimawandel,Verschmutzung,Veränderte Land-/Meeresnutzung,,"konnten nicht identifiziert werden (komplexes Zusammenspiel aus abiotischen (Klimawandel, Eutrophierung) und biotischen (Wildverbiss, Wettkampf) Faktoren)",,,,,,,Literatur,D,Farn- und Blütenpflanzen,
517,Bussmann2015,non_Sys,"Bußmann, M. & Kraatz, K.",2015,Ergebnisse fünfundzwanzigjähriger Bestandsaufnahmen in Fledermaus-Winterquartieren im Märkischen Kreis,Abhandlungen aus dem Westfälischen Museum für Naturkunde,https://www.lwl.org/wmfn-download/Abhandlungen/Abh_79_2015.pdf,,,Maria Sporbert,Maria Sporbert,Wald,,,Deutschland,Nordrhein-Westfalen,"Märkischer Kreis, Nordwesten des Südwestfälischen Berglandes",D38,,7750522296,5127074786,20,,,Abundanz,,,Zeit,Wirbeltiere,Säuger,Säuger,Fledermäuse,,,10,1988,2012,24,25,Begehung von Winterquartieren und Zählung,Beobachtung,positive,,hoch,Abb.2 Bestandsentwicklung überwinternder Fledermäuse nach Individuen und Artenzahl,"Veränderte Land-/Meeresnutzung, Andere",Veränderte Land-/Meeresnutzung,Andere,,,"Extensivierung Landnutzung, Einschränkung Pestizidgebrauch, Verbesserung Qualität Gwässer, spezifische Natur- und Artenschutzmaßnahmen, Zunahme Nahrungsangebot",,,,,,,Literatur,D,Säugetiere,
519,R596FD53,Sys,"Bässler, C. et al.",2016,Mean reproductive traits of fungal assemblages are correlated with resource availability,"Ecology and Evolution 2016, 6(2):",10.1002/ece3.1911,Bässler_2016_EcolEvol.pdf,,Konrad Adler,Konrad Adler,Wald,"Bergwälder in verschiedenen Höhenlagen, ausgewachsene Fichten dominieren",Nadel(Misch)Wälder und -Forste,Deutschland,Bayern,Nationalpark Bayerischer Wald,D63,,1348333333,489,,"48°54'N, 13°29'E",Angabe zum Boden: acidic sand and loamy soils prevail,Artenzahl,,"Gesamtartenzahl, Artenzahl/Plot",Zeit,Pilze_Flechten,Pilze,Pilze,soil-related (terricolous) macrofungi,,,Antwortvariable,2009,2011,2,3,"Zählungen, Sampling",Beobachtung,positive,,hoch,"Tab.1: Anzahl der Arten mutualistischer Ektomykorrhiza- (ECM) und saprotropher- (ST) Pilzarten und Mittelwerte für 48 Plots, die in den folgenden Jahren beprobt wurden 2009, 2010 und 2011",,,,,,,Nationalpark_Bayerischer Wald,,,,Angabe zum Boden: acidic sand and loamy soils prevail,,Literatur,D,Pilze,
520,SYG3AVC8,Sys,"Fischer, ML et al.",2016,Assessing and predicting the spread of non-native raccoons in Germany using hunting bag data and dispersal weighted models,Biol Invasions 18:57–71,10.1007/s10530-015-0989-x,Fischer_2016_BiolInvasions.pdf,,Konrad Adler,Konrad Adler,Wald,,,Deutschland,,,D36,,10279,51415,700,,,Abundanz,,Anzahl gejagter Waschbären (hunting bag records),Zeit,Wirbeltiere,Säuger,Säuger,,Waschbär,Procyon lotor,1,2000,2012,12,12,Sammlung der Jagdunterlagen,Beobachtung,positive,,hoch,"Fig.1b: Anzahl der erlegten Waschbären pro Jagdsaison (von 1930-2011), die Studie bezieht sich nur auf die Daten beginnend ab 2000",Invasive gebietsfremde Arten,Invasive gebietsfremde Arten,,,,der Waschbär als invasive Art profitiert vom großen zur Verfügung stehenden Habitat in Deutschland,,,,,"der ausgewählte Treiber ist hier die untersuchte, invasive Art",,Literatur,D,Säugetiere,
521,T7XB26QI,Sys,"Kämmerle, JL et al.",2020,Quantifying the effectiveness of habitat management to counter local extinction: A case-study on capercaillie,Forest Ecology and Management 474 (2020) 118379,10.1016/j.foreco.2020.118379,Kämmerle_2020_ForEcolManag.pdf,,Konrad Adler,Konrad Adler,Wald,"bewirtschaftete Waldbestände dominiert von Picea abies, Abies alba, Fagus sylvatica und Pinus sylvestris",Nadel(Misch)Wälder und -Forste,Deutschland,Baden-Württemberg,Schwarzwald,D54,,8171184207,4823201907,100,,,Abundanz,Verbreitung im Habitat,,Zeit,Wirbeltiere,Vögel,Vögel,,,Tetrao urogallus,1,2008,2018,10,2,systematische Bestandsaufnahmen anhand von direkten und indirekten Spuren,Beobachtung,negative,,gering,Abb. 1b. Verbreitungsentwicklung der Auerhuhnpopulation im Untersuchungsgebiet zwischen 2008 und 2018,"Veränderte Land-/Meeresnutzung, Klimawandel",Veränderte Land-/Meeresnutzung,Klimawandel,,,"Verschlechterung der Waldlebensräume aufgrund der Bewirtschaftung, Verringerung der Schneemenge durch Klimawandel",,,,,,,Literatur,D,Vögel,
522,H7XXBFEY,Sys,"Mölder, A. et al.",2014,When beech strikes back: How strict nature conservation reduces herb-layer diversity and productivity in Central European deciduous forests,Forest Ecology and Management 319:51–61,10.1016/j.foreco.2014.01.049,Mölder_2014_ForEcolManag.pdf,,Konrad Adler,Konrad Adler,Wald,"Buchenmischwald (seit 1989 unbewirtschaftet), neben F. sylvatica vorallem A. pseudoplatanus & F. excelsior",Laub(Misch)Wälder und -Forste (Laubbaumanteil über 50 Prozent),Deutschland,Niedersachsen,"""Hünstollen"" im Göttinger Wald",D36,,9933333333,5153333333,,"51°32'N, 09°56'E","Angaben zum Boden: According to the World Reference Base for Soil Resources (WRB), the soil type of the research sites is (stagnic) Luvisol",Artenzahl,,mittlere Artenzahl pro Plot,Zeit,Pflanzen,Pflanzen,Pflanzen,Kräuter/Krautschicht,,,Antwortvariable,1992,2012,20,3,Vegetationsaufnahme,Beobachtung,negative,,hoch,Tab.4: Untersuchung der Dauerbeobachtungsfläche Hünstollen: mittlere Artenzahl der Krautschicht über den Untersuchungszeitraum 1992-2012,Veränderte Land-/Meeresnutzung,Veränderte Land-/Meeresnutzung,,,,Einstellung der Forstwirtschaft seit 1989,,,,,"Angaben zum Boden: According to the World Reference Base for Soil Resources (WRB), the soil type of the research sites is (stagnic) Luvisol",,Literatur,D,Farn- und Blütenpflanzen,
523,H7XXBFEY,Sys,"Mölder, A. et al.",2014,When beech strikes back: How strict nature conservation reduces herb-layer diversity and productivity in Central European deciduous forests,Forest Ecology and Management 319:51–61,10.1016/j.foreco.2014.01.049,Mölder_2014_ForEcolManag.pdf,,Konrad Adler,Konrad Adler,Wald,"Buchenmischwald (seit 1989 unbewirtschaftet), neben F. sylvatica vorallem A. pseudoplatanus & F. excelsior",Laub(Misch)Wälder und -Forste (Laubbaumanteil über 50 Prozent),Deutschland,Niedersachsen,"""Hünstollen"" im Göttinger Wald",D36,,9933333333,5153333333,,"51°32'N, 09°56'E","Angaben zum Boden: According to the World Reference Base for Soil Resources (WRB), the soil type of the research sites is (stagnic) Luvisol",Artenzahl,,mittlere Artenzahl pro Plot,Zeit,Pflanzen,Pflanzen,Pflanzen,Baumschicht,,,Antwortvariable,1992,2012,20,3,Vegetationsaufnahme,Beobachtung,no,,hoch,Tab.4: Untersuchung der Dauerbeobachtungsfläche Hünstollen: mittlere Artenzahl der Baumschicht über den Untersuchungszeitraum 1992-2012,Veränderte Land-/Meeresnutzung,Veränderte Land-/Meeresnutzung,,,,Einstellung der Forstwirtschaft seit 1989,,,,,"Angaben zum Boden: According to the World Reference Base for Soil Resources (WRB), the soil type of the research sites is (stagnic) Luvisol",,Literatur,D,Farn- und Blütenpflanzen,
524,XSVKCFBC,Sys,"Bluhm, C. et al.",2016,Temporal fluctuations in oribatid mites indicate that density-independent factors favour parthenogenetic reproduction,Exp Appl Acarol 68:387–407,10.1007/s10493-015-0001-6,Bluhm_2016_ExpApplAcarol.pdf,,Konrad Adler,Konrad Adler,Wald,"4 Waldtypen: bewirtschaftete junge und alte Buchenwälder, unbewirtschaftete Buchenwälder (60 Jahre ohne Management), alte bewirtschaftete Nadelwälder","Laub(Misch)Wälder und -Forste (Laubbaumanteil über 50 Prozent), Nadel(Misch)Wälder und -Forste",Deutschland,"Baden-Württemberg, Brandenburg, Thüringen","Schwäbisch Alb, Schorfheide-Chorin, Hainich-Dün (""Biodiversity Exploratories"")",D60,,93535027,4829898535,10,,"Angaben zum Boden: Soils mainly comprise Cambisols and Luvisols in the Schorfheide-Chorin and Hainich-Dün, and Cambisols and Leptosols in the Schwäbische Alb. Bedrock is glacial till in the Schorfheide-Chorin, Triassic limestone in the Hainich-Dün and Ju",Abundanz,,Individuen pro m2,Zeit,Wirbellose,Arthropoden,Arthropoden,Hornmilben (Oribatida),,,>20,2008,2011,3,2,Bodenproben,Beobachtung,no,"2 neutral, 1 negativ",hoch,Fig. 1a: Hornmilbendichte  in den Jahren 2008 und 2011 in drei Regionen in Deutschland,Andere direkte Treiber,Andere direkte Treiber,,,,jährliche Fluktuationen durch dichte-abhängige Faktoren etc.,,,,,"Angaben zum Boden: Soils mainly comprise Cambisols and Luvisols in the Schorfheide-Chorin and Hainich-Dün, and Cambisols and Leptosols in the Schwäbische Alb. Bedrock is glacial till in the Schorfheide-Chorin, Triassic limestone in the Hainich-Dün and Ju",,Literatur,D,Hornmilben (Oribatida),
525,Reczynska2015,Sys,"Reczyńska, K. et al.",2015,The spread of Impatiens parviflora DC. in Central European oak forests - another stage of invasion?,Acta Soc Bot Pol 84(4):401–411,10.5586/asbp.2015.039,Reczyńska_2015_ActaSocBotPol.pdf,,Konrad Adler,Konrad Adler,Wald,Mitteleuropäische Eichenwälder,Laub(Misch)Wälder und -Forste (Laubbaumanteil über 50 Prozent),Deutschland,,,D36,,10279,51415,700,,,Abundanz,Vorkommen/occurrence,Anzahl der pflanzensoziologischen Vegetationsaufnahmen mit Vorkommen der Art,Zeit,Pflanzen,Pflanzen,Pflanzen,,,Impatiens parviflora,1,1976,1996,20,22,Vegetationsaufnahmen (Braun-Blanquet),Beobachtung,positive,,hoch,Fig.7a: Die Anzahl der phytosoziologischen Vegetationsaufnahmen aus deutschen Eichenwäldern mit I. parviflora-Vorkommen.,Invasive gebietsfremde Arten,Invasive gebietsfremde Arten,,,,,,,,,"der ausgewählte Treiber ist hier die untersuchte, invasive Art",,Literatur,D,Farn- und Blütenpflanzen,
526,3B3C8R6S,Sys,"Gruppe, A. et al.",2018,Restoration of a Danube floodplain forest: what happens to species richness of terrestrial beetles?,"Restoration Ecology Volume 2, Issue 4: 729-739",https://doi.org/10.1111/rec.12627,Gruppe_2018_RestorEcol.pdf,,Konrad Adler,Konrad Adler,Wald,"zu Beginn: nachhaltig bewirtschafteter Laubwald am Ufer, später: Auenwald",Laub(Misch)Wälder und -Forste (Laubbaumanteil über 50 Prozent),Deutschland,Bayern,"zwischen Flusskilometer 2.472 und 2.464 der Donau, nahe der Staustufe Bergheim und südlich des Flusses",D65,,1126666667,4875,,"48°45′N, 11°16′E",,Abundanz,,Anzahl gefangener Individuen,Zeit,Wirbellose,Arthropoden,Arthropoden,Käfer (Coleoptera),,,>20,2007,2012,5,6,"Sampling mithilfe von verschiedenen Fallenarten (pitfall trap, emergence photo-eclector + pit fall trap, flight interception trap, arboreal photo-eclector + flight interception trap)",Beobachtung,negative,Abnahme der Individuenzahl,hoch,Tab.1: Anzahl der gefangenen Individuen in den drei Untersuchungszeiträumen.,Veränderung der Struktur der Landschaft,Veränderung der Struktur der Landschaft,,,,nachhaltig bewirtschafteter Ufer-Laubwald wird zu Auenwald durch neuen Flusslauf/Überflutungen,,,"2009/2010 technische Arbeiten zur Erstellung eines künstlichen Nebenlaufes der Donau zur Errichtung eines neuen Auenwald-Ökosystems (bzw. Wiederherstellung), ab 2011 Beginn der ""Restoration""",,"Autoren nennen als Grund der negativen Trends: Studie zeigt nur frühe Phase der Revitalisierung des Auenwald-Bereiches, Käfergesellschaften haben noch nicht genug Zeit zur Etablierung",,Literatur,D,Käfer,
527,3B3C8R6S,Sys,"Gruppe, A. et al.",2018,Restoration of a Danube floodplain forest: what happens to species richness of terrestrial beetles?,"Restoration Ecology Volume 2, Issue 4: 729-739",10.1111/rec.12627,Gruppe_2018_RestorEcol.pdf,,Konrad Adler,Konrad Adler,Wald,"zu Beginn: nachhaltig bewirtschafteter Laubwald am Ufer, später: Auenwald",Laub(Misch)Wälder und -Forste (Laubbaumanteil über 50 Prozent),Deutschland,Bayern,"zwischen Flusskilometer 2.472 und 2.464 der Donau, nahe der Staustufe Bergheim und südlich des Flusses",D65,,1126666667,4875,,"48°45′N, 11°16′E",,Artenzahl,,,Zeit,Wirbellose,Arthropoden,Arthropoden,Käfer (Coleoptera),,,Antwortvariable,2007,2012,5,6,"Sampling mithilfe von verschiedenen Fallenarten (pitfall trap, emergence photo-eclector + pit fall trap, flight interception trap, arboreal photo-eclector + flight interception trap)",Beobachtung,negative,Abnahme beider Größen,hoch,"Fig.3: mittlere Artenzahl + Shannon Index pro Plot in den drei Untersuchungszeiträumen: BS, TM und OR.",Veränderung der Struktur der Landschaft,Veränderung der Struktur der Landschaft,,,,nachhaltig bewirtschafteter Ufer-Laubwald wird zu Auenwald durch neuen Flusslauf/Überflutungen,,,"2009/2010 technische Arbeiten zur Erstellung eines künstlichen Nebenlaufes der Donau zur Errichtung eines neuen Auenwald-Ökosystems (bzw. Wiederherstellung), ab 2011 Beginn der ""Restoration""",,"Autoren nennen als Grund der negativen Trends: Studie zeigt nur frühe Phase der Revitalisierung des Auenwald-Bereiches, Käfergesellschaften haben noch nicht genug Zeit zur Etablierung",,Literatur,D,Käfer,
528,3B3C8R6S,Sys,"Gruppe, A. et al.",2018,Restoration of a Danube floodplain forest: what happens to species richness of terrestrial beetles?,"Restoration Ecology Volume 2, Issue 4: 729-739",10.1111/rec.12627,Gruppe_2018_RestorEcol.pdf,,Konrad Adler,Konrad Adler,Wald,"zu Beginn: nachhaltig bewirtschafteter Laubwald am Ufer, später: Auenwald",Laub(Misch)Wälder und -Forste (Laubbaumanteil über 50 Prozent),Deutschland,Bayern,"zwischen Flusskilometer 2.472 und 2.464 der Donau, nahe der Staustufe Bergheim und südlich des Flusses",D65,,1126666667,4875,,"48°45′N, 11°16′E",,ENS,,,Zeit,Wirbellose,Arthropoden,Arthropoden,Käfer (Coleoptera),,,Antwortvariable,2007,2012,5,6,"Sampling mithilfe von verschiedenen Fallenarten (pitfall trap, emergence photo-eclector + pit fall trap, flight interception trap, arboreal photo-eclector + flight interception trap)",Beobachtung,negative,Abnahme beider Größen,hoch,"Fig.3: mittlere Artenzahl + Shannon Index pro Plot in den drei Untersuchungszeiträumen: BS, TM und OR.",Veränderung der Struktur der Landschaft,Veränderung der Struktur der Landschaft,,,,nachhaltig bewirtschafteter Ufer-Laubwald wird zu Auenwald durch neuen Flusslauf/Überflutungen,,,"2009/2010 technische Arbeiten zur Erstellung eines künstlichen Nebenlaufes der Donau zur Errichtung eines neuen Auenwald-Ökosystems (bzw. Wiederherstellung), ab 2011 Beginn der ""Restoration""",,"Autoren nennen als Grund der negativen Trends: Studie zeigt nur frühe Phase der Revitalisierung des Auenwald-Bereiches, Käfergesellschaften haben noch nicht genug Zeit zur Etablierung",,Literatur,D,Käfer,
529,GMRINFXK,Sys,"Floren, A. et al.",2022,The Impact of the Neophyte Tree Fraxinus pennsylvanica [Marshall] on Beetle Diversity under Climate Change,"Sustainability 2022, 14, 1914",10.3390/su14031914,Floren_2022_Sustainability.pdf,,Konrad Adler,Konrad Adler,Wald,"Hartholzauenwälder, F. excelsior & F. pennsylvannica als Mikrohabitate",Laub(Misch)Wälder und -Forste (Laubbaumanteil über 50 Prozent),Deutschland,Sachsen-Anhalt,Naturschutzgebiete Saalberghau und Steckby-Lödderitzer Forst an der Elbe bei Dessau,D10,,1210138889,5187555556,,"51°51'32 N, 12°12'05 E – 51°53'28.2 N, 11°59'49.5 E",Angabe zum Boden: fluvisol or gley-fluvisol,ENS,,Rarefied Shannon Diversity,Zeit,Wirbellose,Arthropoden,Arthropoden,,,,>20,2016,2020,4,3,"Sampling mithilfe von ""Insecticidal knock-down"" (Benebeln der Zielbäume mit natürlichem Pyrethrum)",Beobachtung,negative,,hoch,"Fig.3: Rarefied Shannon-Diversität von Baumkronenkäfern, gesammelt an F. excelsior und F. pennsylvancia","Klimawandel, Invasive gebietsfremde Arten",Klimawandel,Invasive gebietsfremde Arten,,,"Eschentriebsterben (F. excelsior) aufgrund schwerer Dürren 2020, F. pennsylvannica ist trockenresistenter und kann als Neophyt möglicherweise als ""rescue species"" für Käfergesellschaften dienen",Andere,Biosphärenreservat Mittelelbe,,,Angabe zum Boden: fluvisol or gley-fluvisol,,Literatur,D,Käfer,
530,GMRINFXK,Sys,"Floren, A. et al.",2022,The Impact of the Neophyte Tree Fraxinus pennsylvanica [Marshall] on Beetle Diversity under Climate Change,"Sustainability 2022, 14, 1914",10.3390/su14031914,Floren_2022_Sustainability.pdf,,Konrad Adler,Konrad Adler,Wald,"Hartholzauenwälder, F. excelsior & F. pennsylvannica als Mikrohabitate",Laub(Misch)Wälder und -Forste (Laubbaumanteil über 50 Prozent),Deutschland,Sachsen-Anhalt,Naturschutzgebiete Saalberghau und Steckby-Lödderitzer Forst an der Elbe bei Dessau,D10,,1210138889,5187555556,,"51°51'32 N, 12°12'05 E – 51°53'28.2 N, 11°59'49.5 E",Angabe zum Boden: fluvisol or gley-fluvisol,Artenzahl,,Rarefied Shannon Diversity,Zeit,Wirbellose,Arthropoden,Arthropoden,,,,>20,2016,2020,4,3,"Sampling mithilfe von ""Insecticidal knock-down"" (Benebeln der Zielbäume mit natürlichem Pyrethrum)",Beobachtung,positive,,hoch,"Fig.3: Rarefied Shannon-Diversität von Baumkronenkäfern, gesammelt an F. excelsior und F. pennsylvancia","Klimawandel, Invasive gebietsfremde Arten",Klimawandel,Invasive gebietsfremde Arten,,,"Eschentriebsterben (F. excelsior) aufgrund schwerer Dürren 2020, F. pennsylvannica ist trockenresistenter und kann als Neophyt möglicherweise als ""rescue species"" für Käfergesellschaften dienen",Andere,Biosphärenreservat Mittelelbe,,,Angabe zum Boden: fluvisol or gley-fluvisol,,Literatur,D,Käfer,
531,MZRJVZYE,Sys,"Hagen, R. et al.",2018,Estimating red deer (Cervus elaphus) population size in the Southern Black Forest: the role of hunting in population control,European Journal of Wildlife Research 64: 42,10.1007/s10344-018-1204-z,Hagen_2018_EurJWildlRes.pdf,,Konrad Adler,Konrad Adler,Wald,"zu großen Teilen bewirtschafteter Wald (Holzproduktion), Picea abies, Abies alba und Fagus sylvatica dominant",Nadel(Misch)Wälder und -Forste,Deutschland,Baden-Württemberg,Rotwildbewirtschaftungsgebiet des Südschwarzwaldes,D54,,7984034066,4781569452,20,,,Abundanz,,Anzahl geschossener Individuen,Zeit,Wirbeltiere,Säuger,Säuger,,,Cervus elaphus,1,2006,2015,9,10,Erfassung der erlegten Tiere,Beobachtung,no,Trend zwar zwischen den Jahren multimodal aber in der Gesamtheit negativ,hoch,Fig.1a: Jährliche Jagdzahlen des Rotwildes im Managementbereich des Südschwarzwaldes,Direkte Ressourcenentnahme,Direkte Ressourcenentnahme,,,,Veränderte Bejagung des Rotwildes,,,veränderte Bejagung des Rotwildes als Teil eines ganzheitlichen Managementkonzepts unter Einbeziehung der Wissenschaft (detailliert im Text beschrieben) ab 2006,,,,Literatur,D,Säugetiere,
536,QAF7C2L4,Sys,"Storch, F. et al.",2019,Assessing the influence of harvesting intensities on structural diversity of forests in south-west Germany,Ecosystems 6:40,10.1186/s40663-019-0199-6,Storch_2019_ForEcosyst.pdf,,Konrad Adler,Konrad Adler,Wald,verschiedene Waldtypen,,Deutschland,Baden-Württemberg,,D58,,9047328968,48546237,100,,,ENS,,Änderung des Forest Structure Index (FSI) nach McElhinny et al. 2006,Intensität der Holzernte (% des stehenden Volumens pro ha),Pflanzen,Pflanzen,Pflanzen,,,,keine Angaben,2002,2012,10,2,National Forest Inventory (NFI),Experiment,no,"niedrige bis mittlere Ernteintensität zeigt positiven Einfluss auf strukturelle Diversität,ab 80% Intensität negative Veränderung, dazwischen kein Trend",gering,Fig.2: Veränderungen des Waldstrukturindexes in Abhängigkeit von der Holzernteintensität,Veränderte Land-/Meeresnutzung,Veränderte Land-/Meeresnutzung,,,,unterschiedliche Holzernteintensität (aufgrund unterschiedlicher Bewirtschaftung etc.) in verschiedenen Wäldern Baden-Württembergs hat Einfluss auf die Änderung der strukturellen Diversität,,,,,,,Literatur,D,Farn- und Blütenpflanzen,
537,KABS7CF2,Sys,"Kolk, J. et al.",2017,Paying the colonization credit: converging plant species richness in ancient and post-agricultural forests in NE Germany over five decades,Biodivers Conserv 26:735–755,10.1007/s10531-016-1271-y,Kolk_2017_BiodiversConserv.pdf,,Konrad Adler,Konrad Adler,Wald,alte und post-landwirtschaftliche Laub- oder Mischwaldbestände mit verschiedenen Artzusammensetzungen,Laub(Misch)Wälder und -Forste (Laubbaumanteil über 50 Prozent),Deutschland,Brandenburg,Region Prignitz,D05,,1203333333,5305,,"52°42″N–53°23″N, 11°47″E–12°37″E","Angabe zum Boden: The prevalent geological substrates are sandy to loamy glacial deposits as well as glacio-fluvial sands (LGBR 2008, 2009). From these substrates, mostly Cambisols, often combined with Gleysols and Stagnosols, have developed.",Artenzahl,,mittlere Artenzahl pro Plot,Zeit,Pflanzen,Pflanzen,Pflanzen,Krautschicht (inklusive epigäische Moose),,,Antwortvariable,1960,2014,54,2,Vegetationsaufnahmen,Beobachtung,positive,"alle 6 Trends positiv, wobei der Anstieg auf den post-agriculture Standorten stärker ist als in den alten Wäldern",hoch,"Fig.3: Veränderungen des Reichtums aller Arten (a), der Waldspezialisten (b) und der Indikatorarten für alte Wälder (c) in der Krautschicht der Plots in den alten und nach der landwirtschaftlichen Nutzung entstandenen Beständen zwischen 1960 und 2014",Veränderte Land-/Meeresnutzung,Veränderte Land-/Meeresnutzung,,,,"Veränderung der Landschaftsnutzung bereits 1880 (vor erster Messung), allerdings immernoch Einfluss auf die post-agrikulturellen Standorte",,,,,"Angabe zum Boden: The prevalent geological substrates are sandy to loamy glacial deposits as well as glacio-fluvial sands (LGBR 2008, 2009). From these substrates, mostly Cambisols, often combined with Gleysols and Stagnosols, have developed.",,Literatur,D,Farn- und Blütenpflanzen,
541,6AKWDL8E,Sys,"Heinrichs, S. et al.",2015,Dynamics of Hedera helix L. in Central European beech forests on limestone: results from long-term monitoring and experimental studies,Plant Ecol 216:1–15,10.1007/s11258-014-0412-1,Heinrichs_2015_PlantEcol.pdf,,Konrad Adler,Konrad Adler,Wald,"Allium ursinum-reicher Hordelymo-Fagetum lathyretosum, Carici-Fagetum",Laub(Misch)Wälder und -Forste (Laubbaumanteil über 50 Prozent),Deutschland,Niedersachsen,Göttinger Wald,D36,,9983333333,5155,,"N 51°30'–37', E 9°56'–10°03'",,Abundanz,,mittlerer Deckungsgrad,Zeit,Pflanzen,Pflanzen,Pflanzen,,,Hedera helix,1,1997,2012,15,2,Vegetationsaufnahmen,"Beobachtung, Experiment",positive,,hoch,"Fig. 2 Vegetation structure and H. helix cover comparing old




(1955–1967) and recent (2000–2012) relevés sampled in the




Hordelymo-Fagetum lathyretosum and in the Carici-Fagetum of




the Göttinger Wald. TL tree layer, SL shrub layer, HL herb layer.","Klimawandel, Verschmutzung, Veränderte Land-/Meeresnutzung",Klimawandel,Verschmutzung,Veränderte Land-/Meeresnutzung,,"konnten nicht identifiziert werden (komplexes Zusammenspiel aus abiotischen (Klimawandel, Eutrophierung) und biotischen (Wildverbiss, Wettkampf) Faktoren)",,,,,,,Literatur,D,Farn- und Blütenpflanzen,
544,AN9CNTYR,Sys,"Krug, JHA",2019,"How can forest management increase biomass accumulation and CO2 sequestration? A case study on beech forests in Hesse, Germany",Carbon Balance Manage 14:17,10.1186/s13021-019-0132-x,Krug_2019_CarbonBalanceManag.pdf,,Konrad Adler,Konrad Adler,Wald,"Buchenwälder, genauer: Hainsimsen-Buchenwald (Luzulu-Fagetum), Waldgersten-Buchenwald (Hordelymo-Fagetum) und Waldmeister Buchenwald (Galio-Fagetum)",Laub(Misch)Wälder und -Forste (Laubbaumanteil über 50 Prozent),Deutschland,Hessen,"Wälder in Hessen (Schönbuche, Goldbach, Hohestein, Haasenblick)",D38,,862149781,5102160452,50,,Angabe zum Boden: Secondary podsol sites (soil texture: clay to coarse clay),Abundanz,,Biomassezunahme pro Hektar [t/ha],Zeit,Pflanzen,Pflanzen,Pflanzen,Bäume,,,unsicher,1988,2012,24,2,Waldinventur (Methoden nach NIR),Beobachtung,positive,"Biomassewachstum steigt, in forest reserve areas und management areas,  in management areas höher als in verglichenen forest reserve areas",gering,"Fig.2: Kumulativer Biomassezuwachs (ober- und unterirdisch, tot und lebendig) zwischen Waldreservaten (FR) und Bewirtschaftungsgebieten (MA) für alle Arten.",Andere direkte Treiber,Andere direkte Treiber,,,,Auswirkungen des anthropogenen Managements (Waldreservate vs. Bewirtschaftungsgebiete),,,"""business as usual""- Bewirtschaftung in der Hälfte der Untersuchungsflächen",,Angabe zum Boden: Secondary podsol sites (soil texture: clay to coarse clay),,Literatur,D,Farn- und Blütenpflanzen,
546,Strubelt2016,Sys,"Strubelt, I. et al.",2016,Changes in species composition and richness in an alluvial hardwood forest over 52yrs,Journal of Vegetation Science 28: 401–412,10.1111/jvs.12483,Strubelt_2017_JVegSci.pdf,,Konrad Adler,Konrad Adler,Wald,"alter Hartholzauwald, dominierende Baumarten Quercus robur + Fraxinus excelsior (Querco-Ulmetum minoris)",Laub(Misch)Wälder und -Forste (Laubbaumanteil über 50 Prozent),Deutschland,Niedersachsen,Haseder Holz (Auwald im Überschwemmungsgebiet der Innerste),D32,,9919722222,5218722222,,"52°11'14″ N, 9°55'11″ E","Angabe zum Boden: topsoil consists of 1–2 m of loess from the Weichsel glacial period and is characterized by nutrientrich, sandy to clayey loam",Artenzahl,,mittlere Gesamtartenzahl pro Plot,Zeit,Pflanzen,Pflanzen,Pflanzen,Kräuter/Krautschicht,,,>20,1960,2012,52,3,Vegetationsaufnahmen (Braun-Blanquet Skala),Beobachtung,positive,"positiver Trend von 1960 bis 2002, dann stagnierend zu 2012",hoch,Tab.4: Veränderungen der Artenvielfalt von 1960 über 2002 bis 2012,"Veränderte Land-/Meeresnutzung, Verschmutzung",Veränderte Land-/Meeresnutzung,Verschmutzung,,,"weniger intensive Bewirtschaftung, Verringerung der Lichtverfügbarkeit in niedrigeren Vegetationsstufen (deshalb: Abnahme der ""Offenlandarten"", aber generelle Zunahme der Artenvielfalt - besonders ""true forest species"")",Andere,NSG Haseder Busch,,,"Angabe zum Boden: topsoil consists of 1–2 m of loess from the Weichsel glacial period and is characterized by nutrientrich, sandy to clayey loam",,Literatur,D,Farn- und Blütenpflanzen,
547,9QFGZGKF,Sys,"Jantsch, MC et ak.",2013,"Shift in Plant Species Composition Reveals Environmental Changes During the Last Decades: A Long-Term Study in Beech (Fagus sylvatica) Forests in Bavaria, Germany",Folia Geobot 48:467–491,10.1007/s12224-012-9148-7,Jantsch_2013_FoliaGeobot.pdf,,Konrad Adler,Konrad Adler,Wald,"Buchenwälder (Kronendeckung Fagus sylvatica >50%), Vegetationstypen: Luzulo luzuloidis-Fagetum, Galio odorati-Fagetum, Hordelymo europaei-Fagetum, Carici albae-Fagetum",Laub(Misch)Wälder und -Forste (Laubbaumanteil über 50 Prozent),Deutschland,Bayern,"Sinngrund, Steigerwald, Fränkische Alb, Starnberger See, Inn-Gletschermoräne",D61,,1076078698,4901497924,100,,,Abundanz,Häufigkeit,"mittlere, prozentuale Zunahme bzw. Abnahme der Häufigkeit (proz. Anteil der Plots mit jeweiliger Art)",Zeit,Pflanzen,Pflanzen,Pflanzen,,,,>20,1965,2010,45,2,pflanzensoziologische Vegetationsaufnahmen,Beobachtung,negative,"24 Arten mit Zunahme, 45 mit Abnahme - generell: Zunahme der Baumspezies, Abnahme der Krautspezies, Zunahme nitrophiler, nicht-heimischer oder Störzeigerarten, Zunahme termophiler Arten",hoch,"Tab.3: Mittlere Zunahme (%) bzw. Abnahme (%) der Häufigkeit für alle Arten mit einer Häufigkeit (>5 %) und einer signifikanten Veränderung (P<0,05) im gesamten Datensatz.","Klimawandel, Veränderte Land-/Meeresnutzung, Verschmutzung",Klimawandel,Veränderte Land-/Meeresnutzung,Verschmutzung,,"verschiedene ermittelte Treiber: erhöhter Stickstoffeintrag, Klimawandel (nur geringer Einfluss), Ausbreitung Neophyten (z.b. Impatiens glandulifera",,,,,"Erste Aufnahmen zwischen 1949-1985, Infos in Tab. 1 in Text",,Literatur,D,Farn- und Blütenpflanzen,
549,Baumann2020,Sys,"Baumann, M. et al.",2021,Temporal changes in the ground vegetation in spruce forests in the Erzgebirge (Ore Mountains) - bryophytes are better indicators of the impact of liming and of sulphur and nitrogen deposition than the herb layer,Appl Veg Sci. 24:e12598.,10.1111/avsc.12598,Baumann_2021_JApplVegSci.pdf,,Konrad Adler,Konrad Adler,Wald,Fichtenwälder (Calamagrostio villosae-Piceetum) mit verschiedener Kalkdüngungshistorie,Nadel(Misch)Wälder und -Forste,Deutschland,Sachsen,"Waldbestände in den NSGs ""Großer Kranichsee"" & ""Dreibächel"" und in deren Umgebung, westlicher Teil des Erzgebirges zwischen den Städten Carlsfeld und Morgenröthe-Rautenkranz",D16,,1254810968,504306975,5,,"Angabe zum Boden: The bedrock consists of tourmaline granite, which is characterized by very low nutrient reserves and leads to the formation of podzols or brown podzols.",Abundanz,,mittlere Deckungsgrade,Zeit,Pflanzen,Pflanzen,Pflanzen,Sträucher/Strauchschicht,,,>20,1990,2013,23,2,Vegetationsaufnahmen (Braun-Blanquet Skala),Beobachtung,positive,,hoch,Fig.2b: Deckung der Vegetation in der Strauchschicht in den Klassen L0-L3 (aufsteigende Stufen der Kalkdüngung) in den Jahren 1990 und 2013,"Verschmutzung, Andere direkte Treiber",Verschmutzung,Andere direkte Treiber,,,"Luftverschmutzung: abnehmende Schwefel-Ablagerung, aber hohe Stickstoff Ablagerung (positiver Einfluss der verringerten Schwefelverschmutzung scheint negativen Einfluss der dauerhaft hohen Stickstoffeinlagerung zu überdecken), Management durch verschieden",Andere,"teilweise: NSG ""Großer Kranichsee"" und NSG ""Dreibächel",Kalkdüngung,,"Angabe zum Boden: The bedrock consists of tourmaline granite, which is characterized by very low nutrient reserves and leads to the formation of podzols or brown podzols.",,Literatur,D,Farn- und Blütenpflanzen,
550,Baumann2020,Sys,"Baumann, M. et al.",2021,Temporal changes in the ground vegetation in spruce forests in the Erzgebirge (Ore Mountains) - bryophytes are better indicators of the impact of liming and of sulphur and nitrogen deposition than the herb layer,Appl Veg Sci. 24:e12598.,10.1111/avsc.12598,Baumann_2021_JApplVegSci.pdf,,Konrad Adler,Konrad Adler,Wald,Fichtenwälder (Calamagrostio villosae-Piceetum) mit verschiedener Kalkdüngungshistorie,Nadel(Misch)Wälder und -Forste,Deutschland,Sachsen,"Waldbestände in den NSGs ""Großer Kranichsee"" & ""Dreibächel"" und in deren Umgebung, westlicher Teil des Erzgebirges zwischen den Städten Carlsfeld und Morgenröthe-Rautenkranz",D16,,1254810968,504306975,5,,"Angabe zum Boden: The bedrock consists of tourmaline granite, which is characterized by very low nutrient reserves and leads to the formation of podzols or brown podzols.",Abundanz,,mittlere Deckungsgrade,Zeit,Pflanzen,Pflanzen,Pflanzen,Kräuter/Krautschicht,,,>20,1990,2013,23,2,Vegetationsaufnahmen (Braun-Blanquet Skala),Beobachtung,negative,4 negative Trends (allerdings nur 2 signifikant),hoch,Fig.2c: Deckung der Vegetation in der Krautschicht in den Klassen L0-L3 (aufsteigende Stufen der Kalkdüngung) in den Jahren 1990 und 2013,"Verschmutzung, Andere direkte Treiber",Verschmutzung,Andere direkte Treiber,,,"Luftverschmutzung: abnehmende Schwefel-Ablagerung, aber hohe Stickstoff Ablagerung (positiver Einfluss der verringerten Schwefelverschmutzung scheint negativen Einfluss der dauerhaft hohen Stickstoffeinlagerung zu überdecken), Management durch verschieden",Andere,"teilweise: NSG ""Großer Kranichsee"" und NSG ""Dreibächel",Kalkdüngung,,"Angabe zum Boden: The bedrock consists of tourmaline granite, which is characterized by very low nutrient reserves and leads to the formation of podzols or brown podzols.",,Literatur,D,Farn- und Blütenpflanzen,
551,Baumann2020,Sys,"Baumann, M. et al.",2021,Temporal changes in the ground vegetation in spruce forests in the Erzgebirge (Ore Mountains) - bryophytes are better indicators of the impact of liming and of sulphur and nitrogen deposition than the herb layer,Appl Veg Sci. 24:e12598.,10.1111/avsc.12598,Baumann_2021_JApplVegSci.pdf,,Konrad Adler,Konrad Adler,Wald,Fichtenwälder (Calamagrostio villosae-Piceetum) mit verschiedener Kalkdüngungshistorie,Nadel(Misch)Wälder und -Forste,Deutschland,Sachsen,"Waldbestände in den NSGs ""Großer Kranichsee"" & ""Dreibächel"" und in deren Umgebung, westlicher Teil des Erzgebirges zwischen den Städten Carlsfeld und Morgenröthe-Rautenkranz",D16,,1254810968,504306975,5,,"Angabe zum Boden: The bedrock consists of tourmaline granite, which is characterized by very low nutrient reserves and leads to the formation of podzols or brown podzols.",Abundanz,,mittlere Deckungsgrade,Zeit,Pflanzen,Moose,Moose,Moosschicht,,,>20,1990,2013,23,2,Vegetationsaufnahmen (Braun-Blanquet Skala),Beobachtung,positive,,hoch,Fig.2d: Deckung der Vegetation in der Moosschicht in den Klassen L0-L3 (aufsteigende Stufen der Kalkdüngung) in den Jahren 1990 und 2013,"Verschmutzung, Andere direkte Treiber",Verschmutzung,Andere direkte Treiber,,,"Luftverschmutzung: abnehmende Schwefel-Ablagerung, aber hohe Stickstoff Ablagerung (positiver Einfluss der verringerten Schwefelverschmutzung scheint negativen Einfluss der dauerhaft hohen Stickstoffeinlagerung zu überdecken), Management durch verschieden",Andere,"teilweise: NSG ""Großer Kranichsee"" und NSG ""Dreibächel",Kalkdüngung,,"Angabe zum Boden: The bedrock consists of tourmaline granite, which is characterized by very low nutrient reserves and leads to the formation of podzols or brown podzols.",,Literatur,D,Moose,
552,Baumann2020,Sys,"Baumann, M. et al.",2021,Temporal changes in the ground vegetation in spruce forests in the Erzgebirge (Ore Mountains) - bryophytes are better indicators of the impact of liming and of sulphur and nitrogen deposition than the herb layer,Appl Veg Sci. 24:e12598.,10.1111/avsc.12598,Baumann_2021_JApplVegSci.pdf,,Konrad Adler,Konrad Adler,Wald,Fichtenwälder (Calamagrostio villosae-Piceetum) mit verschiedener Kalkdüngungshistorie,Nadel(Misch)Wälder und -Forste,Deutschland,Sachsen,"Waldbestände in den NSGs ""Großer Kranichsee"" & ""Dreibächel"" und in deren Umgebung, westlicher Teil des Erzgebirges zwischen den Städten Carlsfeld und Morgenröthe-Rautenkranz",D16,,1254810968,504306975,5,,"Angabe zum Boden: The bedrock consists of tourmaline granite, which is characterized by very low nutrient reserves and leads to the formation of podzols or brown podzols.",Artenzahl,,mittlere Artenzahl pro Plot,Zeit,Pflanzen,Pflanzen,Pflanzen,Kräuter/Krautschicht,,,Antwortvariable,1990,2013,23,2,Vegetationsaufnahmen (Braun-Blanquet Skala),Beobachtung,no,"2 kein Trend, 2 positiv (stärkere Zunahme mit erhöhter Kalkdüngungsfrequenz)",hoch,Tab.3: mittlere Artenzahl der Krautschicht pro Plot in den Jahren 1990 und 2013,"Verschmutzung, Andere direkte Treiber",Verschmutzung,Andere direkte Treiber,,,"Luftverschmutzung: abnehmende Schwefel-Ablagerung, aber hohe Stickstoff Ablagerung (positiver Einfluss der verringerten Schwefelverschmutzung scheint negativen Einfluss der dauerhaft hohen Stickstoffeinlagerung zu überdecken), Management durch verschieden",Andere,"teilweise: NSG ""Großer Kranichsee"" und NSG ""Dreibächel",Kalkdüngung,,"Angabe zum Boden: The bedrock consists of tourmaline granite, which is characterized by very low nutrient reserves and leads to the formation of podzols or brown podzols.",,Literatur,D,Farn- und Blütenpflanzen,
553,Baumann2020,Sys,"Baumann, M. et al.",2021,Temporal changes in the ground vegetation in spruce forests in the Erzgebirge (Ore Mountains) - bryophytes are better indicators of the impact of liming and of sulphur and nitrogen deposition than the herb layer,Appl Veg Sci. 24:e12598.,10.1111/avsc.12598,Baumann_2021_JApplVegSci.pdf,,Konrad Adler,Konrad Adler,Wald,Fichtenwälder (Calamagrostio villosae-Piceetum) mit verschiedener Kalkdüngungshistorie,Nadel(Misch)Wälder und -Forste,Deutschland,Sachsen,"Waldbestände in den NSGs ""Großer Kranichsee"" & ""Dreibächel"" und in deren Umgebung, westlicher Teil des Erzgebirges zwischen den Städten Carlsfeld und Morgenröthe-Rautenkranz",D16,,1254810968,504306975,5,,"Angabe zum Boden: The bedrock consists of tourmaline granite, which is characterized by very low nutrient reserves and leads to the formation of podzols or brown podzols.",Artenzahl,,mittlere Artenzahl pro Plot,Zeit,Pflanzen,Moose,Moose,Moosschicht,,,Antwortvariable,1990,2013,23,2,Vegetationsaufnahmen (Braun-Blanquet Skala),Beobachtung,positive,"3 positiv, 1 kein Trend (abnehmende Stärke des positiven Effekts mit steigender Düngungsfrequenz)",hoch,Tab.3: mittlere Artenzahl der Krautschicht pro Plot in den Jahren 1990 und 2013,"Verschmutzung, Andere direkte Treiber",Verschmutzung,Andere direkte Treiber,,,"Luftverschmutzung: abnehmende Schwefel-Ablagerung, aber hohe Stickstoff Ablagerung (positiver Einfluss der verringerten Schwefelverschmutzung scheint negativen Einfluss der dauerhaft hohen Stickstoffeinlagerung zu überdecken), Management durch verschieden",Andere,"teilweise: NSG ""Großer Kranichsee"" und NSG ""Dreibächel",Kalkdüngung,,"Angabe zum Boden: The bedrock consists of tourmaline granite, which is characterized by very low nutrient reserves and leads to the formation of podzols or brown podzols.",,Literatur,D,Moose,
555,JHMHRAMC,Sys,"Förster, A. et al.",2017,Long-term change in understorey plant communities of conventionally managed temperate deciduous forests: effects of nitrogen deposition and forest management,Journal of Vegetation Science 28: 747–761,10.1111/jvs.12537,Förster_2017_JVegSci.pdf,,Konrad Adler,Konrad Adler,Wald,"Buchenwälder (Luzulo-Fagetum/Melico-Fagetum, 71.5%), Eichenwälder (Luzulo-Quercetum petraeae, 17.9%), Buchen-Eichen-Birkenwälder (Fago-Quercetum petraeae, 10.5%)",Laub(Misch)Wälder und -Forste (Laubbaumanteil über 50 Prozent),Deutschland,Niedersachsen,Wälder der Solling (Mittelgebirge des Weserberglandes),D36,,9603357845,5175351953,20,,"Angabe zum Boden: Triassic sandstone (Buntsandstein formation) covered with a Pleistocene loess layer of variable depth , Most widespread terrestrial soils under forest are Dystric Cambisols (WRB classification) with silty and loamy texture and medium to",Abundanz,,Abundanz,Zeit,Pflanzen,Pflanzen,Pflanzen,Kraut- und Moosschicht,,,,1966,2013,47,2,Vegetationsaufnahmen (Braun-Blanquet Skala),Beobachtung,negative,Zunahme der Artenvielfalt in allen 3 Waldtypen (stärkster positiver Trend in Eichenwäldern),hoch,"In beech and oak forests, the cover of both the herbaceous vegetation and the moss layer decreased significantly.",Verschmutzung,Verschmutzung,,,,langfristige Stickstoffanlagerung,,,,,"Angabe zum Boden: Triassic sandstone (Buntsandstein formation) covered with a Pleistocene loess layer of variable depth , Most widespread terrestrial soils under forest are Dystric Cambisols (WRB classification) with silty and loamy texture and medium to",,Literatur,D,Moose,corrected
555,JHMHRAMC,Sys,"Förster, A. et al.",2017,Long-term change in understorey plant communities of conventionally managed temperate deciduous forests: effects of nitrogen deposition and forest management,Journal of Vegetation Science 28: 747–761,10.1111/jvs.12537,Förster_2017_JVegSci.pdf,,Konrad Adler,Konrad Adler,Wald,"Buchenwälder (Luzulo-Fagetum/Melico-Fagetum, 71.5%), Eichenwälder (Luzulo-Quercetum petraeae, 17.9%), Buchen-Eichen-Birkenwälder (Fago-Quercetum petraeae, 10.5%)",Laub(Misch)Wälder und -Forste (Laubbaumanteil über 50 Prozent),Deutschland,Niedersachsen,Wälder der Solling (Mittelgebirge des Weserberglandes),D36,,9603357845,5175351953,20,,"Angabe zum Boden: Triassic sandstone (Buntsandstein formation) covered with a Pleistocene loess layer of variable depth , Most widespread terrestrial soils under forest are Dystric Cambisols (WRB classification) with silty and loamy texture and medium to",Artenzahl,,mittlere Artenzahl pro Plot,Zeit,Pflanzen,Pflanzen,Pflanzen,Kraut- und Moosschicht,,,Antwortvariable,1966,2013,47,2,Vegetationsaufnahmen (Braun-Blanquet Skala),Beobachtung,positive,Zunahme der Artenvielfalt in allen 3 Waldtypen (stärkster positiver Trend in Eichenwäldern),hoch,"Fig.4a: Mittelwerte des Artenreichtums der kombinierten Kraut- und Moosschicht in Buchen-, Eichen- und Buchen-Eichen-Birkenwäldern",Verschmutzung,Verschmutzung,,,,langfristige Stickstoffanlagerung,,,,,"Angabe zum Boden: Triassic sandstone (Buntsandstein formation) covered with a Pleistocene loess layer of variable depth , Most widespread terrestrial soils under forest are Dystric Cambisols (WRB classification) with silty and loamy texture and medium to",,Literatur,D,Moose,corrected
558,Hemp2022,Sys,"Hemp, A. et al.",2022,European Union's Natura 2000 network: an effective tool for nature conservation? The relic pine forests of the Franconian Jura,Biodiversity and Conservation 31:1909–1926,10.1007/s10531-022-02430-9,Hemp_2022_BiodiversConserv.pdf,,Konrad Adler,Konrad Adler,Wald,"Kiefernwälder auf Dolomitgestein (Buphthalmo-Pinetum, Natura 2000: Sarmatic steppe pine forests)",Nadel(Misch)Wälder und -Forste,Deutschland,Bayern,gesamtes Gebiet der Nördlichen Frankenalb und Teile der angrenzenden Mittleren Frankenalb,D62,,1172057557,4968951673,30,,,Abundanz,Fläche,[ha],Zeit,Pflanzen,Pflanzen,Pflanzen,,,,,1990,2020,30,3,Waldkartierungen,Beobachtung,negative,"sowohl negativer Gesamttrend, als auch negativer Trend in allen 3 Verwaltungsregionen",hoch,"Fig.3: Rückgang der Kiefernwälder auf Dolomit in den letzten 30 Jahren auf Basis der Feldaufnahmen 1990-2012-2020 im gesamten Nördlichen Frankenalb und getrennt für die drei Bezirke Mittelfranken, Oberfranken und Oberpfalz",Veränderte Land-/Meeresnutzung,Veränderte Land-/Meeresnutzung,,,,"trotz Ausweisung als geschützter Lebensraum: keine Schutzmaßnahmen, weitere Pflanzung von Laubbäumen, Immigration von Fichte und Buche…",Andere,Natura 2000,,,"detaillierte Angabe zum Boden im Absatz ""Geology""",,Literatur,D,Farn- und Blütenpflanzen,
560,XKKPKMP5,Sys,"Kämmerle, JL et al.",2017,Range loss of a threatened grouse species is related to the relative abundance of a mesopredator,Ecosphere Volume 8(9): Article e01934,10.1002/ecs2.1934,Kämmerle_2017_Ecosphere.pdf,,Konrad Adler,Konrad Adler,Wald,"bewirtschaftete Waldbestände dominiert von Picea abies, Abies alba, Fagus sylvatica und Pinus sylvestris",Nadel(Misch)Wälder und -Forste,Deutschland,Baden-Württemberg,Schwarzwald,D54,,8146736429,482295252,100,,,Abundanz,Verbreitung,Flächen mit bleibendem Artvorkommen oder Verlust der Art,Zeit,Wirbeltiere,Vögel,Vögel,,,Tetrao urogallus,1,1993,2013,20,2,"Bestandsaufnahmen/Monitoring einschließlich feldgestützter Verbreitungskarten, wobei direkte und indirekte Anzeichen auf Vorkommen kombiniert wurden",Beobachtung,negative,,gering,Fig.1: Überblick über das Untersuchungsgebiet Schwarzwald im Südwesten Deutschlands (GER) entlang der der französischen (FR) und schweizerischen (CH) Grenze. Die Karte zeigt die Veränderungen in der Ausdehnung des Auerhuhns in den Untereinheiten des Schwa,Andere direkte Treiber,Andere direkte Treiber,,,,Erhöhte Populationsgrößen vom Prädator Rotfuchs,,,,,,,Literatur,D,Vögel,
561,Schneider2021,Sys,"Schneider, A. et al.",2021,The list of forest affinities for animals in Central Europe - A valuable resource for ecological analysis and monitoring in forest animal communities?,Forest Ecology and Management 479: 118542,10.1016/j.foreco.2020.118542,Schneider_2021_ForEcolManag.pdf,,Konrad Adler,Konrad Adler,Wald,Buchen-Eichenwald,Laub(Misch)Wälder und -Forste (Laubbaumanteil über 50 Prozent),Deutschland,Niedersachsen,Lüneburger Heide,D28,,9833333333,531,,"9°50’ E, 53°06’ N",,Abundanz,,Gesamtartenzahl,Zeit,Wirbellose,Arthropoden,Arthropoden,,,,,1995,2002,7,8,"Sampling mithilfe von ""pitfall""-Fallen",Beobachtung,no,"There is no significant overall trend (10% significance level) in any of the forest affinity levels for changes in the number of species or specimens from 1995 to 2002 (Fig. 4A, C).",hoch,"Fig.4a: Veränderungen der jährlichen Artenzahl der Laufkäfer, eingeteilt in ""forest affinities"", über den Studienzeitraum",,,,,,,Andere,NSG Lüneburger Heide,,,,,Literatur,D,Laufkäfer,corrected
561,Schneider2021,Sys,"Schneider, A. et al.",2021,The list of forest affinities for animals in Central Europe - A valuable resource for ecological analysis and monitoring in forest animal communities?,Forest Ecology and Management 479: 118542,10.1016/j.foreco.2020.118542,Schneider_2021_ForEcolManag.pdf,,Konrad Adler,Konrad Adler,Wald,Buchen-Eichenwald,Laub(Misch)Wälder und -Forste (Laubbaumanteil über 50 Prozent),Deutschland,Niedersachsen,Lüneburger Heide,D28,,9833333333,531,,"9°50’ E, 53°06’ N",,Artenzahl,,Gesamtartenzahl,Zeit,Wirbellose,Arthropoden,Arthropoden,,,,Antwortvariable,1995,2002,7,8,"Sampling mithilfe von ""pitfall""-Fallen",Beobachtung,no,"in 6 verschiedene funktionelle Gruppen eingeteilt, 1 zeigt keinen Trend, 5 unimodal positiv negativ",hoch,"Fig.4a: Veränderungen der jährlichen Artenzahl der Laufkäfer, eingeteilt in ""forest affinities"", über den Studienzeitraum",,,,,,,Andere,NSG Lüneburger Heide,,,,,Literatur,D,Laufkäfer,
562,TNPR58ND,Sys,"Fischer, C. et al.",2017,Trend to increasing structural diversity in German forests: results from National Forest Inventories 2002 and 2012,Annals of Forest Science 74: 80,10.1007/s13595-017-0675-5,Fischer_2017_AnnForSci.pdf,,Konrad Adler,Konrad Adler,Wald,"verschiedene Waldtypen (Buchen-, Eichen-, Fichten-, Kiefernwälder und andere)","Laub(Misch)Wälder und -Forste (Laubbaumanteil über 50 Prozent), Nadel(Misch)Wälder und -Forste",Deutschland,,,D36,,10279,51415,700,,,Artenzahl,,mittlere Artenzahl pro Plot,Zeit,Pflanzen,Pflanzen,Pflanzen,(Laub- und Nadel-)Bäume,,,Antwortvariable,2002,2012,10,2,Monitoring (National Forest Inventory NFI),Beobachtung,positive,positiver Trend für alle Waldsubtypen und auch in der Gesamtheit,hoch,Fig.1a: Mittlere Artenzahl 2002 vs. 2012 in deutschen Wäldern für die 6 Bestandstypen und den gesamten Datensatz,Veränderte Land-/Meeresnutzung,Veränderte Land-/Meeresnutzung,,,,die Diversität in deutschen Wäldern erhöht sich aufgrund des aktuellen Managements,,,,,,,Literatur,D,Farn- und Blütenpflanzen,
563,TNPR58ND,Sys,"Fischer, C. et al.",2017,Trend to increasing structural diversity in German forests: results from National Forest Inventories 2002 and 2012,Annals of Forest Science 74: 80,10.1007/s13595-017-0675-5,Fischer_2017_AnnForSci.pdf,,Konrad Adler,Konrad Adler,Wald,"verschiedene Waldtypen (Buchen-, Eichen-, Fichten-, Kiefernwälder und andere)","Laub(Misch)Wälder und -Forste (Laubbaumanteil über 50 Prozent), Nadel(Misch)Wälder und -Forste",Deutschland,,,D36,,10279,51415,700,,,ENS,,mittlerer Shannon-Index,Zeit,Pflanzen,Pflanzen,Pflanzen,(Laub- und Nadel-)Bäume,,,Antwortvariable,2002,2012,10,2,Monitoring (National Forest Inventory NFI),Beobachtung,positive,positiver Trend für alle Waldsubtypen und auch in der Gesamtheit,hoch,Fig.1b: Mittlerer Shannon-Index 2002 vs. 2012 in deutschen Wäldern für die 6 Bestandstypen und den gesamten Datensatz,Veränderte Land-/Meeresnutzung,Veränderte Land-/Meeresnutzung,,,,die Diversität in deutschen Wäldern erhöht sich aufgrund des aktuellen Managements,,,,,,,Literatur,D,Farn- und Blütenpflanzen,
564,Kudernatsch2019,non_Sys,"Kudernatsch, T. et al.",2019,Forest dynamics in the strict forest reserve Echinger Lohe - findings after four decades of permanent plot research,Tuexenia 39: 101–119,10.14471/2019.39.014,Kudernatsch_2019_Tuexenia.pdf,,Konrad Adler,Konrad Adler,Wald,"Galio-Carpinetum (FFH 9170, Labkraut-Eichen-Hainbuchenwald)",Laub(Misch)Wälder und -Forste (Laubbaumanteil über 50 Prozent),Deutschland,,Naturwaldreservat Echinger Lohe nahe München,D65,,116417608,4829873015,2,,,Artenzahl,,,Zeit,Pflanzen,Pflanzen,Pflanzen,Gehölzarten und Baumarten,,,Antwortvariable,2003,2017,14,2,pflanzensoziologische Vegetationsaufnahmen (Braun-Blanquet Skala),Beobachtung,negative,,hoch,"Fig.1: Mittlere Deckung der Gehölzarten der Baumschicht in den Aufnahmejahren 2003 und 2017, Abb. 5. Stetigkeit der wichtigsten Gehölzarten innerhalb der Krautschicht sowie innerhalb der Strauchschicht","Veränderte Land-/Meeresnutzung, Verschmutzung",Veränderte Land-/Meeresnutzung,Verschmutzung,,,"Einstellung der Bewirtschaftung, anthropogene Stickstoffeinträge",Andere,Naturwaldreservat + NSG Echinger Lohe,"1942 als Naturschutzgebiet, seit 1978 auch als Naturwaldreservat, 2001 Bestandteil von FFH-Gebiet 7735-371",,"Angabe zum Boden: mäßig trockene, aber humus- und kalkreiche Pararendzina",,Literatur,D,Farn- und Blütenpflanzen,
565,Kudernatsch2019,non_Sys,"Kudernatsch, T. et al.",2019,Forest dynamics in the strict forest reserve Echinger Lohe - findings after four decades of permanent plot research,Tuexenia 39: 101–119,10.14471/2019.39.014,Kudernatsch_2019_Tuexenia.pdf,,Konrad Adler,Konrad Adler,Wald,"Galio-Carpinetum (FFH 9170, Labkraut-Eichen-Hainbuchenwald)",Laub(Misch)Wälder und -Forste (Laubbaumanteil über 50 Prozent),Deutschland,,Naturwaldreservat Echinger Lohe nahe München,D65,,116417608,4829873015,2,,,Abundanz,,,Zeit,Pflanzen,Pflanzen,Pflanzen,Strauchschicht,,,keine Angabe,2003,2017,14,2,pflanzensoziologische Vegetationsaufnahmen (Braun-Blanquet Skala),Beobachtung,negative,,hoch,Anhang E1. Vegetationstabelle der Aufnahmen aus der Echinger Lohe aus den Jahren 2003 (links) bzw. 2017 (rechts),"Veränderte Land-/Meeresnutzung, Verschmutzung",Veränderte Land-/Meeresnutzung,Verschmutzung,,,"Einstellung der Bewirtschaftung, anthropogene Stickstoffeinträge",Andere,Naturwaldreservat + NSG Echinger Lohe,"1942 als Naturschutzgebiet, seit 1978 auch als Naturwaldreservat, 2001 Bestandteil von FFH-Gebiet 7735-371",,"Angabe zum Boden: mäßig trockene, aber humus- und kalkreiche Pararendzina",,Literatur,D,Farn- und Blütenpflanzen,corrected
565,Kudernatsch2019,non_Sys,"Kudernatsch, T. et al.",2019,Forest dynamics in the strict forest reserve Echinger Lohe - findings after four decades of permanent plot research,Tuexenia 39: 101–119,10.14471/2019.39.014,Kudernatsch_2019_Tuexenia.pdf,,Konrad Adler,Konrad Adler,Wald,"Galio-Carpinetum (FFH 9170, Labkraut-Eichen-Hainbuchenwald)",Laub(Misch)Wälder und -Forste (Laubbaumanteil über 50 Prozent),Deutschland,,Naturwaldreservat Echinger Lohe nahe München,D65,,116417608,4829873015,2,,,Abundanz,,,Zeit,Pflanzen,Pflanzen,Pflanzen,Gehölzarten und Baumarten,,,keine Angabe,2003,2017,14,2,pflanzensoziologische Vegetationsaufnahmen (Braun-Blanquet Skala),Beobachtung,negative,,hoch,Anhang E1. Vegetationstabelle der Aufnahmen aus der Echinger Lohe aus den Jahren 2003 (links) bzw. 2017 (rechts),"Veränderte Land-/Meeresnutzung, Verschmutzung",Veränderte Land-/Meeresnutzung,Verschmutzung,,,"Einstellung der Bewirtschaftung, anthropogene Stickstoffeinträge",Andere,Naturwaldreservat + NSG Echinger Lohe,"1942 als Naturschutzgebiet, seit 1978 auch als Naturwaldreservat, 2001 Bestandteil von FFH-Gebiet 7735-371",,"Angabe zum Boden: mäßig trockene, aber humus- und kalkreiche Pararendzina",,Literatur,D,Farn- und Blütenpflanzen,
566,RWNRNAJK,Sys,"Dolek, M. et al.",2018,Successful maintenance of Lepidoptera by government-funded management of coppiced forests,Journal for Nature Conservation 43: 75–84,10.1016/j.jnc.2018.02.001,Dolek_2018_JNatConserv.pdf,,Konrad Adler,Konrad Adler,Wald,"Niederwald/Mittelwald (""coppicing""/""coppicing with standards"")",Laub(Misch)Wälder und -Forste (Laubbaumanteil über 50 Prozent),Deutschland,Bayern,Steigerwald im nördlichen Bayern,D59,,1033307641,496244067,5,,,Abundanz,,"log(Anzahl von Nestern), Vorhandensein von Nestern",Jahre seit der letzten Kürzung,Wirbellose,Arthropoden,Arthropoden,,,Euphydryas maturna,1,2000,2016,16,11,Monitoring,Beobachtung,positive to negative,"Maximum bei 10-15 Jahren nach Kürzung, danach wieder Abnahme von presence und number",hoch,Fig.2: Geschätzte Glättungssplines aus den GAMM-Modellen für das Vorhandensein und die log(Anzahl) von Larvennestern von E. maturna,Veränderte Land-/Meeresnutzung,Veränderte Land-/Meeresnutzung,,,,Einfluss von Niederwald/Mittelwald-Bewirtschaftung,,,"Einführung der Vertragsnaturschutz Wald (CBCP Forest) in Bayern, dieses Programm unterstützt unter anderem die Niederwaldbewirtschaftung",,,,Literatur,D,Tagfalter,
567,RWNRNAJK,Sys,"Dolek, M. et al.",2018,Successful maintenance of Lepidoptera by government-funded management of coppiced forests,Journal for Nature Conservation 43: 75–84,10.1016/j.jnc.2018.02.001,Dolek_2018_JNatConserv.pdf,,Konrad Adler,Konrad Adler,Wald,"Niederwald/Mittelwald (""coppicing""/""coppicing with standards"")",Laub(Misch)Wälder und -Forste (Laubbaumanteil über 50 Prozent),Deutschland,Bayern,Steigerwald im nördlichen Bayern,D59,,1033307641,496244067,5,,,Abundanz,,"log(Anzahl von Nestern), Vorhandensein von Nestern",Jahre seit der letzten Kürzung,Wirbellose,Arthropoden,Arthropoden,,,Eriogaster catax,1,2000,2016,16,11,Monitoring,Beobachtung,positive to negative,"Maximum bei 5-10 Jahren nach Kürzung, danach wieder Abnahme von presence und number",hoch,Fig.2: Geschätzte Glättungssplines aus den GAMM-Modellen für das Vorhandensein und die log(Anzahl) von Larvennestern von E. maturna,Veränderte Land-/Meeresnutzung,Veränderte Land-/Meeresnutzung,,,,Einfluss von Niederwald/Mittelwald-Bewirtschaftung,,,"Einführung der Vertragsnaturschutz Wald (CBCP Forest) in Bayern, dieses Programm unterstützt unter anderem die Niederwaldbewirtschaftung",,,,Literatur,D,Nachtfalter,
568,JFBVII6W,Sys,"Dittrich, S. et al.",2016,Change in the bryophyte diversity and species composition of Central European temperate broad-leaved forests since the late nineteenth century,Biodivers Conserv 25:2071–2091,10.1007/s10531-016-1179-6,Dittrich_2016_BiodiversConserv.pdf,,Konrad Adler,Konrad Adler,Wald,buchendominierte Laubwälder,Laub(Misch)Wälder und -Forste (Laubbaumanteil über 50 Prozent),Deutschland,Niedersachsen,zehn Waldgebiete im Mittelgebirge des Weser-Leine-Berglands (genaue Standorte siehe Karte),D36,,9557561109,51674348,40,,,Artenzahl,,mittlere Artenzahl pro Studienstandort,Zeit,Pflanzen,Moose,Moose,,,,Antwortvariable,1900,2013,113,2,Monitoring,Beobachtung,negative,"negativer Trend der Gesamtartenzahl und auch er Artenzahlen in den beiden Untergruppen (liverworts, mosses)  -> hierbei nur die Abnahme der Lebermoose signifikant",hoch,Fig.4a: Veränderung der Artenzahlen von Moosen zwischen 1900 und 2013,Verschmutzung,Verschmutzung,,,,erhöhte Stickstoffanreicherung,,,,,Angaben zum Boden im Supplementary Material Table S1,,Literatur,D,Moose,
569,Schmidt2017,non_Sys,"Schmidt, W. et al.",2017,Flora and vegetation of the Lengder Burg in the Gottinger Wald A phytobiodiversity hotspot and its dynamics since the 1950s,Tuexenia 37: 95–125.,10.14471/2017.37.011,Schmidt_2017_Tuexenia.pdf,,Konrad Adler,Konrad Adler,Wald,Carici-Fagetum mit Kontaktgesellschaften,Laub(Misch)Wälder und -Forste (Laubbaumanteil über 50 Prozent),Deutschland,Niedersachsen,Lengder Burg im südlichen Teil des Göttinger Waldes,D36,,1001666667,5151666667,,"N 51°31‘, E 10°0‘",,Artenzahl,,"totale Anzahl Plots mit jeweiliger Art, prozentualer Anteil der Plots mit Art (Häufigkeit/Stetigkeit)",Zeit,Pflanzen,Pflanzen,Pflanzen,,,,Antwortvariable,1955,2016,61,2,pflanzensoziologische Vegetationsaufnahmen,Beobachtung,negative,verschiedene Trends für verschiedene Arten in verschiedenen Schichten,hoch,Fig. Supplement E2a: Vorkommen aller Arten in den Quasi-Dauerflächen des Carici-Fagetum aufgenommen zwischen 1955 und 1995 und wiederholt zwischen 2009 und 2016,"Verschmutzung, Klimawandel, Veränderte Land-/Meeresnutzung",Verschmutzung,Klimawandel,Veränderte Land-/Meeresnutzung,,"erhöhte Stickstoffanreicherung, Klimawandel, Nutzungsänderung: Übergang von Nieder-/Mittelwaldnutzung über 100jährige Hochwaldnutzung zum jetzigen Schutzwald",,,,,Angaben zum Boden siehe 2.1,,Literatur,D,Farn- und Blütenpflanzen,
569,Schmidt2017,non_Sys,"Schmidt, W. et al.",2017,Flora and vegetation of the Lengder Burg in the Gottinger Wald A phytobiodiversity hotspot and its dynamics since the 1950s,Tuexenia 37: 95–125.,10.14471/2017.37.011,Schmidt_2017_Tuexenia.pdf,,Konrad Adler,Konrad Adler,Wald,Carici-Fagetum mit Kontaktgesellschaften,Laub(Misch)Wälder und -Forste (Laubbaumanteil über 50 Prozent),Deutschland,Niedersachsen,Lengder Burg im südlichen Teil des Göttinger Waldes,D36,,1001666667,5151666667,,"N 51°31‘, E 10°0‘",,Artenzahl,,Gesamtartzenzahl im Hordelymo-Fagetum,Zeit,Pflanzen,Pflanzen,Pflanzen,Gesamtartzenzahl im Hordelymo-Fagetum,,,Antwortvariable,1955,2016,61,2,pflanzensoziologische Vegetationsaufnahmen,Beobachtung,no,verschiedene Trends für verschiedene Arten in verschiedenen Schichten,hoch,Kaum Veränderung gab es auch bei den mittleren Artenzahlen.,"Verschmutzung, Klimawandel, Veränderte Land-/Meeresnutzung",Verschmutzung,Klimawandel,Veränderte Land-/Meeresnutzung,,"erhöhte Stickstoffanreicherung, Klimawandel, Nutzungsänderung: Übergang von Nieder-/Mittelwaldnutzung über 100jährige Hochwaldnutzung zum jetzigen Schutzwald",,,,,Angaben zum Boden siehe 2.1,,Literatur,D,Farn- und Blütenpflanzen,corrected
569,Schmidt2017,non_Sys,"Schmidt, W. et al.",2017,Flora and vegetation of the Lengder Burg in the Gottinger Wald A phytobiodiversity hotspot and its dynamics since the 1950s,Tuexenia 37: 95–125.,10.14471/2017.37.011,Schmidt_2017_Tuexenia.pdf,,Konrad Adler,Konrad Adler,Wald,Carici-Fagetum mit Kontaktgesellschaften,Laub(Misch)Wälder und -Forste (Laubbaumanteil über 50 Prozent),Deutschland,Niedersachsen,Lengder Burg im südlichen Teil des Göttinger Waldes,D36,,1001666667,5151666667,,"N 51°31‘, E 10°0‘",,Artenzahl,,"totale Anzahl Plots mit jeweiliger Art, prozentualer Anteil der Plots mit Art (Häufigkeit/Stetigkeit)",Zeit,Pflanzen,Pflanzen,Pflanzen,Strauchschicht,,,Antwortvariable,1955,2016,61,2,pflanzensoziologische Vegetationsaufnahmen,Beobachtung,positive,verschiedene Trends für verschiedene Arten in verschiedenen Schichten,hoch,Allein in der Strauchschicht des Hordelymo-Fagetum hat sich die Artenzahl gegenüber der Erstaufnahme signifikant erhöht.,"Verschmutzung, Klimawandel, Veränderte Land-/Meeresnutzung",Verschmutzung,Klimawandel,Veränderte Land-/Meeresnutzung,,"erhöhte Stickstoffanreicherung, Klimawandel, Nutzungsänderung: Übergang von Nieder-/Mittelwaldnutzung über 100jährige Hochwaldnutzung zum jetzigen Schutzwald",,,,,Angaben zum Boden siehe 2.1,,Literatur,D,Farn- und Blütenpflanzen,corrected
570,Fischer2015A,non_Sys,"Fischer, A. et al.",2015,Central European lichen pine forests in Bavaria: historical development and future,Tuexenia 35: 9–29,10.14471/2015.35.012,Fischer_2015_Tuexenia.pdf,,Konrad Adler,Konrad Adler,Wald,"Flechtenreiche Kiefernwälder (FKW), Vegetationsgesellschaften hierbei entweder Cladonio-Pinetum oder Leucobryo-Pinetum",Nadel(Misch)Wälder und -Forste,Deutschland,Bayern,Lorenzer Reichswald (östlich von Nürnberg) und Nürnberger Reichswald,D59,,1119482613,4947241835,10,,,Abundanz,,mittlerer Deckungsgrad,Zeit,Pflanzen,Moose,Moose,,,,?,1980,2014,34,2,Vegetationsaufnahmen,Beobachtung,positive,,hoch,Fig.4: Gesamtdeckung der Moose (rechts) in allen Vegetationsaufnahmen mit Wiederholungserhebungen,"Verschmutzung, Veränderte Land-/Meeresnutzung",Verschmutzung,Veränderte Land-/Meeresnutzung,,,"Wegfall des Nährstoffentzugs durch Streurechen, erhöhter Stickstoffeintrag durch die Luft",,,,,"Studie enthält weitere Ergebnisse, diese allerdings schwer zu extrahieren",,Literatur,D,Moose,
571,Fischer2015A,non_Sys,"Fischer, A. et al.",2015,Central European lichen pine forests in Bavaria: historical development and future,Tuexenia 35: 9–29,10.14471/2015.35.012,Fischer_2015_Tuexenia.pdf,,Konrad Adler,Konrad Adler,Wald,"Flechtenreiche Kiefernwälder (FKW), Vegetationsgesellschaften hierbei entweder Cladonio-Pinetum oder Leucobryo-Pinetum",Nadel(Misch)Wälder und -Forste,Deutschland,Bayern,Lorenzer Reichswald (östlich von Nürnberg) und Nürnberger Reichswald,D59,,1119482613,4947241835,10,,,Abundanz,,mittlerer Deckungsgrad,Zeit,Pilze_Flechten,Flechten,Flechten,,,,?,1980,2014,34,2,Vegetationsaufnahmen,Beobachtung,negative,,hoch,Fig.4: Gesamtdeckung der Flechten (links) in allen Vegetationsaufnahmen mit Wiederholungserhebungen,"Verschmutzung, Veränderte Land-/Meeresnutzung",Verschmutzung,Veränderte Land-/Meeresnutzung,,,"Wegfall des Nährstoffentzugs durch Streurechen, erhöhter Stickstoffeintrag durch die Luft",,,,,"Studie enthält weitere Ergebnisse, diese allerdings schwer zu extrahieren",,Literatur,D,Flechten und flechtenbewohnende Pilze,
571,Fischer2015A,non_Sys,"Fischer, A. et al.",2015,Central European lichen pine forests in Bavaria: historical development and future,Tuexenia 35: 9–29,10.14471/2015.35.012,Fischer_2015_Tuexenia.pdf,,Konrad Adler,Konrad Adler,Wald,"Flechtenreiche Kiefernwälder (FKW), Vegetationsgesellschaften hierbei entweder Cladonio-Pinetum oder Leucobryo-Pinetum",Nadel(Misch)Wälder und -Forste,Deutschland,Bayern,Lorenzer Reichswald (östlich von Nürnberg) und Nürnberger Reichswald,D59,,1119482613,4947241835,10,,,Artenzahl,,Artenzahl,Zeit,Pilze_Flechten,Flechten,Flechten,,,,Antwortvariable,1980,2014,34,2,Vegetationsaufnahmen,Beobachtung,no,,hoch,Fig.4: Gesamtdeckung der Flechten (links) in allen Vegetationsaufnahmen mit Wiederholungserhebungen,"Verschmutzung, Veränderte Land-/Meeresnutzung",Verschmutzung,Veränderte Land-/Meeresnutzung,,,"Wegfall des Nährstoffentzugs durch Streurechen, erhöhter Stickstoffeintrag durch die Luft",,,,,"Studie enthält weitere Ergebnisse, diese allerdings schwer zu extrahieren",,Literatur,D,Flechten und flechtenbewohnende Pilze,corrected
572,#NV,non_Sys,"Fischer, C. et al.",2016,The development of forests in Lower Saxony during the last 25 years - results after three national forest inventories,"Allg. Forst- u. J.-Ztg., 187. Jg., 1/2",nicht vorhanden,Fischer_2016_AllgForstJagdZtg.pdf,,Konrad Adler,Konrad Adler,Wald,verschiedene Waldtypen,"Laub(Misch)Wälder und -Forste (Laubbaumanteil über 50 Prozent), Nadel(Misch)Wälder und -Forste",Deutschland,Niedersachsen,,D30,,9162965134,5276556373,150,,,Abundanz,,prozentuale Flächenanteile am bestockten Holzboden,Zeit,Pflanzen,Pflanzen,Pflanzen,Laub- und Nadelbäume,"Eiche, Buche, Fichte, Kiefer, Douglasie, Lärche, Tanne",,7,1987,2012,25,3,Waldinventur (BWI),Beobachtung,positive,"verschiedene Trends für die Arten (3 positiv, 2 negativ, 2 kein Trend)",hoch,Tab.4: prozentuale Flächenanteile am bestockten Holzboden nach Baumartgruppen und Inventurzeitpunkt,Veränderte Land-/Meeresnutzung,Veränderte Land-/Meeresnutzung,,,,,,,,,,,Literatur,D,Farn- und Blütenpflanzen,
573,Meyer2021,Sys,"Meyer, P. et al",2021,"Limited sink but large storage: Biomass dynamics in naturally developing beech (Fagus sylvatica) and oak (Quercus robur, Quercus petraea) forests of north-western Germany","Journal of Ecology. 2021,109:3602–3616.",10.1111/1365-2745.13740,,,Konrad Adler,Konrad Adler,Wald,beech (Fagus sylvatica) forest,"Laub(Misch)Wälder und -Forste (Laubbaumanteil über 50 Prozent), Nadel(Misch)Wälder und -Forste",Deutschland,Niedersachsen,"strict forest reserves (SFR) in Lower Saxony, Germany",D30,,9162965134,5276556373,150,,,Abundanz,,Above-ground woody biomass (t/ha),Zeit,Pflanzen,Pflanzen,Pflanzen,,,,Antwortvariable,1974,2011,37,3,Monitoring,Beobachtung,positive,net change in  biomass  was  positive  in  all  forest  types. Biomass increased linearly with TSA in pure beech stands but followed an asymptotic course in the mixed forests.,hoch,FIGURE 4 Models for biomass as a function of time since abandonment (TSA) for the three different forest types. Table S1: Information on the census years,Veränderte Land-/Meeresnutzung,Veränderte Land-/Meeresnutzung,,,,"Nutzungsaufgabe, natürliche Sukzession",,,,,,,Literatur,D,Farn- und Blütenpflanzen,
574,G6VGX6IW,Sys,"Naaf, T & Kolk, J",2016,Initial site conditions and interactions between multiple drivers determine herb-layer changes over five decades in temperate forests,Forest Ecology and Management 366 (2016) 153–165 155,10.1016/j.foreco.2016.01.041,,,Konrad Adler,Konrad Adler,Wald,,Nadel(Misch)Wälder und -Forste,Deutschland,Brandenburg,"Prignitz region, 2800 km2",D05,,1203333333,5305,,"52°450N–53°2




20N, 11°470E–12°370E",cambisol,Artenzahl,,,Zeit,Pflanzen,Pflanzen,Pflanzen,,,,Antwortvariable,1960,2014,54,2,Monitoring,Beobachtung,positive,Species richness increased only at moderately acidic to base-rich sites,gering,"Fig. 2. Changes over time in total species richness (SR), forest specialist richness (SPEC), floristic distinctiveness (BETA",Veränderte Land-/Meeresnutzung,Veränderte Land-/Meeresnutzung,,,,"Acidic sites experienced eutrophication, base-rich sites acidification.",,,,,,,Literatur,D,Farn- und Blütenpflanzen,
575,G6VGX6IW,Sys,"Naaf, T & Kolk, J",2016,Initial site conditions and interactions between multiple drivers determine herb-layer changes over five decades in temperate forests,Forest Ecology and Management 366 (2016) 153–165 155,10.1016/j.foreco.2016.01.041,,,Konrad Adler,Konrad Adler,Wald,,Nadel(Misch)Wälder und -Forste,Deutschland,Brandenburg,"Prignitz region, 2800 km2",D05,,1203333333,5305,,"52°450N–53°2




20N, 11°470E–12°370E",cambisol,ENS,,"floristic distinctive-




ness (beta diversity",Zeit,Pflanzen,Pflanzen,Pflanzen,,,,Antwortvariable,1960,2014,54,2,Monitoring,Beobachtung,negative,"floristic distinctive-




ness (beta diversity) generally decreased but decreased significantly stronger on base-rich than on acidic




sites",gering,"Fig. 2. Changes over time in total species richness (SR), forest specialist richness (SPEC), floristic distinctiveness (BETA",Veränderte Land-/Meeresnutzung,Veränderte Land-/Meeresnutzung,,,,"Acidic sites experienced eutrophication, base-rich sites acidification.",,,,,,,Literatur,D,Farn- und Blütenpflanzen,
576,IQAPH2T3,Sys,"Lorenz, M. et al",2018,The German Forest Strategy 2020: Target achievement control using National Forest Inventory results,"Annals of Forest Research, 129-146.",10.15287/afr.2018.1185,,,Konrad Adler,Konrad Adler,Wald,,,Deutschland,,,D36,,10279,51415,700,,,Abundanz,,share of area (%),Zeit,Pflanzen,Pflanzen,Pflanzen,,,,13 stocking types,2002,2012,10,2,"Monitoring, German




National Forest Inventory (BWI)",Beobachtung,positive,Total forest area and forest growth are increasing,gering,Fig. 2 Percentages of stocking types of total timberland,Veränderte Land-/Meeresnutzung,Veränderte Land-/Meeresnutzung,,,,,,,,,,,Literatur,D,Farn- und Blütenpflanzen,
577,V6PNDE7G,Sys,"Roth, N. et al.",2021,Host specificity and species colouration mediate the regional decline of nocturnal moths in central European forests,"Ecography, Volume44, Issue6",,,,Konrad Adler,Konrad Adler,Wald,all  forest  types  in  the  temperate  zone  of  central  Europe,,Deutschland,Bayern,whole German federal state of Bavaria (70 550 km2),D61,,1141966136,4894757031,150,,,Artenzahl,,,Zeit,Wirbellose,Arthropoden,Arthropoden,,,,Antwortvariable,1978,2018,40,41,Monitoring,Beobachtung,negative,"temporal declines in species richness (−38%), abundance (−53%) and biomass (−57%) at the regional scale",hoch,"Figure 3. Trends of species richness (a), abundance (b) and biomass (c) between 1978 and 2018 at the local (coppiced forest) and regional scale (state-wide forest)","Klimawandel, Veränderung der Struktur der Landschaft",Klimawandel,Veränderung der Struktur der Landschaft,,,,,,,,,,Literatur,D,Nachtfalter,
578,V6PNDE7G,Sys,"Roth, N. et al.",2021,Host specificity and species colouration mediate the regional decline of nocturnal moths in central European forests,"Ecography, Volume44, Issue6",,,,Konrad Adler,Konrad Adler,Wald,all  forest  types  in  the  temperate  zone  of  central  Europe,,Deutschland,Bayern,whole German federal state of Bavaria (70 550 km2),D61,,1141966136,4894757031,150,,,Abundanz,,,Zeit,Wirbellose,Arthropoden,Arthropoden,,,,Antwortvariable,1978,2018,40,41,Monitoring,Beobachtung,negative,"temporal declines in species richness (−38%), abundance (−53%) and biomass (−57%) at the regional scale",hoch,"Figure 3. Trends of species richness (a), abundance (b) and biomass (c) between 1978 and 2018 at the local (coppiced forest) and regional scale (state-wide forest)","Klimawandel, Veränderung der Struktur der Landschaft",Klimawandel,Veränderung der Struktur der Landschaft,,,,,,,,,,Literatur,D,Nachtfalter,
579,V6PNDE7G,Sys,"Roth, N. et al.",2021,Host specificity and species colouration mediate the regional decline of nocturnal moths in central European forests,"Ecography, Volume44, Issue6",,,,Konrad Adler,Konrad Adler,Wald,all  forest  types  in  the  temperate  zone  of  central  Europe,,Deutschland,Bayern,whole German federal state of Bavaria (70 550 km2),D61,,1141966136,4894757031,150,,,Abundanz,,Biomasse,Zeit,Wirbellose,Arthropoden,Arthropoden,,,,Antwortvariable,1978,2018,40,41,Monitoring,Beobachtung,negative,"temporal declines in species richness (−38%), abundance (−53%) and biomass (−57%) at the regional scale",hoch,"Figure 3. Trends of species richness (a), abundance (b) and biomass (c) between 1978 and 2018 at the local (coppiced forest) and regional scale (state-wide forest)","Klimawandel, Veränderung der Struktur der Landschaft",Klimawandel,Veränderung der Struktur der Landschaft,,,,,,,,,,Literatur,D,Nachtfalter,
580,DWZ4QPWZ,Sys,"Wendland, V.",1972,14jährige Beobachtungen zur Vermehrung des Waldkauzes (Strix aluco L.),Journal of Ornithology 113: 276-286,10.1007/BF01647508,Wendland_1972_JOrnithol.pdf,,Konrad Adler,Konrad Adler,Wald,geschlossener Kiefernmischwald mit >35% Laubholzanteil,Nadel(Misch)Wälder und -Forste,Deutschland,Berlin,Grunewald in West-Berlin,D12,,1322222497,5246921264,5,,,Abundanz,,Anzahl Brutpaare,Zeit,Wirbeltiere,Vögel,Vögel,,Waldkauz,Strix aluco,1,1958,1971,13,14,audiovisuelles Monitoring,Beobachtung,no,,hoch,Tab.1. Vermehrung der Waldkäuze des Berliner Grunewalds von 1958-1971,Andere direkte Treiber,Andere direkte Treiber,,,,Abhängigkeit von Angebot an Beutetieren,,,,,genaue Beschreibung des Untersuchungsgebietes wird in Wendland 1963 gegeben,,Literatur,D,Vögel,
586,Jöbges2006,non_Sys,"Jöbges, M.",2006,"Die Rückkehr des Schwarzstorches Ciconia nigra nach NRW - Habitatansprüche, Bestandsentwicklung, Schutzmaßnahmen",LÖBF-Mitteilungen Nr.2/2006: 14-16,nicht vorhanden,Jöbges_2006_LÖBFMitteilungen.pdf,,Konrad Adler,Konrad Adler,Wald,,,Deutschland,,,D36,,10279,51415,700,,,Abundanz,,Anzahl Revierpaare,Zet,Wirbeltiere,Vögel,Vögel,,Schwarzstorch,Ciconia nigra,1,1950,2003,53,8,,Beobachtung,positive,,hoch,Tab.1: Bestandsentwicklung des Schwarzstorches Ciconia nigra in Deutschland von 1950-2003,Veränderte Land-/Meeresnutzung,Veränderte Land-/Meeresnutzung,,,,"strenges Schutzregime, Verbesserung der Bruthabitate",,,,,"pdf = gesamte Zeitschrift, Artikel befindet sich auf S.14-16",,Literatur,D,Vögel,
587,Jöbges2006,non_Sys,"Jöbges, M.",2006,"Die Rückkehr des Schwarzstorches Ciconia nigra nach NRW - Habitatansprüche, Bestandsentwicklung, Schutzmaßnahmen",LÖBF-Mitteilungen Nr.2/2006: 14-16,nicht vorhanden,Jöbges_2006_LÖBFMitteilungen.pdf,,Konrad Adler,Konrad Adler,Wald,Laub- und Mischwälder,Laub(Misch)Wälder und -Forste (Laubbaumanteil über 50 Prozent),Deutschland,Nordrhein-Westfalen,,D38,,7564234768,5147888555,150,,,Abundanz,,Anzahl Revierpaare,Zet,Wirbeltiere,Vögel,Vögel,,Schwarzstorch,Ciconia nigra,1,1910,2003,93,7,,Beobachtung,positive,,hoch,Abb.2: Bestandsentwicklung des Schwarzstorches Ciconia nigra in Nordrhein-Westfalen,Veränderte Land-/Meeresnutzung,Veränderte Land-/Meeresnutzung,,,,"strenges Schutzregime, Verbesserung der Bruthabitate",,,,,"pdf = gesamte Zeitschrift, Artikel befindet sich auf S.14-16",,Literatur,D,Vögel,
588,DHLJZFXW,Sys,"Hauck, M. et al.",2013,Dramatic diversity losses in epiphytic lichens in temperate broad-leaved forests during the last 150 years,Biological Conservation 157: 136-145,10.1016/j.biocon.2012.06.015,Hauck_2013_BiolConserv.pdf,,Konrad Adler,Konrad Adler,Wald,halbnatürliche Laubwälder unterschiedlicher Gesellschaften und Bewirtschaftung(-shistorie),Laub(Misch)Wälder und -Forste (Laubbaumanteil über 50 Prozent),Deutschland,"Nordrhein-Westfalen, Niedersachsen","""Weser-Ems-Lowlands"" (Gebiet im Norddeutschen Tiefland mit 17 Standpunkten)",D28,,100624841,5288357619,50,,,Abundanz,,prozentualer Anteil der Spezies mit Abundanzveränderung,Zeit,Pilze_Flechten,Flechten,Flechten,,,,>20,1900,2011,111,2,Vegetationsaufnahmen nach Vorbild der historischen Daten/Methoden,Beobachtung,negative,"55% negativ, 30% kein Trend, 15% positiv",hoch,"Fig.3: Arten mit Veränderungen ihrer Abundanz in den ""Weser-Ems Lowlands"" seit dem 19. bzw. frühen 20 Jahrhundert","Veränderte Land-/Meeresnutzung, Verschmutzung",Veränderte Land-/Meeresnutzung,Verschmutzung,,,"veränderte Waldbewirtschaftung (Entnahme von Totholz…), Entwässerung und die folgende Abnahme der Luft- und Bodenfeuchtigkeit, Ablagerung von düngenden und versauernden Substanzen",,,,,Fig.4 fächert die Veränderung zusätzlich in verschiedenen Flechtgesellschaften auf,,Literatur,D,Flechten und flechtenbewohnende Pilze,
589,DHLJZFXW,Sys,"Hauck, M. et al.",2013,Dramatic diversity losses in epiphytic lichens in temperate broad-leaved forests during the last 150 years,Biological Conservation 157: 136-145,10.1016/j.biocon.2012.06.015,Hauck_2013_BiolConserv.pdf,,Konrad Adler,Konrad Adler,Wald,halbnatürliche Laubwälder dominiert von Buche und Eiche,Laub(Misch)Wälder und -Forste (Laubbaumanteil über 50 Prozent),Deutschland,"Nordrhein-Westfalen, Niedersachsen",Solling (Mittelgebirge in Niedersachsen),D36,,9612766212,5172286901,20,,,Abundanz,,prozentualer Anteil der Spezies mit Abundanzveränderung,Zeit,Pilze_Flechten,Flechten,Flechten,,,,>20,1900,1999,99,2,Vegetationsaufnahmen nach Vorbild der historischen Daten/Methoden,Beobachtung,negative,"70% negativ, 20% kein Trend, 10% positiv",hoch,Fig.3: Arten mit Veränderungen ihrer Abundanz im Solling seit dem 19. bzw. frühen 20 Jahrhundert,"Veränderte Land-/Meeresnutzung, Verschmutzung",Veränderte Land-/Meeresnutzung,Verschmutzung,,,"veränderte Waldbewirtschaftung (Entnahme von Totholz…), Entwässerung und die folgende Abnahme der Luft- und Bodenfeuchtigkeit, Ablagerung von düngenden und versauernden Substanzen",,,,,Fig.4 fächert die Veränderung zusätzlich in verschiedenen Flechtgesellschaften auf,,Literatur,D,Flechten und flechtenbewohnende Pilze,
592,3YVJV7GT,Sys,"Günther, J. et al.",2004,"Fluctuations of carabid populations inhabiting an ancient woodland (Coleoptera, Carabidae)",Pedobiologia 48: 159-164,10.1016/j.pedobi.2003.11.002,Günher_2004_Pedobiologia.pdf,,Konrad Adler,Konrad Adler,Wald,alte Buchen- und Eichenwälder (Periclymeno-Fagetum),Laub(Misch)Wälder und -Forste (Laubbaumanteil über 50 Prozent),Deutschland,Niedersachsen,"""Hofgehölz Möhr"" im NSG Lüneburger Heide",D28,,9833333333,531,,"9°50' east, 53°06' north",,Abundanz,,,Zeit,Wirbellose,Arthropoden,Arthropoden,Laufkäfer (Carabidae),,,>20,1994,2002,8,9,"Sampling mithilfe von ""pitfall traps""",Beobachtung,no,"Abundanzen schwanken in den jeweiligen Arten unterschiedlich stark, keine erkennbaren signifikanten Trends über die gesamte Studienperiode",hoch,Tab.1: Gesamtfangzahlen für alle Spezies in den Jahren 1994-2002,,,,,,,Andere,NSG Lüneburger Heide,,,"Angabe Boden: ""acid ground""",,Literatur,D,Laufkäfer,
593,SVXF36H4,non_Sys,"George, K.",2017,Langjährige Bestandsentwicklung häufiger Brutvogelarten im Naturpark Harz/Sachsen-Anhalt,"Vogelwarte 55, 2017: 217-234",nicht vorhanden,George_2017_Vogelwarte.pdf,,Konrad Adler,Konrad Adler,Wald,"heterogene Lebensräume im Untersuchungsgebiet (verschiedene Nadel- und Laubbaumbestände, Grünland, Ackerland…)",,Deutschland,Sachsen-Anhalt,Gemarkung Güntersberge im Landkreis Harz,D37,,1097959878,5164397839,10,,,Abundanz,,Anzahl Reviere,Zeit,Wirbeltiere,Vögel,Vögel,,,,>20,1993,2016,23,24,"Siedlungsdichteuntersuchungen nach Dornbusch et al. (1986), Revierkartierungen",Beobachtung,negative,,hoch,"Abb.11: Entwicklung des Bestands der häufigen Brutvogelarten einer Normallandschaft bei Güntersberge im Unterharz im Zeitraum von 1993 bis 2016, Abb.12: Entwicklung des Bestands aller Brutvogelarten einer Normallandschaft bei Güntersberge im Unterharz im",Veränderte Land-/Meeresnutzung,Veränderte Land-/Meeresnutzung,,,,,Andere,Naturpark Harz,,,"es werden mögliche Treiber genannt, diese aber nicht mit Fakten/Daten unterstützt",,Literatur,D,Vögel,
594,SVXF36H4,non_Sys,"George, K.",2017,Langjährige Bestandsentwicklung häufiger Brutvogelarten im Naturpark Harz/Sachsen-Anhalt,"Vogelwarte 55, 2017: 217-234",nicht vorhanden,George_2017_Vogelwarte.pdf,,Konrad Adler,Konrad Adler,Wald,"heterogene Lebensräume im Untersuchungsgebiet (verschiedene Nadel- und Laubbaumbestände, Grünland, Ackerland…)",,Deutschland,Sachsen-Anhalt,Gemarkung Güntersberge im Landkreis Harz,D37,,1097959878,5164397839,10,,,Abundanz,,Anzahl Reviere,Zeit,Wirbeltiere,Vögel,Vögel,,"Tannenmeise, Sommergoldhähnchen","Parus ater, Regulus ignicapilla",2,2001,2016,15,16,"Siedlungsdichteuntersuchungen nach Dornbusch et al. (1986), Revierkartierungen",Beobachtung,no,Populationsschwankungen zwischen den Jahren bei beiden Arten,hoch,Abb.13: Bestandsentwicklung von Tannenmeise und Sommergoldhähnchen im Untersuchungsgebiet,Veränderte Land-/Meeresnutzung,Veränderte Land-/Meeresnutzung,,,,,Andere,Naturpark Harz,,,"es werden mögliche Treiber genannt, diese aber nicht mit Fakten/Daten unterstützt",,Literatur,D,Vögel,
595,SVXF36H4,non_Sys,"George, K.",2017,Langjährige Bestandsentwicklung häufiger Brutvogelarten im Naturpark Harz/Sachsen-Anhalt,"Vogelwarte 55, 2017: 217-234",nicht vorhanden,George_2017_Vogelwarte.pdf,,Konrad Adler,Konrad Adler,Wald,"heterogene Lebensräume im Untersuchungsgebiet (verschiedene Nadel- und Laubbaumbestände, Grünland, Ackerland…)",,Deutschland,Sachsen-Anhalt,Gemarkung Güntersberge im Landkreis Harz,D37,,1097959878,5164397839,10,,,Abundanz,,Anzahl Reviere,Zeit,Wirbeltiere,Vögel,Vögel,,Rotkehlchen,Erithacus rubecula,1,1993,2016,23,24,"Siedlungsdichteuntersuchungen nach Dornbusch et al. (1986), Revierkartierungen",Beobachtung,negative,,hoch,Abb.15: Bestandsentwicklung des Rotkehlchens im Untersuchungsgebiet,Veränderte Land-/Meeresnutzung,Veränderte Land-/Meeresnutzung,,,,,Andere,Naturpark Harz,,,"es werden mögliche Treiber genannt, diese aber nicht mit Fakten/Daten unterstützt",,Literatur,D,Vögel,
596,SVXF36H4,non_Sys,"George, K.",2017,Langjährige Bestandsentwicklung häufiger Brutvogelarten im Naturpark Harz/Sachsen-Anhalt,"Vogelwarte 55, 2017: 217-234",nicht vorhanden,George_2017_Vogelwarte.pdf,,Konrad Adler,Konrad Adler,Wald,"heterogene Lebensräume im Untersuchungsgebiet (verschiedene Nadel- und Laubbaumbestände, Grünland, Ackerland…)",,Deutschland,Sachsen-Anhalt,Gemarkung Güntersberge im Landkreis Harz,D37,,1097959878,5164397839,10,,,Abundanz,,Anzahl Reviere,Zeit,Wirbeltiere,Vögel,Vögel,,Baumpieper,Anthus trivialis,1,1993,2016,23,24,"Siedlungsdichteuntersuchungen nach Dornbusch et al. (1986), Revierkartierungen",Beobachtung,negative,,hoch,Abb.16: Bestandsentwicklung des Baumpiepers im Untersuchungsgebiet,Veränderte Land-/Meeresnutzung,Veränderte Land-/Meeresnutzung,,,,,Andere,Naturpark Harz,,,"es werden mögliche Treiber genannt, diese aber nicht mit Fakten/Daten unterstützt",,Literatur,D,Vögel,
597,4PX89Z47,non_Sys,"Jantsch, M. et al.",2012,Änderungen in der pflanzlichen Biodiversität von Buchenwäldern in Bayern unter dem Aspekt von Global Change,Treffpunkt Biologische Vielfalt 11: 39-44 (BfN-Skripten),nicht vorhanden,Jantsch_2012_TreffpunktBiologischeVielfalt.pdf,,Konrad Adler,Konrad Adler,Wald,"Buchenwälder (Aposerido-, Carici und Hordelymo-Fagetum & Luzulo-Fagetum)",Laub(Misch)Wälder und -Forste (Laubbaumanteil über 50 Prozent),Deutschland,Bayern,,D61,,1141966136,4894757031,150,,,Artenzahl,,"Gesamtartenzahl, durchschnittliche Artenzahl",Zeit,Pflanzen,Pflanzen,Pflanzen,,,,>20,1964,2010,46,2,Vegetationsaufnahmen,Beobachtung,negative,überwiegend negative Trends,gering,Angaben im Fließtext: Ergebnisse,"Klimawandel, Verschmutzung, Veränderte Land-/Meeresnutzung",Klimawandel,Verschmutzung,Veränderte Land-/Meeresnutzung,,"erhöhter Stickstoffeintrag, Düngerausbringung, Änderung der Waldewirtschaftung…",,,,,"pdf = gesamte Zeitschrift, Artikel befindet sich auf S. 39-44, Artikel enthält keine Tabellen/Abbildungen - Infos nur im Fließtext, Erstaufnahmen zw. 1949-1985",,Literatur,D,Farn- und Blütenpflanzen,
598,PUJAPGWQ,non_Sys,"Kudernatsch, T. et al.",2019,Wandel auf allen Ebenen - Vegetationsveränderungen im Eichen-Hainbuchenwald „Echinger Lohe“ bei München während der letzten drei Jahrzehnte,"Waldökologie, Landschaftsforschung und Naturschutz Heft 18: S.79-90",nicht vorhanden,Kudernatsch_2019_WaldökologieLandschaftsforschungNaturschutz.pdf,,Konrad Adler,Konrad Adler,Wald,Waldlabkraut-Eichen-Hainbuchenwälder (Galio-Carpinetum),Laub(Misch)Wälder und -Forste (Laubbaumanteil über 50 Prozent),Deutschland,Bayern,Eichinger Lohe im Nordosten Münchens nahe der Gemeinde Eching,D65,,1164404437,4829919363,2,,,Artenzahl,,Stetigkeit (Anzahl der Transektflächen mit Vorkommen der Art),Zeit,Pflanzen,Pflanzen,Pflanzen,Krautschicht,,,Antwortvariable,1986,2017,31,3,Vegetationsaufnahmen (Braun-Blanquet),Beobachtung,negative,,hoch,"Abb.7: Entwicklung der Grundfläche sowie Anteile der verschiedenen Baumarten an der Gesamtgrundfläche zwischen 1986, 2003 und 2017","Veränderte Land-/Meeresnutzung, Verschmutzung",Veränderte Land-/Meeresnutzung,Verschmutzung,,,"Einstellung der intensiven Lohwald-Bewirtschaftung, erhöhte anthropogene Stickstoffeinträge, intensiver Wildeinfluss",Andere,Naturwaldreservat Echinger Lohe,,,,,Literatur,D,Farn- und Blütenpflanzen,
598,PUJAPGWQ,non_Sys,"Kudernatsch, T. et al.",2019,Wandel auf allen Ebenen - Vegetationsveränderungen im Eichen-Hainbuchenwald „Echinger Lohe“ bei München während der letzten drei Jahrzehnte,"Waldökologie, Landschaftsforschung und Naturschutz Heft 18: S.79-90",nicht vorhanden,Kudernatsch_2019_WaldökologieLandschaftsforschungNaturschutz.pdf,,Konrad Adler,Konrad Adler,Wald,Waldlabkraut-Eichen-Hainbuchenwälder (Galio-Carpinetum),Laub(Misch)Wälder und -Forste (Laubbaumanteil über 50 Prozent),Deutschland,Bayern,Eichinger Lohe im Nordosten Münchens nahe der Gemeinde Eching,D65,,1164404437,4829919363,2,,,Abundanz,,Abundanz,Zeit,Pflanzen,Pflanzen,Pflanzen,Strauchschicht Deckung,,,,1986,2017,31,3,Vegetationsaufnahmen (Braun-Blanquet),Beobachtung,negative,,hoch,So verringerte sich beispielsweise die mittlere Deckung der Strauchschicht im Transekt von 70 % in 1986 auf 40 % in 2017.,"Veränderte Land-/Meeresnutzung, Verschmutzung",Veränderte Land-/Meeresnutzung,Verschmutzung,,,"Einstellung der intensiven Lohwald-Bewirtschaftung, erhöhte anthropogene Stickstoffeinträge, intensiver Wildeinfluss",Andere,Naturwaldreservat Echinger Lohe,,,,,Literatur,D,Farn- und Blütenpflanzen,corrected
598,PUJAPGWQ,non_Sys,"Kudernatsch, T. et al.",2019,Wandel auf allen Ebenen - Vegetationsveränderungen im Eichen-Hainbuchenwald „Echinger Lohe“ bei München während der letzten drei Jahrzehnte,"Waldökologie, Landschaftsforschung und Naturschutz Heft 18: S.79-90",nicht vorhanden,Kudernatsch_2019_WaldökologieLandschaftsforschungNaturschutz.pdf,,Konrad Adler,Konrad Adler,Wald,Waldlabkraut-Eichen-Hainbuchenwälder (Galio-Carpinetum),Laub(Misch)Wälder und -Forste (Laubbaumanteil über 50 Prozent),Deutschland,Bayern,Eichinger Lohe im Nordosten Münchens nahe der Gemeinde Eching,D65,,1164404437,4829919363,2,,,Abundanz,,Abundanz,Zeit,Pflanzen,Pflanzen,Pflanzen,Baumschicht 2 Unter- und Zwischenstand,,,,1986,2017,31,3,Vegetationsaufnahmen (Braun-Blanquet),Beobachtung,positive,,hoch,Während die überwiegend im Unter- und Zwischenstand vorkommenden Baumarten Bergahorn und Hainbuche ihre Anteile an der Bestandesgrundfläche ausbauen konnten,"Veränderte Land-/Meeresnutzung, Verschmutzung",Veränderte Land-/Meeresnutzung,Verschmutzung,,,"Einstellung der intensiven Lohwald-Bewirtschaftung, erhöhte anthropogene Stickstoffeinträge, intensiver Wildeinfluss",Andere,Naturwaldreservat Echinger Lohe,,,,,Literatur,D,Farn- und Blütenpflanzen,corrected
598,PUJAPGWQ,non_Sys,"Kudernatsch, T. et al.",2019,Wandel auf allen Ebenen - Vegetationsveränderungen im Eichen-Hainbuchenwald „Echinger Lohe“ bei München während der letzten drei Jahrzehnte,"Waldökologie, Landschaftsforschung und Naturschutz Heft 18: S.79-90",nicht vorhanden,Kudernatsch_2019_WaldökologieLandschaftsforschungNaturschutz.pdf,,Konrad Adler,Konrad Adler,Wald,Waldlabkraut-Eichen-Hainbuchenwälder (Galio-Carpinetum),Laub(Misch)Wälder und -Forste (Laubbaumanteil über 50 Prozent),Deutschland,Bayern,Eichinger Lohe im Nordosten Münchens nahe der Gemeinde Eching,D65,,1164404437,4829919363,2,,,Abundanz,,Abundanz,Zeit,Pflanzen,Pflanzen,Pflanzen,Baumschicht 1 Oberschicht befindlichen Stieleichen und Eschen,,,,1986,2017,31,3,Vegetationsaufnahmen (Braun-Blanquet),Beobachtung,negative,,hoch,für die in der Oberschicht befindlichen Stieleichen und Eschen ein Rückgang aufgezeigt werden,"Veränderte Land-/Meeresnutzung, Verschmutzung",Veränderte Land-/Meeresnutzung,Verschmutzung,,,"Einstellung der intensiven Lohwald-Bewirtschaftung, erhöhte anthropogene Stickstoffeinträge, intensiver Wildeinfluss",Andere,Naturwaldreservat Echinger Lohe,,,,,Literatur,D,Farn- und Blütenpflanzen,corrected
599,XFVXGIKT,Sys,"Wolters, V.",1998,Long-term dynamics of a collembolan community,Applied Soil Ecology 9: 221-227,10.1016/S0929-1393(98)00079-1,Wolters_1998_ApplSoilEcol.pdf,,Konrad Adler,Konrad Adler,Wald,100 bis 130 Jahre alte Buchenwälder,Laub(Misch)Wälder und -Forste (Laubbaumanteil über 50 Prozent),Deutschland,Niedersachsen,Treppenweg-Gebiet im Göttinger Wald,D36,,1002142989,5155928354,5,,,Abundanz,Individuendichte,Individuen pro Quadratmeter,Zeit,Wirbellose,Arthropoden,Arthropoden,Springschwänze (Collembola),,,48,1980,1989,9,10,Sampling mithilfe von Bodenkernen etc.,Beobachtung,no,,hoch,Fig.1: Entwicklung der Springschwanzabundanz in Kalkbuchenwäldern über die 10jährige Studienperiode,Andere direkte Treiber,Andere direkte Treiber,,,,Langzeiteffekte von Temperatur auf die Streuschicht und somit auf die carrying capacity des Bodens (Dichteeffekte),,,,,"Angabe zum Boden: ""bedrock is shell-lime, the humus form is mull. the soil is classified as Terra fusca Rendzina (Chromo-Calcic Cambisol (FAO), Lithic Rendoll (USDA))""",,Literatur,D,Collembola,
600,DSKU37ZR,Sys,"Winkel, W.",1989,Langfristige Bestandsentwicklung von Kohlmeise (Parus major) und Trauerschnäpper (Ficedula hypoleuca): Ergebnisse aus Niedersachsen,Journal of Ornithology 130: 335-343,10.1007/BF01644746,Winkel_1989_JOrnithol.pdf,,Konrad Adler,Konrad Adler,Wald,"Eichen-Hainbuchenwald, Laub-/Kiefernwald-Mischbestand, Kiefernforst","Nadel(Misch)Wälder und -Forste, Laub(Misch)Wälder und -Forste (Laubbaumanteil über 50 Prozent)",Deutschland,Niedersachsen,"drei Gebietskomplexe im Umkreis von Braunschweig (Saukuhle, Kux-Betschenberg, Bahrdorfer-Kiefernforst"")",D31,,10640952,5234148912,20,,,Abundanz,,Anzahl Brutpaare pro 100 ha,Zeit,Wirbeltiere,Vögel,Vögel,,Trauerschnäpper,Ficedula hypoleuca,2,1957,1988,31,32,Monitoring (Brutzeitkontrollen in Nisthöhlen),Beobachtung,no,"beide Arten zeigen multimodale Verläufe, über den Studienzeitraum zeigt Kohlmeise positiven Trend",hoch,Abb.1: Anzahl der in künstlichen Nisthöhlen brütenden Kohlmeisen und Trauerschnäpper pro 100 ha von 1957-1988,,,,,,,,,,,die Tabellen 1 und 2 schlüsseln die Ergebnisse pro Untersuchungsgebiet auf,,Literatur,D,Vögel,
600,DSKU37ZR,Sys,"Winkel, W.",1989,Langfristige Bestandsentwicklung von Kohlmeise (Parus major) und Trauerschnäpper (Ficedula hypoleuca): Ergebnisse aus Niedersachsen,Journal of Ornithology 130: 335-343,10.1007/BF01644746,Winkel_1989_JOrnithol.pdf,,Konrad Adler,Konrad Adler,Wald,"Eichen-Hainbuchenwald, Laub-/Kiefernwald-Mischbestand, Kiefernforst","Nadel(Misch)Wälder und -Forste, Laub(Misch)Wälder und -Forste (Laubbaumanteil über 50 Prozent)",Deutschland,Niedersachsen,"drei Gebietskomplexe im Umkreis von Braunschweig (Saukuhle, Kux-Betschenberg, Bahrdorfer-Kiefernforst"")",D31,,10640952,5234148912,20,,,Abundanz,,Anzahl Brutpaare pro 100 ha,Zeit,Wirbeltiere,Vögel,Vögel,,Kohlmeise,Parus major,2,1957,1988,31,32,Monitoring (Brutzeitkontrollen in Nisthöhlen),Beobachtung,no,"beide Arten zeigen multimodale Verläufe, über den Studienzeitraum zeigt Kohlmeise positiven Trend",hoch,Abb.1: Anzahl der in künstlichen Nisthöhlen brütenden Kohlmeisen und Trauerschnäpper pro 100 ha von 1957-1988,,,,,,,,,,,die Tabellen 1 und 2 schlüsseln die Ergebnisse pro Untersuchungsgebiet auf,,Literatur,D,Vögel,corrected
601,Q4UXU3QU,non_Sys,"Brückner, E.",1993,Die Entwicklung des Rotwildbestandes und der Waldbiotope im Westerzgebirge-Vogtland von 1591 bis 1990,Zeitschrift für Jagdwissenschaft 39: 46-59,10.1007/BF02310216,Brückner_1993_ZJagdwiss.pdf,,Konrad Adler,Konrad Adler,Wald,vorwiegend Fichtenforste,Nadel(Misch)Wälder und -Forste,Deutschland,Sachsen,Westerzgebirge- Vogtland (überwiegend Staatsforstbezirke Eibenstock und Auerbach),D16,,1250618142,5049208653,10,,,Abundanz,,Jagdstrecke [Stück],Zeit,Wirbeltiere,Säuger,Säuger,,Rotwild,,1,1951,1990,39,8,"Auswertung von Archivmaterial, Forsteinrichtungsunterlagen…",Beobachtung,positive,,hoch,Abb.5: Rotwildstrecke im gesamten Einstandsgebiet Westerzgebirge-Vogtland (36000 ha) im Zeitraum 1951-1990,"Veränderte Land-/Meeresnutzung, Verschmutzung",Veränderte Land-/Meeresnutzung,Verschmutzung,,,"erhöhter Emissionseinfluß durch Luftschadstoffe verstärkt Migration des Rotwildes in Untersuchungsgebiet -> erhöhte Abschussnotwendigkeit, veränderte Jagd(-gesetze)",,,,,,,Literatur,D,Säugetiere,
602,Dierschke2013,non_Sys,"Dierschke, H.",2013,Konstanz und Dynamik in einem artenreichen Kalkbuchenwald. Veränderungen in einem Großtransekt 1981-2011,Tuexenia 33: 49-92,nicht vorhanden,Dierschke_2013_Tuexenia.pdf,,Konrad Adler,Konrad Adler,Wald,"145 Jahre alter, submontaner Kalkbuchenwald (Hordelymo-Fagetum lathyretosum)",Laub(Misch)Wälder und -Forste (Laubbaumanteil über 50 Prozent),Deutschland,Niedersachsen,"Untersuchungsgebiet im Göttinger Wald unweit seiner östlichen Abbruchkante, etwa 8 km östlich von Göttingen",D36,,10029,51542,5,"R 72810, H 10710",,Abundanz,,Stetigkeit/Frequenz (prozentualer Anteil der Plots mit Zielart),Zeit,Pflanzen,Pflanzen,Pflanzen,Krautschicht,,,>20,1981,2011,30,4,Vegetationsaufnahmen,Beobachtung,negative,"11 positiv, 15 kein Trend, 57 negativ",hoch,Tab.1: Vergleich der Krautschicht 1981-2011,"Klimawandel, Verschmutzung, Andere direkte Treiber",Klimawandel,Verschmutzung,Andere direkte Treiber,,"Konkurrenzkraft von Allium ursinum, stärkere Stickstoffeinträge, Klimaerwärmung und folgende verlängerte Vegetationsperioden",,,,,"Artikel enthält deutlich mehr Ergebnisse, allerdings fast aussließlich ""Verbreitungs-""/Heatmaps des Untersuchungsgebietes auf denen Deckungsgrade von Arten/Schichten abgetragen sind -> sinnvoll für Analyse?",,Literatur,D,Farn- und Blütenpflanzen,
602,Dierschke2013,non_Sys,"Dierschke, H.",2013,Konstanz und Dynamik in einem artenreichen Kalkbuchenwald. Veränderungen in einem Großtransekt 1981-2011,Tuexenia 33: 49-92,nicht vorhanden,Dierschke_2013_Tuexenia.pdf,,Konrad Adler,Konrad Adler,Wald,"145 Jahre alter, submontaner Kalkbuchenwald (Hordelymo-Fagetum lathyretosum)",Laub(Misch)Wälder und -Forste (Laubbaumanteil über 50 Prozent),Deutschland,Niedersachsen,"Untersuchungsgebiet im Göttinger Wald unweit seiner östlichen Abbruchkante, etwa 8 km östlich von Göttingen",D36,,10029,51542,5,"R 72810, H 10710",,Abundanz,,Stetigkeit/Frequenz (prozentualer Anteil der Plots mit Zielart),Zeit,Pflanzen,Pflanzen,Pflanzen,Krautschicht,,,>20,1981,2011,30,4,Vegetationsaufnahmen,Beobachtung,positive to negative,,hoch,"1991 und 2001 hatten zwar nur 55,9 % der Quadrate eine St, ihre mittlere Deckung stieg aber auf 22,4 % bzw. 24,5 % deutlich an"" + ""2011 ergab sich ein neues Bild: Die Frequenz der St-Quadrate hatte zwar auf 69,6 % zugenommen, aber der mittlere Deckungsgrad war mit 7,9 % stark rückläufig","Klimawandel, Verschmutzung, Andere direkte Treiber",Klimawandel,Verschmutzung,Andere direkte Treiber,,"Konkurrenzkraft von Allium ursinum, stärkere Stickstoffeinträge, Klimaerwärmung und folgende verlängerte Vegetationsperioden",,,,,"Artikel enthält deutlich mehr Ergebnisse, allerdings fast aussließlich ""Verbreitungs-""/Heatmaps des Untersuchungsgebietes auf denen Deckungsgrade von Arten/Schichten abgetragen sind -> sinnvoll für Analyse?",,Literatur,D,Farn- und Blütenpflanzen,corrected
603,Heinrichs2012,non_Sys,"Heinrichs, S. et al.",2012,"Eisbruch im Buchenwald - Untersuchungen zur Vegetationsdynamik der Naturwaldzelle ""Ochsenberg"" (Eggegebirge/Nordrhein-Westfalen)",Tuexenia 32: 7-29,nicht vorhanden,Heinrichs_2012_Tuexenia.pdf,,Konrad Adler,Konrad Adler,Wald,"von einem Eisbruch betroffener ca. 150 Jahre alter Altbuchenwald (natürliche Waldform: Waldmeister-Buchenwald (Galio Fagetum), aktuelle Vegetationsaufnahmen: Waldgersten-Buchenwald mit Bärlauch-Ausprägung (Hordelymo-Fagetum, Allium-Variante))",Laub(Misch)Wälder und -Forste (Laubbaumanteil über 50 Prozent),Deutschland,Nordrhein-Westfalen,"Naturwaldzelle ""Ochsenberg"" im Eggegebirge (nordöstliches NRW) ca. 2 km nordwestlich von Altenbeken",D36,,8929,5179,1,"Rechtswert: 3495047, Hochwert: 5738960",,Abundanz,,prozentualer Deckungsgrad,Zeit,Pflanzen,Pflanzen,Pflanzen,Baumschicht,,,>20,1994,2011,17,2,"Waldkundliche Untersuchungen, Vegetationsaufnahmen",Beobachtung,positive,"2 Schichten zeigen Deckungsgradabnahme, 3 Schichten zeigen Zunahme",hoch,"Abb.3: Mittlere Deckungsgrade der Baumschichten, Strauchschicht, Krautschicht und Moosschicht",Veränderung der Struktur der Landschaft,Veränderung der Struktur der Landschaft,,,,Eisbruch im Dezember 1988 und Folgen (höheres Belichtungsregime der unteren Schichten…),,,,,"Angabe zum Boden: Kernflächen an den oberen Hangkanten im Übergang zur Plateaulage sehr basenreiche Rendzinen. An Mittel- und Oberhang dominieren geringmächtige, basenreiche Braunerden. Die Unterhänge werden durch tonig-schluffige, mäßig basenhaltige koll",,Literatur,D,Farn- und Blütenpflanzen,
604,Heinrichs2012,non_Sys,"Heinrichs, S. et al.",2012,"Eisbruch im Buchenwald - Untersuchungen zur Vegetationsdynamik der Naturwaldzelle ""Ochsenberg"" (Eggegebirge/Nordrhein-Westfalen)",Tuexenia 32: 7-29,nicht vorhanden,Heinrichs_2012_Tuexenia.pdf,,Konrad Adler,Konrad Adler,Wald,"von einem Eisbruch betroffener ca. 150 Jahre alter Altbuchenwald (natürliche Waldform: Waldmeister-Buchenwald (Galio Fagetum), aktuelle Vegetationsaufnahmen: Waldgersten-Buchenwald mit Bärlauch-Ausprägung (Hordelymo-Fagetum, Allium-Variante))",Laub(Misch)Wälder und -Forste (Laubbaumanteil über 50 Prozent),Deutschland,Nordrhein-Westfalen,"Naturwaldzelle ""Ochsenberg"" im Eggegebirge (nordöstliches NRW) ca. 2 km nordwestlich von Altenbeken",D36,,8929,5179,1,"Rechtswert: 3495047, Hochwert: 5738960",,Abundanz,,prozentualer Deckungsgrad,Zeit,Pflanzen,Pflanzen,Pflanzen,"Strauchschicht, Krautschicht",,,>20,1994,2011,17,2,"Waldkundliche Untersuchungen, Vegetationsaufnahmen",Beobachtung,negative,"2 Schichten zeigen Deckungsgradabnahme, 3 Schichten zeigen Zunahme",hoch,"Abb.3: Mittlere Deckungsgrade der Baumschichten, Strauchschicht, Krautschicht und Moosschicht",Veränderung der Struktur der Landschaft,Veränderung der Struktur der Landschaft,,,,Eisbruch im Dezember 1988 und Folgen (höheres Belichtungsregime der unteren Schichten…),,,,,"Angabe zum Boden: Kernflächen an den oberen Hangkanten im Übergang zur Plateaulage sehr basenreiche Rendzinen. An Mittel- und Oberhang dominieren geringmächtige, basenreiche Braunerden. Die Unterhänge werden durch tonig-schluffige, mäßig basenhaltige koll",,Literatur,D,Farn- und Blütenpflanzen,
605,Heinrichs2012,non_Sys,"Heinrichs, S. et al.",2012,"Eisbruch im Buchenwald - Untersuchungen zur Vegetationsdynamik der Naturwaldzelle ""Ochsenberg"" (Eggegebirge/Nordrhein-Westfalen)",Tuexenia 32: 7-29,nicht vorhanden,Heinrichs_2012_Tuexenia.pdf,,Konrad Adler,Konrad Adler,Wald,"von einem Eisbruch betroffener ca. 150 Jahre alter Altbuchenwald (natürliche Waldform: Waldmeister-Buchenwald (Galio Fagetum), aktuelle Vegetationsaufnahmen: Waldgersten-Buchenwald mit Bärlauch-Ausprägung (Hordelymo-Fagetum, Allium-Variante))",Laub(Misch)Wälder und -Forste (Laubbaumanteil über 50 Prozent),Deutschland,Nordrhein-Westfalen,"Naturwaldzelle ""Ochsenberg"" im Eggegebirge (nordöstliches NRW) ca. 2 km nordwestlich von Altenbeken",D36,,8929,5179,1,"Rechtswert: 3495047, Hochwert: 5738960",,Abundanz,,prozentualer Deckungsgrad,Zeit,Pflanzen,Moose,Moose,Moosschicht,,,>20,1994,2011,17,2,"Waldkundliche Untersuchungen, Vegetationsaufnahmen",Beobachtung,negative,signifikante Unterschiede zwischen den Jahren,hoch,"Abb.3: Mittlere Deckungsgrade der Baumschichten, Strauchschicht, Krautschicht und Moosschicht",Veränderung der Struktur der Landschaft,Veränderung der Struktur der Landschaft,,,,Eisbruch im Dezember 1988 und Folgen (höheres Belichtungsregime der unteren Schichten…),,,,,"Angabe zum Boden: Kernflächen an den oberen Hangkanten im Übergang zur Plateaulage sehr basenreiche Rendzinen. An Mittel- und Oberhang dominieren geringmächtige, basenreiche Braunerden. Die Unterhänge werden durch tonig-schluffige, mäßig basenhaltige koll",,Literatur,D,Moose,
606,Heinrichs2012,non_Sys,"Heinrichs, S. et al.",2012,"Eisbruch im Buchenwald - Untersuchungen zur Vegetationsdynamik der Naturwaldzelle ""Ochsenberg"" (Eggegebirge/Nordrhein-Westfalen)",Tuexenia 32: 7-29,nicht vorhanden,Heinrichs_2012_Tuexenia.pdf,,Konrad Adler,Konrad Adler,Wald,"von einem Eisbruch betroffener ca. 150 Jahre alter Altbuchenwald (natürliche Waldform: Waldmeister-Buchenwald (Galio Fagetum), aktuelle Vegetationsaufnahmen: Waldgersten-Buchenwald mit Bärlauch-Ausprägung (Hordelymo-Fagetum, Allium-Variante))",Laub(Misch)Wälder und -Forste (Laubbaumanteil über 50 Prozent),Deutschland,Nordrhein-Westfalen,"Naturwaldzelle ""Ochsenberg"" im Eggegebirge (nordöstliches NRW) ca. 2 km nordwestlich von Altenbeken",D36,,8929,5179,1,"Rechtswert: 3495047, Hochwert: 5738960",,Artenzahl,,mittlere Artenzahl pro 400 Quadratmeter,Zeit,Pflanzen,Pflanzen,Pflanzen,"Strauchschicht, Krautschicht",,,Antwortvariable,1994,2011,17,2,"Waldkundliche Untersuchungen, Vegetationsaufnahmen",Beobachtung,negative,"keine signifikanten Unterschiede zwischen den Jahren, aber negativer Trend erkennbar",hoch,Abb.4b: Kombinierte mittlere Artenzahl der Strauch- und Krautschicht,Veränderung der Struktur der Landschaft,Veränderung der Struktur der Landschaft,,,,Eisbruch im Dezember 1988 und Folgen (höheres Belichtungsregime der unteren Schichten…),,,,,"Angabe zum Boden: Kernflächen an den oberen Hangkanten im Übergang zur Plateaulage sehr basenreiche Rendzinen. An Mittel- und Oberhang dominieren geringmächtige, basenreiche Braunerden. Die Unterhänge werden durch tonig-schluffige, mäßig basenhaltige koll",,Literatur,D,Farn- und Blütenpflanzen,
873,FEELKLTS,non_Sys,"Donnermeyer, M, Witte, W, Michaelis, H",1994,"Der Brutvogelbestand des Feuchtwiesengebietes ""Düsterdieker Niederung"" 1993","Natur u. Heimat, 54. Jahrg., Heft 3, 1994",,Donnermeyer_nh_54(3)1994_Seite_87-90,,Maria Sporbert,Johanna Henze,Wald,Waldrand,"Waldmäntel und Vorwälder, spezielle Waldnutzungsformen",Deutschland,Nordrhein-Westfalen,Düsterdieker Niederung in den Gemeinden Mettingen und Westerkappeln,D36,,784638005,5233848549,5,,,Abundanz,,,,Wirbeltiere,Vögel,Vögel,,,,>20,1973,1993,20,2,,Beobachtung,positive,,,Tab. 1: Anzahl der Brutpaare im Westteil der Düsterdieker Niederung 19973 und 1993,,,,,,,Andere,Naturschutzgebiet Düsterbecker Niederung,,,,,Literatur,D,Vögel,
884,3XUQKYYK,non_Sys,"Kompa, Thomas et al.",2005,Buchenwald-Sukzession nach Windwurf auf Zechstein-Standorten des südwestlichen Harzvorlandes,Hercynia,,https://cloud.pixeldiversity.com/index.php/s/TgwrWYEdmypwLnZ?dir=undefined&path=%2FLiteratur%2FMaria_Austausch%2Fzu%20sichten%2Fa_Antonio_Kind&openfile=11761218,,Maria Sporbert,Antonio Kind,Wald,,,Deutschland,Niedersachsen,nahe Düna,D36,,1027361443,5168465048,5,,,Artenzahl,,,Zeit,Pflanzen,Pflanzen,Pflanzen,Feldschicht,,,>20,1998,2001,3,4,Beobachtungsaufnamen,Beobachtung,positive,,hoch,Abb. 1 Artenzahlentwicklung in der Feldschicht und Strauchschicht,Veränderung der Struktur der Landschaft,Veränderung der Struktur der Landschaft,,,,Sturmschäden,Andere,Naturschutzgebiet Gipskarstlandschaft Hainholz,,,flachgründiger Standort im Wald,,Literatur,D,Farn- und Blütenpflanzen,
885,3XUQKYYK,non_Sys,"Kompa, Thomas et al.",2005,Buchenwald-Sukzession nach Windwurf auf Zechstein-Standorten des südwestlichen Harzvorlandes,Hercynia,,https://cloud.pixeldiversity.com/index.php/s/TgwrWYEdmypwLnZ?dir=undefined&path=%2FLiteratur%2FMaria_Austausch%2Fzu%20sichten%2Fa_Antonio_Kind&openfile=11761220,,Maria Sporbert,Antonio Kind,Wald,,,Deutschland,Niedersachsen,nahe Düna,D36,,1027361443,5168465048,5,,,Abundanz,Deckungssumme,%,Zeit,Pflanzen,Pflanzen,Pflanzen,Feldschicht,,,>20,1998,2001,3,4,Beobachtungsaufnamen,Beobachtung,positive,,hoch,Abb. 2 Entwicklung der Deckungssummen der Feldschicht und Strauchschicht,Veränderung der Struktur der Landschaft,Veränderung der Struktur der Landschaft,,,,Sturmschäden,Andere,Naturschutzgebiet Gipskarstlandschaft Hainholz,,,flachgründiger und tiefgründiger Standort,,Literatur,D,Farn- und Blütenpflanzen,
890,Runge1995,non_Sys,"Runge, Fritz",1995,Dauerquadratsuntersuchungen in einem Buchen-Eichenwald des Münsterlandes,Natur und Heimat,,https://cloud.pixeldiversity.com/index.php/s/TgwrWYEdmypwLnZ?dir=undefined&path=%2FLiteratur%2FMaria_Austausch%2Fzu%20sichten%2Fa_Antonio_Kind&openfile=11762006,,Maria Sporbert,Antonio Kind,Wald,,Laub(Misch)Wälder und -Forste (Laubbaumanteil über 50 Prozent),Deutschland,Nordrhein-Westfalen,Wolbecker Tiergarten,D34,,7745892243,5191050246,5,,,Artenzahl,,Anzahl,Zeit,Pflanzen,Pflanzen,Pflanzen,und Pilze,Arten sortiert nach Waldschicht,,17,1979,1993,14,15,Dauerquadrat,Beobachtung,negative,,hoch,[Tabelle] Änderungen der Vegetation während der Jahre 1979 bis 1993,Andere direkte Treiber,Andere direkte Treiber,,,,"Mit der Alterung des Waldes




geht offenbar eine Verarmung der Vegetation einher,",,,,,,,Literatur,D,Farn- und Blütenpflanzen,
893,Thomas1983,non_Sys,"Thomas, Wolfgang",1983,"Änderungen der Flora des NSG ""Venner Moor"" in den letzten 44 Jahren",Natur und Heimat,,https://cloud.pixeldiversity.com/index.php/s/TgwrWYEdmypwLnZ?dir=undefined&path=%2FLiteratur%2FMaria_Austausch%2Fzu%20sichten%2Fa_Antonio_Kind&openfile=11767084,,Maria Sporbert,Antonio Kind,Wald,,,Deutschland,Nordrhein-Westfalen,12 km südwestlich von Münster im Kreis Coesfeld,D34,,7185965772,5186231409,10,,,Artenzahl,,Anzahl,Zeit,Pflanzen,Pflanzen,Pflanzen,,,,>20,1938,1982,44,4,Dauerquadrat,Beobachtung,positive,,hoch,"Tab. 1: Artenliste des NSG ""Venner Moor"", Tab. 2: Änderungen der Flora im NSG ""Venner Moor""","Veränderte Land-/Meeresnutzung, Veränderung der Struktur der Landschaft",Veränderte Land-/Meeresnutzung,Veränderung der Struktur der Landschaft,,,"ehemals artenarmes Hochmoor zu artenreicheren, vom Menschen geprägten Ersatzgesellschaften, inkl. Eintrag eingeschleppter Arten",Andere,Naturschutzgebiet Venner Moor,,,sehr detaillierte Artenlisten,,Literatur,D,Farn- und Blütenpflanzen,
10237,#NV,non_Sys,"Ryslavy, T.",2017,"Zur Bestandssituation ausgewählter Vogelarten in Brandenburg _ Jahresbericht 2013,2014 & 2015",Naturschutz und Landschaftspflege in Brandenburg,,NundL 3_2017_Brandenburg_Vögel,,Lena Hartmann,Lena Hartmann,Wald,,,Deutschland,Brandenburg,"Region Potsdam,Frankfurt (Oder) und Cottbus",,,13892,52105,,,,Abundanz,,,Zeit,Wirbeltiere,Vögel,Vögel,,,,>20,2013,2015,2,3,Zählung,Beobachtung,no,,,,,,,,,,,,,,"Wie soll der Trend angegeben werden, wenn jede der untersuchten Arten einen eigenen Trend hat?",,Literatur,D,Vögel,
10238,Runge1981,non_Sys,"Runge, F.",1981,Änderungen der Krautschicht in einem Eichen-Hainbuchenwald im Laufe von 21 Jahren,Natur und Heimat,,Runge_nh_41(3)1981_Seite_89-93.pdf,,Lena Hartmann,Lena Hartmann,Wald,,,Deutschland,Nordrhein-Westfalen,"In der Zone ""Große Büsche""  in der Nähe von Wilbrenning und Niederort",,,7550575819,5190097353,,,,Abundanz,,,Zeit,Pflanzen,Farn- und Blütenpflanzen,Farn- und Blütenpflanzen,,Krautschicht,,>20,1960,1981,21,22,Zählung,Beobachtung,negative,"Die Kräuter und Gräser nahmen 1960 55%, zuletzt aber nur noch 20% des Dauerquadrats ein.",,,Veränderung der Struktur der Landschaft,,,,,"1962 Bau des Autobahnkreuzes ""Münster-Süd""",,,,,,,Literatur,D,Farn- und Blütenpflanzen,corrected
10238,Runge1981,non_Sys,"Runge, F.",1981,Änderungen der Krautschicht in einem Eichen-Hainbuchenwald im Laufe von 21 Jahren,Natur und Heimat,,Runge_nh_41(3)1981_Seite_89-93.pdf,,Lena Hartmann,Lena Hartmann,Wald,,,Deutschland,Nordrhein-Westfalen,"In der Zone ""Große Büsche""  in der Nähe von Wilbrenning und Niederort",,,7550575819,5190097353,,,,Abundanz,,,Zeit,Pflanzen,Farn- und Blütenpflanzen,Farn- und Blütenpflanzen,,Baumschicht,,>20,1960,1981,21,22,Zählung,Beobachtung,positive,Die Bedeckung der oberen Baumschicht nahm nämlich von 1960 bis 1981 von 70 auf 90% zu.,,,Veränderung der Struktur der Landschaft,,,,,"1962 Bau des Autobahnkreuzes ""Münster-Süd""",,,,,,,Literatur,D,Farn- und Blütenpflanzen,corrected
10238,Runge1981,non_Sys,"Runge, F.",1981,Änderungen der Krautschicht in einem Eichen-Hainbuchenwald im Laufe von 21 Jahren,Natur und Heimat,,Runge_nh_41(3)1981_Seite_89-93.pdf,,Lena Hartmann,Lena Hartmann,Wald,,,Deutschland,Nordrhein-Westfalen,"In der Zone ""Große Büsche""  in der Nähe von Wilbrenning und Niederort",,,7550575819,5190097353,,,,Abundanz,,,Zeit,Pflanzen,Farn- und Blütenpflanzen,Farn- und Blütenpflanzen,,Hedera helix,,1,1960,1981,21,22,Zählung,Beobachtung,negative to positive,"_Hedera_ _helix,_ Zahl  6 12 54 121 262 618 326 147",,,Veränderung der Struktur der Landschaft,,,,,"1962 Bau des Autobahnkreuzes ""Münster-Süd""",,,,,,,Literatur,D,Farn- und Blütenpflanzen,corrected
10238,Runge1981,non_Sys,"Runge, F.",1981,Änderungen der Krautschicht in einem Eichen-Hainbuchenwald im Laufe von 21 Jahren,Natur und Heimat,,Runge_nh_41(3)1981_Seite_89-93.pdf,,Lena Hartmann,Lena Hartmann,Wald,,,Deutschland,Nordrhein-Westfalen,"In der Zone ""Große Büsche""  in der Nähe von Wilbrenning und Niederort",,,7550575819,5190097353,,,,Abundanz,,,Zeit,Pflanzen,Farn- und Blütenpflanzen,Farn- und Blütenpflanzen,,Anemone nemorosa,,1,1960,1981,21,22,Zählung,Beobachtung,negative to positive,"_Anemone_ _nemorosa,_ Zahl der Pflanzen 280 380 405 235 81 28 68 51",,,Veränderung der Struktur der Landschaft,,,,,"1962 Bau des Autobahnkreuzes ""Münster-Süd""",,,,,,,Literatur,D,Farn- und Blütenpflanzen,corrected
10278,A3V37ZGJ,Sys,"Habel, JC et al.",2019,Succession matters: Community shifts in moths over three decades increases multifunctionality in intermediate successional stages,Scientific Reports 9:5586,10.1038/s41598-019-41571-w,Habel_2019_SciRep.pdf,,Amibeth Thompson,Konrad Adler,Wald,"seminatürlicher Kalkmagerrasen von natürlicher Sukzession betroffen (Trockenrasen durchsetzt mit Sträucher- und Waldflächen, sowie steinernen Hängen)",Trockenrasen sowie Grünland trockener bis frischer Standorte,Deutschland,Bayern,"NSG ""Am Keilstein"" und ""Südöstliche Juraausläufer bei Regensburg” im nordöstlichen Teil der Stadt Regensburg",,,45992,49051,,,,Artenzahl,,,Zeit,Wirbellose,Arthropoden,Arthropoden,Macroheterocera und Microlepidoptera (ohne Papilioniodea und Zygaenidae),,,Antwortvariable,1987,2017,30,17,Sampling mithilfe von Lichtfallen und Transekten,Beobachtung,negative,,gering,Abb.2a: Effektgröße der Multifunktionalität über die Studienperiode von 1987 bis 2017,Veränderung der Struktur der Landschaft,,,,,natürliche Sukzession der offenen Grünlandflächen/Trockenrasenflächen,Andere,"NSG ""Am Keilstein"" und NSG ""Südöstliche Juraausläufer bei Regensburg""",,,,,Literatur,D,Andere,
10342,T2GFNI8R,non_Sys,"Reinecke, J. et al.",2011,Veränderung der Vegetation nährstoffarmer Kiefernwälder im nördlichen Spreewald-Randgebiet zwischen 1965 und 2010,Verh. Bot. Ver. Berlin Brandenburg 144 63-97,,Verh144_63-97_Reinecke-Kiefernwaelder.pdf,,Maria Sporbert,Daniel Petry,Wald,Nährstoffarme Kiefernwälder,Nadel(Misch)Wälder und -Forste,Deutschland,Brandenburg,"Nördlicher Randbereich des Unterspree- waldes, 15 km nördlich von Lübben",,,13933,51906,,,,Artenzahl,,Waldzusammensetzung/Plot,,Pflanzen,Farn- und Blütenpflanzen,Farn- und Blütenpflanzen,,,,Antwortvariable,1965,2010,45,2,Vegetationsaufnahme,Beobachtung,positive,"“Dabei stiegen die Artenzahlen der Gefäßpflanzen und Moose überall, während die Flechtendiversität durchweg stark abnahm”",,"Abb. 7: Änderung der Gesamt-Artenzahl pro Plot der drei Waldtypen (oligo: oligotroph,
meso: mesotroph, eu: eutroph) zwischen 1965 und 2010, getrennt nach Kormophyten und
Kryptogamen sowie in Branden burg gefährdeten (RL) und nicht gefährdeten (RL-) Pflan-
zenarten (einschließlich Vorwarnlisten).",,,,,,,,,,,3 Vegetationstypen unterschieden: Oligo- meso sowie eutrophe Wälder. “Unsicherheiten” bezüglich Daten von 1965,,Literatur,D,Farn- und Blütenpflanzen,
10343,T2GFNI8R,non_Sys,"Reinecke, J. et al.",2011,Veränderung der Vegetation nährstoffarmer Kiefernwälder im nördlichen Spreewald-Randgebiet zwischen 1965 und 2010,Verh. Bot. Ver. Berlin Brandenburg 144 63-97,,Verh144_63-97_Reinecke-Kiefernwaelder.pdf,,Maria Sporbert,Daniel Petry,Wald,Nährstoffarme Kiefernwälder,Nadel(Misch)Wälder und -Forste,Deutschland,Brandenburg,"Nördlicher Randbereich des Unterspree- waldes, 15 km nördlich von Lübben",,,13933,51906,,,,Artenzahl,,Waldzusammensetzung/Plot,,Pilze_Flechten,Flechten,Flechten,,,,Antwortvariable,1965,2010,45,2,Vegetationsaufnahme,Beobachtung,negative,s.o.,,"Abb. 7: Änderung der Gesamt-Artenzahl pro Plot der drei Waldtypen (oligo: oligotroph,
meso: mesotroph, eu: eutroph) zwischen 1965 und 2010, getrennt nach Kormophyten und
Kryptogamen sowie in Branden burg gefährdeten (RL) und nicht gefährdeten (RL-) Pflan-
zenarten (einschließlich Vorwarnlisten).",,,,,,,,,,,,,Literatur,D,Flechten und flechtenbewohnende Pilze,
10344,T2GFNI8R,non_Sys,"Reinecke, J. et al.",2011,Veränderung der Vegetation nährstoffarmer Kiefernwälder im nördlichen Spreewald-Randgebiet zwischen 1965 und 2010,Verh. Bot. Ver. Berlin Brandenburg 144 63-97,,Verh144_63-97_Reinecke-Kiefernwaelder.pdf,,Maria Sporbert,Daniel Petry,Wald,Nährstoffarme Kiefernwälder,Nadel(Misch)Wälder und -Forste,Deutschland,Brandenburg,"Nördlicher Randbereich des Unterspree- waldes, 15 km nördlich von Lübben",,,13933,51906,,,,Artenzahl,,Waldzusammensetzung/Plot,,Pflanzen,Moose,Moose,,,,Antwortvariable,1965,2010,45,2,Vegetationsaufnahme,Beobachtung,positive,s.o.,,"Abb. 7: Änderung der Gesamt-Artenzahl pro Plot der drei Waldtypen (oligo: oligotroph,
meso: mesotroph, eu: eutroph) zwischen 1965 und 2010, getrennt nach Kormophyten und
Kryptogamen sowie in Branden burg gefährdeten (RL) und nicht gefährdeten (RL-) Pflan-
zenarten (einschließlich Vorwarnlisten).",,,,,,,,,,,,,Literatur,D,Moose,
10355,PHEVUEKM,non_Sys,"Runge, F.",1995,Änderungen der Krautschicht eines Eichen-Hainbuchenwaldes im Laufe von 35 Jahren,"Natur und Heimat, 55, Heft 3",,Fritz_Runge_1995_DF_Natur-und-Heimat_55_0081-0083.pdf,,Maria Sporbert,Daniel Petry,Wald,Eichen-Hainbuchenwald,Laub(Misch)Wälder und -Forste (Laubbaumanteil über 50 Prozent),Deutschland,Nordrhein-Westfalen,"“Der Wald bildet in der Nähe des Autobahnkreuzes „Münster-Süd"" einen Teil der „Großen Büsche""”",,,7555396712,5190134991,,,,Abundanz,,,,Pflanzen,Farn- und Blütenpflanzen,Farn- und Blütenpflanzen,"In Baumschicht, Krautschicht und Bodenschicht unterteilt",,,17,1960,1995,35,10,Vegetationsaufnahme,Experiment,negative,"“Das Dauerquadrat wurde, wie in der Veröffentlichung von 1981 erähnt, von 1960 bis 1981 immer kahler. Diese unerwartete Tendenz setzte sich auch in den folgenden Jahren fort.”",,,Veränderung der Struktur der Landschaft,Alterung des Waldes,,,,,,,,,"Fortsetzende Reihe zuvor publizierter Bestandsaufnahmen (1975, 1981)",,Literatur,D,Farn- und Blütenpflanzen,
10355,PHEVUEKM,non_Sys,"Runge, F.",1995,Änderungen der Krautschicht eines Eichen-Hainbuchenwaldes im Laufe von 35 Jahren,"Natur und Heimat, 55, Heft 3",,Fritz_Runge_1995_DF_Natur-und-Heimat_55_0081-0083.pdf,,Maria Sporbert,Daniel Petry,Wald,Eichen-Hainbuchenwald,Laub(Misch)Wälder und -Forste (Laubbaumanteil über 50 Prozent),Deutschland,Nordrhein-Westfalen,"“Der Wald bildet in der Nähe des Autobahnkreuzes „Münster-Süd"" einen Teil der „Großen Büsche""”",,,7555396712,5190134991,,,,Abundanz,,,,Pilze_Flechten,Pilze,Pilze,,,,,1960,1995,35,10,Vegetationsaufnahme,Experiment,no,"“Nicht nur die Menge, sondern auch die Artenzusammensetzung der Pilzflora schwankte von Jahr zu Jahr..”",,,Veränderung der Struktur der Landschaft,Alterung des Waldes,,,,,,,,,"Fortsetzende Reihe zuvor publizierter Bestandsaufnahmen (1975, 1981)",,Literatur,D,Farn- und Blütenpflanzen,corrected
10357,KT4D6MRG,Sys,"Staab, M. et al.",2023,Insect decline in forests depends on species’ traits and may be mitigated by management,Communications Biology (2023)6:338,,Staab_etal2023_Insects_in_Forest.pdf,,Maria Sporbert,Daniel Petry,Wald,3 Regionen mit unterschiedlichem Klima + Topographie,Laub(Misch)Wälder und -Forste (Laubbaumanteil über 50 Prozent),Deutschland,,"140 Waldbereiche in 3 Regionen: Schwäbische Alb, Hainich-Dün, Schorfheide-Chorin. Jeder Bereich umfasst 100mx100m",,,9354624,48300582,,,,Artenzahl,,,,Wirbellose,Arthropoden,Arthropoden,Insekten,,,1805,2008,2017,9,10,Fallen gestellt und von Taxonomen bestimmt,Beobachtung,negative,"“Larger species, more abundant species, and species of higher trophic level declined most, while herbivores increased.”",,,Veränderung der Struktur der Landschaft,,,,,"“In particular, declines (quantified as the correlation between year and the respective community response) were more consistent in sites with many non-native trees or a large amount of timber harvested before the onset of sampling.”",,,,,,,Literatur,D,,
10401,König2011,non_Sys,"König H., W.",2011,"Rückgang der Rauhhautfledermaus {Pipistrellus nathusii) in Durchzugsgebieten am Nördlichen Oberrhein (Bundesrepublik Deutschland, Rheinland-Pfalz)","Nyctalus (N.F.), Berlin 16 (2011), Heft 1-2, S. 58-66",,B16_H1-2_2011_S58-66.pdf,,Maria Sporbert,Anneka Bücher,Wald,,Nadel(Misch)Wälder und -Forste,Deutschland,Rheinland-Pfalz,"Otterstadt, Lingenfeld",,,8394923804,4925329412,,,,Abundanz,,,Zeit,Wirbeltiere,Säuger,Säuger,,Rauhautfledermaus,Pipistrellus nathusii,1,2003,2010,7,4,Nistkastenkontrollen,Beobachtung,negative,wird der 50-65 %ige Rückgang der hier durchziehenden Rauhhautfledermäuse {Pipistrellus nathusn) dokumentiert.,unsicher,Abb. 1 & Abb. 3,Veränderung der Struktur der Landschaft,,,,,,Andere,,Nistkastennutzung,,,,Literatur,D,Säugetiere,
10404,Ohlendorf2011,non_Sys,"Ohlendorfer B. , M. Fritze, C. Rupsch, C. Teumer, D. Brockmann",2011,Zum Vorkommen des Pilzes Geomyces destructans bei Fledermäusen in Sachsen-Anhalt*,"Nyctalus (N.F.), Berlin 16 (2011), Heft 3-4, S. 186-196",,B16_H3-4_2011_S186-196.pdf,,Maria Sporbert,Anneka Bücher,Wald,,"Felsen, Block- und Schutthalden, Geröllfelder, offene Bereiche mit sandigem oder bindigem Substrat",Deutschland,Sachsen-Anhalt,Harz,,,1071253228,5173645244,,,,Abundanz,,,Zeit,Wirbeltiere,Säuger,Säuger,,Mausohren,Myotis myotis,1,1961,2011,50,49,Zählung,Beobachtung,negative to positive,,hoch,Abb. 2,Invasive gebietsfremde Arten,,,,,,Nationalpark_Harz,,,,,,Literatur,D,Säugetiere,
10408,7XDHMC2Q,non_Sys,Schmidt A.,2012,Erkenntnisse aus langjährigen Bestandskontrollen von Fledermauskästen in Ost-Brandenburg,"Nyctalus (N.F.), Berlin 17 (2012), Heft 1-2, S. 68-76",,B17_H1-2_2012_S68-76.pdf,,Maria Sporbert,Anneka Bücher,Wald,,Nadel(Misch)Wälder und -Forste,Deutschland,Brandenburg,Möllenwinkel & Holzspree,,,1423508495,5215305904,,,,Abundanz,,,Zeit,Wirbeltiere,Säuger,Säuger,,Abendsegler,Nyctalus noctula,1,1973,2003,30,11,Zählung,Beobachtung,negative to positive,,hoch,Abb. 3,Andere direkte Treiber,,,,,,,,,,,,Literatur,D,Säugetiere,
10409,7XDHMC2Q,non_Sys,Schmidt A.,2012,Erkenntnisse aus langjährigen Bestandskontrollen von Fledermauskästen in Ost-Brandenburg,"Nyctalus (N.F.), Berlin 17 (2012), Heft 1-2, S. 68-76",,B17_H1-2_2012_S68-76.pdf,,Maria Sporbert,Anneka Bücher,Wald,,Nadel(Misch)Wälder und -Forste,Deutschland,Rheinland-Pfalz,,,,,,,,,Abundanz,,,Zeit,Wirbeltiere,Säuger,Säuger,,Wimperfledermaus,Myotis emarginatus,1,1976,2006,30,30,Zählung,Beobachtung,negative to positive,,hoch,Abb. 6,Invasive gebietsfremde Arten,,,,,,,,,,,,Literatur,D,Säugetiere,
10410,TPNQGJLF,non_Sys,Schulz G. & W.,2012,Erfahrungen bei Neueinrichtungen und Ausbauten von Fledermaus- Winterquartieren,"Nyctalus (N.R), Berlin 17 (2012), Heft 1-2, S. 125-151",,B17_H1-2_2012_S125-151.pdf,,Maria Sporbert,Anneka Bücher,Wald,,Nadel(Misch)Wälder und -Forste,Deutschland,Niedersachsen,Lüneburg,Norddeutsches Tiefland,,1042953681,5321970407,,,,Abundanz,,,,Wirbeltiere,Säuger,Säuger,,Fledermaus Arten,nicht näher beschrieben,1,1988,2004,16,16,Zählung,Beobachtung,negative to positive,,hoch,Tabelle 1a,Veränderung der Struktur der Landschaft,,,,,,,,,,,,Literatur,D,Säugetiere,
10411,TPNQGJLF,non_Sys,Schulz G. & W.,2012,Erfahrungen bei Neueinrichtungen und Ausbauten von Fledermaus- Winterquartieren,"Nyctalus (N.R), Berlin 17 (2012), Heft 1-2, S. 125-151",,B17_H1-2_2012_S125-151.pdf,,Maria Sporbert,Anneka Bücher,Wald,,Nadel(Misch)Wälder und -Forste,Deutschland,Niedersachsen,Lüneburg,Norddeutsches Tiefland,,1042740165,5322313657,,,,Abundanz,,,,Wirbeltiere,Säuger,Säuger,,"Großer Abendsegler, Kleine Baitftedermaus, Braunes Langohr, Breilflügelfledeniiaus, Franseniledermaus, Graues Langohr, Mausohr, Mopsfledermaus, Wasserfledermaus, Zwergfledermaus","Nyclalus noctula, Myotis mystacinus, Plecolus auritus, Fplesicus serotinus, Myotis nattereri, Plecolus austriacus, Myotis myotis, Barbastella barbastcllus, Myotis daubentoni, Pipislrellus pipisirellus",10,2004,2011,7,7,Zählung,Beobachtung,negative to positive,,hoch,Tabelle 1b,Veränderung der Struktur der Landschaft,,,,,,,,,,,,Literatur,D,Säugetiere,
10413,SFXP8C55,non_Sys,"Heise G. , T. Blohm",2012,Arbeit mit Fledermauskästen – sinnvoll oder nicht?,"Nyctalus (N.F.)., Berlin 17 (2012), Heft 3-4, S. 226-239",,Heise_Blohm_2012.pdf,,Maria Sporbert,Anneka Bücher,Wald,,Nadel(Misch)Wälder und -Forste,Deutschland,Brandenburg,Melzower Forst,,,1390287499,531563435,,,,Abundanz,,,Zeit,Wirbeltiere,Säuger,Säuger,,Abendsegler,Nyclalus noctula,1,1986,2008,22,23,Zählung,Beobachtung,positive,,hoch,Abb. 5,Veränderung der Struktur der Landschaft,,,,,,,,,,,,Literatur,D,Säugetiere,
10414,SFXP8C55,non_Sys,"Heise G. , T. Blohm",2012,Arbeit mit Fledermauskästen – sinnvoll oder nicht?,"Nyctalus (N.F.)., Berlin 17 (2012), Heft 3-4, S. 226-239",,Heise_Blohm_2012.pdf,,Maria Sporbert,Anneka Bücher,Wald,,Nadel(Misch)Wälder und -Forste,Deutschland,Brandenburg,Kiecker,,,1360184155,5336120205,,,,Abundanz,,,Zeit,Wirbeltiere,Säuger,Säuger,,Abendsegler,Nyclalus noctula,1,1996,2008,12,13,Zählung,Beobachtung,positive,,hoch,Abb. 5,Veränderung der Struktur der Landschaft,,,,,,,,,,,,Literatur,D,Säugetiere,
10415,SFXP8C55,non_Sys,"Heise G. , T. Blohm",2012,Arbeit mit Fledermauskästen – sinnvoll oder nicht?,"Nyctalus (N.F.)., Berlin 17 (2012), Heft 3-4, S. 226-239",,Heise_Blohm_2012.pdf,,Maria Sporbert,Anneka Bücher,Wald,,Nadel(Misch)Wälder und -Forste,Deutschland,Brandenburg,Carmzower Forst,,,1403238658,5333980383,,,,Abundanz,,,Zeit,Wirbeltiere,Säuger,Säuger,,Abendsegler,Nyclalus noctula,1,1996,2008,12,13,Zählung,Beobachtung,positive,,hoch,Abb. 5,Veränderung der Struktur der Landschaft,,,,,,,,,,,,Literatur,D,Säugetiere,
10420,4TEFRGC5,non_Sys,Haensel J.,2013,Fledermäuse in der Zossener Heide – massive Gefährdungen durch einen geplanten Windpark im Wald,"Nyctalus (N.F.), Berlin 18 (2013), Heft 1, S. 28-83",,Nyctalus-Band-18-Heft-1_2013_28-83.pdf,,Maria Sporbert,Anneka Bücher,Wald,,Nadel(Misch)Wälder und -Forste,Deutschland,Brandenburg,Zossener Heide,,,1353551762,521483016,,,,Abundanz,,,Zeit,Wirbeltiere,Säuger,Säuger,,"großes Mausohr, Wimperfledermaus, Bartfledermaus, Wasserfledermaus, Fransenfledermaus, braunes Langohr","Myotis myotis, Myotis nattereri, Myotis daubentoni, Plecotus auritus, Barbastella barbastellus",8,1994,2013,19,6,Zählung,Beobachtung,no,,hoch,Tabelle 5,Veränderung der Struktur der Landschaft,,,,,,,,,,,,Literatur,D,Säugetiere,
10422,CF5PSFSV,non_Sys,"Berg J. , H. Schütt, D. Karoske",2016,"15 Jahre Schutz, Sicherung und Optimierung von Winterquartieren im Nordosten Deutschlands","Nyctalus (N.F.), Berlin 18 (2013-2016), Heft 3-4, S. 204-212",,Berg_Schuett_Karoske_2016_Winterquartiere.pdf,,Maria Sporbert,Anneka Bücher,Wald,Bunkeranlage,Bauwerke,Deutschland,Mecklenburg-Vorpommern,Neustrelitz-Weisdin,Norddeutsches Tiefland,,1311216628,5336756376,,,,Abundanz,,,Zeit,Wirbeltiere,Säuger,Säuger,,"Mausohren, Bartfledermaus, Wimperfledermaus","Myotis myotis, M. daubentonii, M. Nattereri",3,1987,2013,26,14,Zählung,Beobachtung,negative to positive,,hoch,Abb. 13,Veränderung der Struktur der Landschaft,,,,,,,,,,,,Literatur,D,Säugetiere,
10423,XEJX8AFI,non_Sys,Schmidt A.,2016,Zur Einwanderung der Mückenfledermaus Pipistrellus pygmaeus nach Ostbrandenburg und zur Bestandsentwicklung in Fledermaus- kastengebieten der Umgebung von Beeskow,"Nyctalus (N.F.), Berlin 18 (2013-2016), Heft 3-4, S. 245-254",,Schmidt_2016_Mueckenfledermaus.pdf,,Maria Sporbert,Anneka Bücher,Wald,,Nadel(Misch)Wälder und -Forste,Deutschland,Brandenburg,Beeskow,,,142263088,5216316507,,,,Abundanz,,,Zeit,Wirbeltiere,Säuger,Säuger,,Mückenfledermaus,Pipistrellus pygmaeus,1,1973,2013,40,23,Zählung,Beobachtung,negative to positive,,hoch,Abb. 10,Veränderung der Struktur der Landschaft,,,,,,,,,,,,Literatur,D,Säugetiere,
10424,MXEURPPQ,non_Sys,"Schmidt A. , H. Miethe, M. Schmidt, M. Bolenz, T. Haase",2016,"20-jährige Beobachtungen an Abendseglern Nyctalus noctula aus künstlichen Überwinterungshöhlen für Fledermäuse aus dem Raum Beeskow, Ostbrandenburg","Nyctalus (N.F.), Berlin 18 (2013-2016), Heft 3-4, S. 255-266",,Schmidt_et_al_2016_Ueberwinterung_Abendsegler.pdf,,Maria Sporbert,Anneka Bücher,Wald,,Nadel(Misch)Wälder und -Forste,Deutschland,Brandenburg,Beeskow,,,1422442687,5216159198,,,,Abundanz,,,Zeit,Wirbeltiere,Säuger,Säuger,,Abendsegler,Nyclalus noctula,1,1994,2012,18,20,Zählung,Beobachtung,negative to positive,,hoch,Tabelle 1,Andere direkte Treiber,,,,,,,,,,,,Literatur,D,Säugetiere,
10495,Kolbe1981,non_Sys,Kolbe W.,1981,Die Auswirkungen eines Waldbrandes auf die Coleopteren-Fauna in Kiefernforsten um Raum Brüggen,"Jahresbericht des Naturwissenschaftlichen Vereins in Wuppertal, Heft 34, 1981, Seite 25-30",,JB34_1981.pdf,,Maria Sporbert,Anneka,Wald,,Nadel(Misch)Wälder und -Forste,Deutschland,Nordrhein-Westfalen,Brüggen,,,6139139,51254633,2,,,Abundanz,,,,Wirbellose,Arthropoden,Arthropoden,Coleoptera,,,<300,1977,1978,1,2,Fallen,Beobachtung,positive,,hoch,Tabelle 1,Direkte Ressourcenentnahme,,,,,Waldbrand,,,,,,,Literatur,D,Andere,
10496,Pospischil1981,non_Sys,Pospischil R.,1981,Die Entwickung der Käferfauna des Naturschutzgebietes „Im Hölken“ von 1958 bis 1977 und die Bedeutung einiger Käferarten als Bioindikatoren,"Jahresbericht des Naturwissenschaftlichen Vereins in Wuppertal, Heft 34, 1981, Seite 78-91",,JB34_1981.pdf,,Maria Sporbert,Anneka,Wald,,Nadel(Misch)Wälder und -Forste,Deutschland,Nordrhein-Westfalen,Langenfeld-Beyenburg,,,7274309,51234345,5,,,Abundanz,,,Zeit,Wirbellose,Arthropoden,Arthropoden,Coleoptera,,,<300,1958,1977,19,3,Fallen,Beobachtung,positive,,unsicher,Tabelle 1,Andere direkte Treiber,,,,,anthropogene Belastungen,,"NSG ""Im Hölken""",,,,,Literatur,D,Andere,
10497,S6MDQRUI,non_Sys,"Kolbe W. , K. Dorn",1982,Die Auswirkungen eines Waldbrandes auf die Anthropoden-Fauna in Kiefernforsten um Raum Brüggen unter besonderer Berücksichtung der Nematocera (Diptera),"Jahresbericht des Naturwissenschaftlichen Vereins in Wuppertal, Heft 35, 1982, Seite 23-31",,JB35_1982.pdf,,Maria Sporbert,Anneka,Wald,,Nadel(Misch)Wälder und -Forste,Deutschland,Nordrhein-Westfalen,Brüggen,,,6139139,51254633,2,,,Abundanz,,,Zeit,Wirbellose,Arthropoden,Arthropoden,Sciaridae,Trauermücken,,1,1977,1978,1,2,Barberfallen,Beobachtung,no,,hoch,Abb. 1,Direkte Ressourcenentnahme,,,,,Waldbrand,,,,,,,Literatur,D,Andere,
10498,S6MDQRUI,non_Sys,"Kolbe W. , K. Dorn",1982,Die Auswirkungen eines Waldbrandes auf die Anthropoden-Fauna in Kiefernforsten um Raum Brüggen unter besonderer Berücksichtung der Nematocera (Diptera),"Jahresbericht des Naturwissenschaftlichen Vereins in Wuppertal, Heft 35, 1982, Seite 23-31",,JB35_1982.pdf,,Maria Sporbert,Anneka,Wald,,Nadel(Misch)Wälder und -Forste,Deutschland,Nordrhein-Westfalen,Brüggen,,,6139139,51254633,2,,,Abundanz,,,Zeit,Wirbellose,Arthropoden,Arthropoden,"Chironomidae, Anisopodidae","Zuckmücke, Fenstermücke",,2,1977,1978,1,2,Barberfallen,Beobachtung,no,,hoch,Abb. 2,Direkte Ressourcenentnahme,,,,,Waldbrand,,,,,,,Literatur,D,Andere,
10499,DIPM2KNV,non_Sys,Kolbe W.,1984,Arthropodenfänge im Staatswald Burgholz mit Hilfe von Boden-Photoeklektoren unter besonderer Berücksichti- gung der Coleopteren,"Jahresberichte des Naturwissenschaftlichen Vereins in Wuppertal 37. Heft, Seite 14-23",,JB37_1984.pdf,,Maria Sporbert,Anneka,Wald,,Nadel(Misch)Wälder und -Forste,Deutschland,Nordrhein-Westfalen,Staatswald Burgholz in Solingen (Bergisches Land),,,7115176,51223182,5,,,Abundanz,,,Zeit,Wirbellose,Arthropoden,Arthropoden,Nematocera Brachyceral Cyclorrhapha Coleoptera Hymenoptera Lepidoptera Collembola Arachnida Isopoda/Myriapoda Sonstige Arthropoda,,,9,1978,1982,4,4,Fangautomaten,Beobachtung,no,,hoch,Tabelle 1,,,,,,keine Details,,,,,,,Literatur,D,Andere,
10500,DIPM2KNV,non_Sys,Kolbe W.,1984,Arthropodenfänge im Staatswald Burgholz mit Hilfe von Boden-Photoeklektoren unter besonderer Berücksichti- gung der Coleopteren,"Jahresberichte des Naturwissenschaftlichen Vereins in Wuppertal 37. Heft, Seite 14-23",,JB37_1984.pdf,,Maria Sporbert,Anneka,Wald,,Nadel(Misch)Wälder und -Forste,Deutschland,Nordrhein-Westfalen,Staatswald Burgholz in Solingen (Bergisches Land),,,7115176,51223182,5,,,Abundanz,,,Zeit,Wirbellose,Arthropoden,Arthropoden,Nematocera Brachyceral Cyclorrhapha Coleoptera Hymenoptera Lepidoptera Collembola Arachnida Isopoda/Myriapoda Sonstige Arthropoda,,,9,1978,1982,4,4,Fangautomaten,Beobachtung,no,,hoch,Tabelle 2,,,,,,keine Details,,,,,,,Literatur,D,Andere,
10501,QMM62F8T,non_Sys,Kolbe W.,1984,Coleopterenfänge mit Hilfe von Baum-Photoeklektoren im Staatswald Burgholz,"Jahresberichte des Naturwissenschaftlichen Vereins in Wuppertal 37. Heft, Seite 24-34",,JB37_1984.pdf,,Maria Sporbert,Anneka,Wald,,Nadel(Misch)Wälder und -Forste,Deutschland,Nordrhein-Westfalen,Staatswald Burgholz in Solingen (Bergisches Land),,,7115176,51223182,5,,,Artenzahl,,,Monate,Wirbellose,Arthropoden,Arthropoden,Coleoptera Spec.,,,Antwortvariable,1978,1980,2,2,Photoelektor,Beobachtung,negative to positive,,hoch,Abb.1,,,,,,keine Details,,,,,,,Literatur,D,Andere,
10502,QMM62F8T,non_Sys,Kolbe W.,1984,Coleopterenfänge mit Hilfe von Baum-Photoeklektoren im Staatswald Burgholz,"Jahresberichte des Naturwissenschaftlichen Vereins in Wuppertal 37. Heft, Seite 24-34",,JB37_1984.pdf,,Maria Sporbert,Anneka,Wald,,Nadel(Misch)Wälder und -Forste,Deutschland,Nordrhein-Westfalen,Staatswald Burgholz in Solingen (Bergisches Land),,,7115176,51223182,5,,,Artenzahl,,,Monate,Wirbellose,Arthropoden,Arthropoden,Coleoptera Spec.,,,Antwortvariable,1978,1980,2,2,Photoelektor,Beobachtung,negative to positive,,hoch,Abb.2,,,,,,keine Details,,,,,,,Literatur,D,Andere,
10503,QMM62F8T,non_Sys,Kolbe W.,1984,Coleopterenfänge mit Hilfe von Baum-Photoeklektoren im Staatswald Burgholz,"Jahresberichte des Naturwissenschaftlichen Vereins in Wuppertal 37. Heft, Seite 24-34",,JB37_1984.pdf,,Maria Sporbert,Anneka,Wald,,Nadel(Misch)Wälder und -Forste,Deutschland,Nordrhein-Westfalen,Staatswald Burgholz in Solingen (Bergisches Land),,,7115176,51223182,5,,,Artenzahl,,,Monate,Wirbellose,Arthropoden,Arthropoden,Coleoptera Ind.,,,Antwortvariable,1978,1980,2,2,Photoelektor,Beobachtung,negative to positive,,hoch,Abb.3,,,,,,keine Details,,,,,,,Literatur,D,Andere,
10504,QMM62F8T,non_Sys,Kolbe W.,1984,Coleopterenfänge mit Hilfe von Baum-Photoeklektoren im Staatswald Burgholz,"Jahresberichte des Naturwissenschaftlichen Vereins in Wuppertal 37. Heft, Seite 24-34",,JB37_1984.pdf,,Maria Sporbert,Anneka,Wald,,Nadel(Misch)Wälder und -Forste,Deutschland,Nordrhein-Westfalen,Staatswald Burgholz in Solingen (Bergisches Land),,,7115176,51223182,5,,,Abundanz,,,Monate,Wirbellose,Arthropoden,Arthropoden,Coleoptera Ind.,,,Antwortvariable,1978,1980,2,2,Photoelektor,Beobachtung,negative to positive,,hoch,Abb.4,,,,,,keine Details,,,,,,,Literatur,D,Andere,
10505,QMM62F8T,non_Sys,Kolbe W.,1984,Coleopterenfänge mit Hilfe von Baum-Photoeklektoren im Staatswald Burgholz,"Jahresberichte des Naturwissenschaftlichen Vereins in Wuppertal 37. Heft, Seite 24-34",,JB37_1984.pdf,,Maria Sporbert,Anneka,Wald,,Nadel(Misch)Wälder und -Forste,Deutschland,Nordrhein-Westfalen,Staatswald Burgholz in Solingen (Bergisches Land),,,7115176,51223182,5,,,Artenzahl,,,Monate,Wirbellose,Arthropoden,Arthropoden,Coleoptera Spec.,,,Antwortvariable,1978,1980,2,2,Photoelektor,Beobachtung,no,,hoch,Abb.5,,,,,,keine Details,,,,,,,Literatur,D,Andere,
10506,QMM62F8T,non_Sys,Kolbe W.,1984,Coleopterenfänge mit Hilfe von Baum-Photoeklektoren im Staatswald Burgholz,"Jahresberichte des Naturwissenschaftlichen Vereins in Wuppertal 37. Heft, Seite 24-34",,JB37_1984.pdf,,Maria Sporbert,Anneka,Wald,,Nadel(Misch)Wälder und -Forste,Deutschland,Nordrhein-Westfalen,Staatswald Burgholz in Solingen (Bergisches Land),,,7115176,51223182,5,,,Artenzahl,,,Monate,Wirbellose,Arthropoden,Arthropoden,Coleoptera Spec.,,,Antwortvariable,1978,1980,2,2,Photoelektor,Beobachtung,no,,hoch,Abb.6,,,,,,keine Details,,,,,,,Literatur,D,Andere,
10507,QMM62F8T,non_Sys,Kolbe W.,1984,Coleopterenfänge mit Hilfe von Baum-Photoeklektoren im Staatswald Burgholz,"Jahresberichte des Naturwissenschaftlichen Vereins in Wuppertal 37. Heft, Seite 23-34",,JB37_1984.pdf,,Maria Sporbert,Anneka,Wald,,Nadel(Misch)Wälder und -Forste,Deutschland,Nordrhein-Westfalen,Staatswald Burgholz in Solingen (Bergisches Land),,,7115176,51223182,5,,,Abundanz,,,Monate,Wirbellose,Arthropoden,Arthropoden,Coleoptera Ind.,,,Antwortvariable,1978,1980,2,2,Photoelektor,Beobachtung,no,,hoch,Abb.7,,,,,,keine Details,,,,,,,Literatur,D,Andere,
10508,QMM62F8T,non_Sys,Kolbe W.,1984,Coleopterenfänge mit Hilfe von Baum-Photoeklektoren im Staatswald Burgholz,"Jahresberichte des Naturwissenschaftlichen Vereins in Wuppertal 37. Heft, Seite 24-34",,JB37_1984.pdf,,Maria Sporbert,Anneka,Wald,,Nadel(Misch)Wälder und -Forste,Deutschland,Nordrhein-Westfalen,Staatswald Burgholz in Solingen (Bergisches Land),,,7115176,51223182,5,,,Abundanz,,,Monate,Wirbellose,Arthropoden,Arthropoden,Coleoptera Ind.,,,Antwortvariable,1978,1980,2,2,Photoelektor,Beobachtung,no,,hoch,Abb.8,,,,,,keine Details,,,,,,,Literatur,D,Andere,
10509,Dorn1985,non_Sys,"Dorn K. , V. Janke",1985,"Die Nematoceren- Familien (Diptera, Nematocera) eines Buchenwaldes und Fichtenforstes im Burgholz",Jahresberichte des Naturwissenschaftlichen Vereins in Wuppertal 38. Heft,,JB38_1985.pdf,,Maria Sporbert,Anneka,Wald,,Nadel(Misch)Wälder und -Forste,Deutschland,Nordrhein-Westfalen,Staatswald Burgholz in Solingen (Bergisches Land),,,7115176,51223182,5,,,Artenzahl,,,Monate,Wirbellose,Arthropoden,Arthropoden,Nematoceren,,,,1978,1982,4,4,Photoelektor,Beobachtung,negative,,hoch,Tabelle 1,,,,,,keine Details,,,,,,,Literatur,D,Andere,
10510,Kolbe1985,non_Sys,"Kolbe W., K. Dorn",1985,Der Einfluss vonNa-PCP auf die Anthropoden-Fauna der Bodenstreu- ein Beitrag zur Ökotoxikologie,"Jahresberichte des Naturwissenschaftlichen Vereins in Wuppertal 38. Heft, Seite 108 – 117",,JB38_1985.pdf,,Maria Sporbert,Anneka,Wald,,Nadel(Misch)Wälder und -Forste,Deutschland,Nordrhein-Westfalen,Staatswald Burgholz in Solingen (Bergisches Land),,,7115176,51223182,5,,,Artenzahl,,,Jahre,Wirbellose,Arthropoden,Arthropoden,Insekten,,,16,1978,1984,6,3,Photoelektor,Beobachtung,negative to positive,,hoch,Tabelle 3,Verschmutzung,,,,,Biozid-Gabe (Na-PCP),,,,,,,Literatur,D,Andere,
10511,J86XXBKQ,non_Sys,Patrzich R.,1987,Thysanopteren aus zwei Forstbiotopen im Staatswald Burgholz (Solingen),"Jahresberichte des Naturwissenschaftlichen Vereins in Wuppertal 40. Heft, Seite 90 – 93",,JB40_1987.pdf,,Maria Sporbert,Anneka,Wald,,Nadel(Misch)Wälder und -Forste,Deutschland,Nordrhein-Westfalen,Staatswald Burgholz in Solingen (Bergisches Land),,,7115176,51223182,5,,,ENS,Diversität,,Jahre & Ort,Wirbellose,Arthropoden,Arthropoden,,,,,1983,1985,2,2,Photoelektor,Beobachtung,positive,,hoch,Tabelle 2,,,,,,keine Details,,,,,,,Literatur,D,Fransenflügler,
10512,J86XXBKQ,non_Sys,Patrzich R.,1987,Thysanopteren aus zwei Forstbiotopen im Staatswald Burgholz (Solingen),"Jahresberichte des Naturwissenschaftlichen Vereins in Wuppertal 40. Heft, Seite 90 – 93",,JB40_1987.pdf,,Maria Sporbert,Anneka,Wald,,Nadel(Misch)Wälder und -Forste,Deutschland,Nordrhein-Westfalen,Staatswald Burgholz in Solingen (Bergisches Land),,,7115176,51223182,5,,,ENS,Evenness,,Jahre & Ort,Wirbellose,Arthropoden,Arthropoden,,,,,1983,1985,2,2,Photoelektor,Beobachtung,positive,,hoch,Tabelle 2,,,,,,keine Details,,,,,,,Literatur,D,Fransenflügler,
10513,YUSKLNKE,non_Sys,Nippel F.,1988,"Großschmetterlinge aus dem Burgholz-Projekt, die mit Hilfe von Boden-Photoeklektoren erfaßt wurden","Jahresberichte des Naturwissenschaftlichen Vereins in Wuppertal 41. Heft, Seite 76-77",,JB41_1988.pdf,,Maria Sporbert,Anneka,Wald,,Nadel(Misch)Wälder und -Forste,Deutschland,Nordrhein-Westfalen,Staatswald Burgholz in Solingen (Bergisches Land),,,7115176,51223182,5,,,Abundanz,,,Jahre & Ort,Wirbellose,Arthropoden,Arthropoden,Großschmetterling,,,<10,1983,1987,4,3,Photoelektor,Beobachtung,no,,hoch,Tabelle 1,,,,,,keine Details,,,,,,,Literatur,D,Andere,
10514,6TJDBKDX,non_Sys,Kolbe W.,1991,Zur Abundanz und Fluktiation von Anthropoden in Forsten des Staatswaldes Burgholz in Solingen (1978 – 1990),"Jahresberichte des Naturwissenschaftlichen Vereins in Wuppertal 44. Heft, Seite 20 – 33",,JB44_1991.pdf,,Maria Sporbert,Anneka,Wald,,Nadel(Misch)Wälder und -Forste,Deutschland,Nordrhein-Westfalen,Staatswald Burgholz in Solingen (Bergisches Land),,,7115176,51223182,5,,,Abundanz,,,Jahre,Wirbellose,Arthropoden,Arthropoden,Anthropoda,,,,1978,1989,11,7,Photoelektor,Beobachtung,positive to negative,,hoch,Abb. 1,,,,,,keine Details,,,,,,,Literatur,D,Andere,
10517,Kolbe1992,non_Sys,Kolbe W.,1992,"Rüsselkäfer (Coleoptera, Curculionidae) in 2 ausgewählten Forstbiotopen Ergebnisse aus dem Burgholz Projekt 1978 bia 1990","Jahresberichte des Naturwissenschaftlichen Vereins in Wuppertal 45. Heft, Seite 24-29",,JB45_1992.pdf,,Maria Sporbert,Anneka,Wald,,Nadel(Misch)Wälder und -Forste,Deutschland,Nordrhein-Westfalen,Staatswald Burgholz in Solingen (Bergisches Land),,,7115176,51223182,5,,,Abundanz,,,Monate,Wirbellose,Arthropoden,Arthropoden,,Barypeithes araneiformi,Rüsselkäfer,,1983,1990,7,6,Photoelektor,Beobachtung,positive,,hoch,Abb. 1 Buchen-Bestand,,,,,,keine Details,,,,,,,Literatur,D,Andere,
10518,Kolbe1992,non_Sys,Kolbe W.,1992,"Rüsselkäfer (Coleoptera, Curculionidae) in 2 ausgewählten Forstbiotopen Ergebnisse aus dem Burgholz Projekt 1978 bia 1990","Jahresberichte des Naturwissenschaftlichen Vereins in Wuppertal 45. Heft, Seite 24-29",,JB45_1992.pdf,,Maria Sporbert,Anneka,Wald,,Nadel(Misch)Wälder und -Forste,Deutschland,Nordrhein-Westfalen,Staatswald Burgholz in Solingen (Bergisches Land),,,7115176,51223182,5,,,Abundanz,,,Monate,Wirbellose,Arthropoden,Arthropoden,,Barypeithes araneiformi,Rüsselkäfer,,1983,1990,7,6,Photoelektor,Beobachtung,no,,hoch,Abb. 2 Fichten-Bestand,,,,,,keine Details,,,,,,,Literatur,D,Andere,
10519,Kolbe1992,non_Sys,Kolbe W.,1992,"Rüsselkäfer (Coleoptera, Curculionidae) in 2 ausgewählten Forstbiotopen Ergebnisse aus dem Burgholz Projekt 1978 bia 1990","Jahresberichte des Naturwissenschaftlichen Vereins in Wuppertal 45. Heft, Seite 24-29",,JB45_1992.pdf,,Maria Sporbert,Anneka,Wald,,Nadel(Misch)Wälder und -Forste,Deutschland,Nordrhein-Westfalen,Staatswald Burgholz in Solingen (Bergisches Land),,,7115176,51223182,5,,,Abundanz,,,Monate,Wirbellose,Arthropoden,Arthropoden,,Strophosoma melanogrammum,,,1983,1990,7,6,Photoelektor,Beobachtung,no,,hoch,Abb. 3 Buchen-Bestand,,,,,,keine Details,,,,,,,Literatur,D,Andere,
10520,EB8KV3G9,non_Sys,Platen R.,1992,Struktur und Dynamik der Spinnengemeinschaften im Staatswald Burgholz,"Jahresberichte des Naturwissenschaftlichen Vereins in Wuppertal 45. Heft, Seite 56 – 82",,JB45_1992.pdf,,Maria Sporbert,Anneka,Wald,,Nadel(Misch)Wälder und -Forste,Deutschland,Nordrhein-Westfalen,Staatswald Burgholz in Solingen (Bergisches Land),,,7115176,51223182,5,,,Abundanz,,,Jahre,Wirbellose,Arthropoden,Arthropoden,Webspinnen,,,<20,1978,1981,3,4,Photoelektor,Beobachtung,no,,hoch,Tabelle 3 Buchen-Bestand,,,,,,keine Details,,,,,,,Literatur,D,Andere,
10521,EB8KV3G9,non_Sys,Platen R.,1992,Struktur und Dynamik der Spinnengemeinschaften im Staatswald Burgholz,"Jahresberichte des Naturwissenschaftlichen Vereins in Wuppertal 45. Heft, Seite 56-82",,JB45_1992.pdf,,Maria Sporbert,Anneka,Wald,,Nadel(Misch)Wälder und -Forste,Deutschland,Nordrhein-Westfalen,Staatswald Burgholz in Solingen (Bergisches Land),,,7115176,51223182,5,,,Abundanz,,,Jahre,Wirbellose,Arthropoden,Arthropoden,Webspinnen,,,<20,1978,1981,3,4,Photoelektor,Beobachtung,no,,hoch,Tabelle 4 Fichten-Bestand,,,,,,keine Details,,,,,,,Literatur,D,Andere,
10521,EB8KV3G9,non_Sys,Platen R.,1992,Struktur und Dynamik der Spinnengemeinschaften im Staatswald Burgholz,"Jahresberichte des Naturwissenschaftlichen Vereins in Wuppertal 45. Heft, Seite 56-82",,JB45_1992.pdf,,Maria Sporbert,Anneka,Wald,,Nadel(Misch)Wälder und -Forste,Deutschland,Nordrhein-Westfalen,Staatswald Burgholz in Solingen (Bergisches Land),,,7115176,51223182,5,,,Artenzahl,,,Jahre,Wirbellose,Arthropoden,Arthropoden,Webspinnen,,,Antwortvariable,1978,1981,3,4,Photoelektor,Beobachtung,no,,hoch,Tabelle 4 Fichten-Bestand,,,,,,keine Details,,,,,,,Literatur,D,Andere,corrected
10522,HEGUFD6Z,non_Sys,Patrzich R.,1993,Thysanopteren-Emergenzen in einem Buchenwald und ei- nem Fichtenforst des Staatsforstes Burgholz bei Solingen,"Jahresberichte des Naturwissenschaftlichen Vereins in Wuppertal 46. Heft, Seite 46-54",,JB46_1993.pdf,,Maria Sporbert,Anneka,Wald,,Nadel(Misch)Wälder und -Forste,Deutschland,Nordrhein-Westfalen,Staatswald Burgholz in Solingen (Bergisches Land),,,7115176,51223182,5,,,Artenzahl,,,Jahre,Wirbellose,Arthropoden,Arthropoden,Thysanopteren-Fauna,,,Antwortvariable,1983,1986,3,3,Photoelektor,Beobachtung,no,,hoch,Tabelle 1,,,,,,keine Details,,,,,,,Literatur,D,Andere,
10523,Platen1994,non_Sys,Platen R.,1994,Der Einfluß von Fremdländeranbaugebieten auf die Zusam-mensetzung der Spinnen- (Araneida) und Weberknechtge-meinschaften (Opilionida) im Staatswald Burgholz,"Jahresberichte des Naturwissenschaftlichen Vereins in Wuppertal 47. Heft, Seite 17-39",,JB47_1994.pdf,,Maria Sporbert,Anneka,Wald,,Nadel(Misch)Wälder und -Forste,Deutschland,Nordrhein-Westfalen,Staatswald Burgholz in Solingen (Bergisches Land),,,7115176,51223182,5,,,Artenzahl,,,,Wirbellose,Arthropoden,Arthropoden,"Araneida, Opilionida",,,63,1990,1991,1,2,Photoelektor,Beobachtung,no,,hoch,Abb. 1 Exoten-Mischwald,,,,,,keine Details,,,,,,,Literatur,D,Andere,
10563,FB9BMVSK,non_Sys,"Walter, S.",2004,Die Vegetation der Wälder des Rothaargebirges und ihre Veränderungen im 20. Jahrhundert,"Abhandlungen aus dem Westfälischen Museum für Naturkunde, 66. Jahrgang, 2004, Heft 4",,Walter_Rothaargebirge_Abh_66(4)2004.pdf,,Maria Sporbert,Daniel Petry,Wald,,,Deutschland,Nordrhein-Westfalen,Rothaargebirge im Südosten Nordrheinwestfalens,,,8217447948,5112266415,,,,Artenzahl,,,,Pflanzen,Farn- und Blütenpflanzen,Farn- und Blütenpflanzen,"""Stickstoffzeiger""",,,"Schwierig zu erfassen, keine explizite Zahl gefunden",1942,1996,54,2,Vegetationsaufnahme,Beobachtung,positive,"""Als deutlichste Ergebnisse der zeitlich vergleichenden Betrachtung der Buchenwälder und deren Ersatzgesellschaften zeigen sich einerseits die Zunahme einer Reihe von Stickstoffzeigern sowie andererseits der Rückgang von Arten, welche bodensaure und stickstoffarme Bedingungen anzeigen.""",,Tab. 15: Arten mit zu- oder abnehmender Tendenz in den Wäldern des Rothaargebirges und des Schwarzwalds,,,,,,,,,,,,,Literatur,D,,
10564,FB9BMVSK,non_Sys,"Walter, S.",2004,Die Vegetation der Wälder des Rothaargebirges und ihre Veränderungen im 20. Jahrhundert,"Abhandlungen aus dem Westfälischen Museum für Naturkunde, 66. Jahrgang, 2004, Heft 5",,Walter_Rothaargebirge_Abh_66(4)2004.pdf,,Maria Sporbert,Daniel Petry,Wald,,,Deutschland,Nordrhein-Westfalen,Rothaargebirge im Südosten Nordrheinwestfalens,,,8217447948,5112266415,,,,Artenzahl,,,,Pflanzen,Farn- und Blütenpflanzen,Farn- und Blütenpflanzen,"Arten, die bodensaure und stickstoffarme Bedingungen anzeigen",,,"Schwierig zu erfassen, keine explizite Zahl gefunden",1942,1996,54,2,Vegetationsaufnahme,Beobachtung,negative,"""Als deutlichste Ergebnisse der zeitlich vergleichenden Betrachtung der Buchenwälder und deren Ersatzgesellschaften zeigen sich einerseits die Zunahme einer Reihe von Stickstoffzeigern sowie andererseits der Rückgang von Arten, welche bodensaure und stickstoffarme Bedingungen anzeigen.""",,Tab. 15: Arten mit zu- oder abnehmender Tendenz in den Wäldern des Rothaargebirges und des Schwarzwalds,,,,,,,,,,,,,Literatur,D,,
10581,#NV,non_Sys,"Grimmberger E., Bork H.",1979,"Untersuchungen zur Biologie, Ökologie und Populationsdynamik der Zwergfledermaus, PipistreUus p. pipistreUus (Schreber 1774), in einer großen Population im Norden der DDR","Nyctalus (N.F.), Band 1 (1979), Heft 2, S. 122-136",,B1H2_1979.pdf,,Maria Sporbert,Anneka,Wald,,Bauwerke,Deutschland,Mecklenburg-Vorpommern,Demmin,,,1303887291,5394710957,,,,Abundanz,,,,Wirbeltiere,Säuger,Säugetiere,,Zwerffledermaus,Pipistrellus pipistrellus,1,1972,1974,2,3,Zählung,Beobachtung,no,,,Tabelle 10,,,,,,,,,,,,,Literatur,D,,
10583,TTNUGK8D,non_Sys,Heise G.,1982,"Zu Vorkommen, Biologie und Ökologie der Rauhhautfledermaus (Pipistrellus nathusii) in der Umgebung von Prenzlau (Uckermark), Bezirk Neubrandenburg","Nyctalus (N.F.), Band 1 (1982), Heft 4/5, S. 281-300",,B1H4_5_1982.pdf,,Maria Sporbert,Anneka,Wald,,Nadel(Misch)Wälder und -Forste,Deutschland,Brandenburg,Melzower Forst,,,1391309427,5316624366,,,,Abundanz,,,"Kasten Nr, Artzahl",Wirbeltiere,Säuger,Säugetiere,,"Rauhautfledermaus, Zwergfledermaus","P. nathusii, P. Pipistellus",2,1977,1979,2,3,Zählung,Beobachtung,no,,,Tabelle 9,,,,,,,,,NSG Melzower Forst,,,,Literatur,D,,
10584,Fischer1982,non_Sys,Fischer A.,1982,Zum Vorkommen der Flede.rmäuse im Bezirk Suhl Teil 1,"Nyctalus (N.F.), Band 1 (1982), Heft 4/5, S. 361 – 379",,B1H4_5_1982.pdf,,Maria Sporbert,Anneka,Wald,,Nadel(Misch)Wälder und -Forste,Deutschland,Thüringen,Suhl,,,1066357557,5063174556,,,,Abundanz,,,,Wirbeltiere,Säuger,Säugetiere,,Mausohren,Myotis myotis,1,1953,1979,26,8,Funde,Beobachtung,no,,,Tabelle 3,,,,,,,,,NSG Thüringer Wald,,,,Literatur,D,,
10592,NJABK9U7,non_Sys,Podany M.,1995,Nachweis einer Baumhöhlen-Wochenstube der Mopsfledermaus (Barbastella barbastellus) sowie einige Anmerkungen zum Überwinterungsverhalten im Flachland,"Nyctalus (N.F.), Band 5 (1985), Heft 5, S. 473 – 479",,B5_H5_1995_S473-479.pdf,,Maria Sporbert,Anneka,Wald,,Nadel(Misch)Wälder und -Forste,Deutschland,Brandenburg,"Dahme, Jetsch, Bornsdorf, Kassel-Gotz, Sonnenwalde",,,1365081634,5178352669,,,,Abundanz,,,Jahre,Wirbeltiere,Säuger,Säugetiere,,Mopsfledermaus,Barbastellus barbastellus,1,1982,1992,10,10,Zählung,Beobachtung,negative to positive,,,Abb. 2,,,,,,,,,Naturpark Dahme Heideseen,,,,Literatur,D,,
10597,Brockmann2004,non_Sys,"Brockmann, D. et al.",2004,Fledermausmarkierung in Ostdeutschland seit 1990 - Stand und Entwicklung,"Nyctalus (N.F.), Band 9, Heft 3, 197-202",,B9_H3_2004_S197-202.pdf (nyctalus.com),,Maria Sporbert,Daniel Petry,Wald,,,Deutschland,,"Ostdeutschland: Brandenbur, Mecklenburg-Vorpommern, Sachsen, Sachsen-Anhalt und Thueringen",,,122989653,5237585093,,,,Abundanz,,,,Wirbeltiere,Säuger,Chiroptera/ Fledermaeuse,,,,18,1990,2000,10,10,Beringungen + Wiederfunde,Beobachtung,positive,Siehe Abb. 1,,"Abb. 1: ""Anzahl der jaehrlich markierten und wiedergefundenen Fledermaeuse und Anzahl der aktiven Fledermausberinger""",,,,,,,,,,,"""Die Ergebnisse des zurückliegenden Jahrzehntes zeugen von gewachsenem Leistungsvermögen der Fledermausmarkierung und steigender Effizienz der diesbezüglichen Datenverarbeitung.""",,Literatur,D,,
10599,Schmidt2004,non_Sys,"Schmidt, A. et al.",2004,"Bisherige Ergebnisse zur Nutzung von ""Fledermaus-Großraum- und Überwinterungshöhlen IFW"" durch Abendsegler (Nyclalus noctula) in Ost-Brandenburg und zu Überwinterungsversuchen der Art","Nyctalus (N.F.), Band 9, Heft 4, 365-371",,B9_H4_2004_S365-371.pdf (nyctalus.com),,Maria Sporbert,Daniel Petry,Wald,,,Deutschland,Brandenburg,"Fledermauskastenrevier ""Möllenwinkel"", 9km suedlich Beeskow bzw. Im Fledermauskastenrevier ""Kohlsdorfer Chaussee"", 1,5km sued-westlich Beeskow.",,,1423887141,5216134574,,,,Abundanz,,,,Wirbeltiere,Säuger,Chiroptera/ Fledermaeuse,Abendsegler,,Nyctalus noctula,1,1994,2002,8,8,Kontrolle,Beobachtung,positive to negative,"""… erreichte schon nach 
4 Jahren das Maximum des Besatzes von 198 Abendseglem 
(Nyctaluss noctula) und schwankte danach zwischen 119 
und 177 Ex./Jahr."" ABER Schwankungen aufgrund Temperaturentwicklungen + multimodal?",,"""Abb. 4 Entwicklung des Abendseglerbesatzes …""",,,,,,,,,,,,,Literatur,D,,corrected
10599,Schmidt2004,non_Sys,"Schmidt, A. et al.",2004,"Bisherige Ergebnisse zur Nutzung von ""Fledermaus-Großraum- und Überwinterungshöhlen IFW"" durch Abendsegler (Nyclalus noctula) in Ost-Brandenburg und zu Überwinterungsversuchen der Art","Nyctalus (N.F.), Band 9, Heft 4, 365-371",,B9_H4_2004_S365-371.pdf (nyctalus.com),,Maria Sporbert,Daniel Petry,Wald,,,Deutschland,Brandenburg,"Fledermauskastenrevier ""Möllenwinkel"", 9km suedlich Beeskow bzw. Im Fledermauskastenrevier ""Kohlsdorfer Chaussee"", 1,5km sued-westlich Beeskow.",,,1423887141,5216134574,,,,Abundanz,,,,Wirbeltiere,Säuger,Chiroptera/ Fledermaeuse,Abendsegler,,Nyctalus noctula,1,1994,2002,8,8,Kontrolle,Beobachtung,no,"Der Bestand in den im seihen Gebiet hängenden normalen Fledermauskästen ... stieg bis 1996 auf 90 Ex. an, fiel anschließend für 2 Jahre auf etwa die Hälfte der Tiere und schwankte seit 1999 zwischen 64 und 88 Ex.",,,,,,,,,,,,,,,Literatur,D,,corrected
10608,Schmidt2005,non_Sys,"Schmidt, A.",2005,"Nochmals Nachweise der Teichfledermaus (Myotis dasycneme ) im Beeskower Land, O-Brandenburg, darunter der Fund in einem Gewöll der Schleiereule (Tylo alba)","Nyctalus (N.F.), Band 9, Heft 6, 606-610",,B9_H6_2005_S606-610.pdf (nyctalus.com),,Maria Sporbert,Daniel Petry,Wald,,,Deutschland,Brandenburg,Gesamt Brandenburg,,,1321625019,5213140554,,,,Abundanz,,,,Wirbeltiere,Säuger,Chiroptera/ Fledermaeuse,Teichfledermaus,,Myotis dasycneme,1,1939,1999,60,5,Fledermausfunde,Beobachtung,positive,"""Die Anzahl der Beobachtungen und Belege stieg während der beiden letzten Dezennien deutlich an, was auf eine Bestandserholung nach Überwindung der bis in die 1980er Jahre anhaltenden DDT-Verseuchung hindeutet.""",,Abb. 5. Jahrzehntesummen der Teichfledermausnachweise im Land Brandenburg,Verschmutzung,Bestandserholung nach DDT-Verseuchung,,,,,,,,,"Treiber? Oder Massnahme, da kein DDT mehr verwendet?",,Literatur,D,,
10609,XQ7DW4VS,non_Sys,"Rackow, W.",2005,"Zur aktuellen Verbreitung des Mausohrs, Myotis myotis (Borkhausen, 1797), im Landkreis Osterode am Harz (Niedersachsen)","Nyctalus (N.F.), Band 10, Heft 2, 160-167",,B10_H2_2005_S160-167.pdf (nyctalus.com),,Maria Sporbert,Daniel Petry,Wald,,,Deutschland,Niedersachsen,Ein Gipskarsthoehle im Landkreis Osterode am Harz (Winterquartier),,,1026501129,5173880831,,,,Abundanz,,,,Wirbeltiere,Säuger,Chiroptera/ Fledermaeuse,Mausohr,,Myotis myotis,1,1988,2005,17,18,Fledermauserfassungen,Beobachtung,positive,"""Die Bestände der Mausohren haben sich in den letzten Jahren […] im LK Osterode am Harz langsam, aber stetig erholt.""",,Abb. 2 Bestandsentwicklung der Mausohren .. In einer Gipskarsthoehle im Suedharz 1988-2005,,,,,,,,,,,,,Literatur,D,,
10611,D6NZFXJE,non_Sys,"Sauerbier, W. et al.",2005,"Das Mausohr, Myotis myotis (Borkhausen, 1797), im Kyffhäuserkreis / Thüringen - Verbreitung, Bestandsentwicklung und Schutzstrategien","Nyctalus (N.F.), Band 10, Heft 2, 183-200",,B10_H2_2005_S183-200.pdf (nyctalus.com),,Maria Sporbert,Daniel Petry,Wald,,,Deutschland,Thüringen,Kyffhäuserkreis,,,108683186,513685747,,,,Abundanz,,,,Wirbeltiere,Säuger,Chiroptera/ Fledermaeuse,Mausohr,,Myotis myotis,1,1962,2004,42,11,Zaehlungen,Beobachtung,positive,"""Seit Ende der 1980er Jahre verläuft die Bestandsentwicklung positiv.""",,Abb. 4 Bestandsentwicklung des Mausohrs im Kyffhaeuserkreis von 1988-2004 + Abb. 5 und 6 in bestimmten Wochenstuben,,,,,,,,,,,,,Literatur,D,,
10612,IZA9LVWC,non_Sys,"Günther, E. et al.",2005,Die Sommerquartiere des Kleinabendseglers (Nyctalus leisleri) im nordöstlichen Harz unter Bezug zu den Vorkommen der in Baumhöhlen brütenden Mauersegler (Apus apus),"Nyctalus (N.F.), Band 10, Heft 3-4, 269-275",,B10_H3-4_2005_S269-275.pdf (nyctalus.com),,Maria Sporbert,Daniel Petry,Wald,,,Deutschland,Sachsen-Anhalt,Nordoestlicher Harz - vornehmlich in Handwaeldern des Bode- und Selketals,,,1117375085,5167693917,,,,Abundanz,,,,Wirbeltiere,Säuger,Chiroptera/ Fledermaeuse,Kleinabendsegler,,Nyctalus leisleri,1,1985,1999,14,17,Bestandsaufnahme,Beobachtung,negative,"""Zwischen 1995 und 1999 ist ein deutlicher Rückgang
der Fledermausfunde zu verzeichnen.""",,Abb. 3 Verteilung der Fledermausnachweise zwischen 1985 und 1999 + Abb.4 Bestandsentwicklungen des Mauerseglers zwischen 1985 und 2001 auf 2 Untersuchungsflaechen im Selketal/Alexisbad,Andere direkte Treiber,"""Als möglicher Verursacher wird der Waschbär diskutiert, der den Brutbestand des Mauerseglers teilweise merklich reduziert hat.""",,,,,,,,,,,Literatur,D,,
10614,Ohlendorf2006,non_Sys,"Ohlendorf, B.",2006,"Das Mausohr (Myotis myotis) in Sachsen-Anhalt - Erfassungsstand 2004, nebst bemerkenswerten Beobachtungen","Nyctalus (N.F.), Band 11, Heft 2-3, 214-223",,B11_H2-3_2006_S214-223.pdf (nyctalus.com),,Maria Sporbert,Daniel Petry,Wald,,,Deutschland,Sachsen-Anhalt,Gesamt Sachsen-Anhalt,,,116922799,5195026628,,,,Abundanz,,,,Wirbeltiere,Säuger,Chiroptera/ Fledermaeuse,Mausohr,,Myotis myotis,1,1999,2004,5,6,Bestandsaufnahme,Beobachtung,no,"""Obwohl in den letzten acht Jahren 8 Quartiere (23,5 %)
aufgegeben wurden, ist die Gesamtzahl der Individuen
(ca. 6000) in den Reproduktionsquartieren nahezu gleich
geblieben.""",,,,,,,,,,,,,Relevant? Wie oben Fokus auf Winter- und Reproduktionsquartiere,,Literatur,D,,
10629,CUK5LQQ8,non_Sys,Schmidt A.,1997,"Zu Verbreitung, Bestandsentwicklung und Schutz des Abendseglers (Nyctalus noctula) in Brandenburg","Nyctalus (N.F.), Band 6(1985), Heft 4, S. 365-371",,B6_H4_1997_S365-371.pdf,,,Anneka,Wald,,Nadel(Misch)Wälder und -Forste,Deutschland,Brandenburg,Möllenwinkel,,,1423924873,520834783,,,,Abundanz,,,Jahr,Wirbeltiere,Säuger,,,Abendsegler,Nyclalus noctula,1,1972,1996,24,24,Zählung,Beobachtung,no,,,Abb. 2,,,,,,,,NSG Möllenwinkel,,,,,Literatur,,,
10635,BX9AXT7X,non_Sys,Schmidt A.,1998,Zur Fledermausfauna ostbrandenburgischer Kiefernforste,"Nyctalus (N.F.), Band 6(1985), Heft 5, S. 450-455",,B6_H5_1998_S450-455.pdf,,,Anneka,Wald,,Nadel(Misch)Wälder und -Forste,Deutschland,Brandenburg,Beeskow,,,1428271121,5220478753,,,,Abundanz,,,Jahr,Wirbeltiere,Säuger,,,Rauhautfledermaus,Pipistrellus nathusii,1,1974,1996,22,23,Zählung,Beobachtung,positive,,,Abb. 7,,,,,,,,,,,,,Literatur,,,
10636,BX9AXT7X,non_Sys,Schmidt A.,1998,Zur Fledermausfauna ostbrandenburgischer Kiefernforste,"Nyctalus (N.F.), Band 6(1985), Heft 5, S. 450-455",,B6_H5_1998_S450-455.pdf,,,Anneka,Wald,,Nadel(Misch)Wälder und -Forste,Deutschland,Brandenburg,Beeskow,,,1427533692,5220020751,,,,Abundanz,,,Jahr,Wirbeltiere,Säuger,,,Abendsegler,Nyclalus noctula,1,1974,1996,22,23,Zählung,Beobachtung,positive,,,Abb. 8,,,,,,,,,,,,,Literatur,,,
10637,UEQEAG8X,non_Sys,Dietrich H.,1998,Zum Einsatz von Holzbeton-Großhöhlen für waldbewohnende Fledermäuse und zur Bestandsentwicklung der Chiropteren in einem schleswig-holsteinischen Revier nach 30jährigen Erfahrungen,"Nyctalus (N.F.), Band 6(1985), Heft 5, S. 456-467",,B6_H5_1998_S456-467.pdf,,,Anneka,Wald,,Nadel(Misch)Wälder und -Forste,Deutschland,Schleswig-Holstein,Rixdorfer Tannen,,,1046131832,5420813039,,,,Abundanz,,,Jahr,Wirbeltiere,Säuger,,,Abendsegler(Nyctalus noctula),,6,1968,1997,29,29,Zählung,Beobachtung,positive,,,P. nathusii nahm in den Rixdorfer Tannen relativ schnell zu,,,,,,,,,,,,,Literatur,,,corrected
10637,UEQEAG8X,non_Sys,Dietrich H.,1998,Zum Einsatz von Holzbeton-Großhöhlen für waldbewohnende Fledermäuse und zur Bestandsentwicklung der Chiropteren in einem schleswig-holsteinischen Revier nach 30jährigen Erfahrungen,"Nyctalus (N.F.), Band 6(1985), Heft 5, S. 456-467",,B6_H5_1998_S456-467.pdf,,,Anneka,Wald,,Nadel(Misch)Wälder und -Forste,Deutschland,Schleswig-Holstein,Rixdorfer Tannen,,,1046131832,5420813039,,,,Abundanz,,,Jahr,Wirbeltiere,Säuger,,,"Rauhautfledermaus, Fransenfledermaus, Abendsegler, Braunes Langohr, Wasserfledermaus, Zwergfledermaus","Nyclalus noctula, Myotis nattereri, Pipistrellus nathusii, Plecotus auritus, Myotis daubentoi,  Pipistrellus pipistrellus",6,1968,1997,29,29,Zählung,Beobachtung,positive,,,"Eine deutliche Zunahme dieser Art erfolgte jedoch erst, als 1 990 Großhöhlen aufgehängt werden konnten",,,,,,,,,,,,,Literatur,,,corrected
10637,UEQEAG8X,non_Sys,Dietrich H.,1998,Zum Einsatz von Holzbeton-Großhöhlen für waldbewohnende Fledermäuse und zur Bestandsentwicklung der Chiropteren in einem schleswig-holsteinischen Revier nach 30jährigen Erfahrungen,"Nyctalus (N.F.), Band 6(1985), Heft 5, S. 456-467",,B6_H5_1998_S456-467.pdf,,,Anneka,Wald,,Nadel(Misch)Wälder und -Forste,Deutschland,Schleswig-Holstein,Rixdorfer Tannen,,,1046131832,5420813039,,,,Abundanz,,,Jahr,Wirbeltiere,Säuger,,,"Rauhautfledermaus, Fransenfledermaus, Abendsegler, Braunes Langohr, Wasserfledermaus, Zwergfledermaus","Nyclalus noctula, Myotis nattereri, Pipistrellus nathusii, Plecotus auritus, Myotis daubentoi,  Pipistrellus pipistrellus",6,1968,1997,29,29,Zählung,Beobachtung,positive,,,The number of bats increased up to 557 in 1996.,,,,,,,,,,,,,Literatur,,,corrected
10638,CIWE47NB,non_Sys,"Koettnitz J., Heuser R.",1999,10 Jahre fledermausgerechte Stollenabsicherung an Lahn und Dill,"Nyctalus (N.F.), Band 7(1999), Heft 1, S. 43 – 59",,B7_H1_1999_S43-59.pdf,,,Anneka,Wald,,Bauwerke,Deutschland,Hessen,Lahn-Dill Kreis,,,8512608559,5053087654,,,,Abundanz,,,Jahr,Wirbeltiere,Säuger,,,Fledermaus Arten,,,1987,1996,9,10,Zählung,Beobachtung,positive,,,Abb. 19,,,,,,,,,,,,,Literatur,,,
10639,Haensel1999,non_Sys,Haensel J. & Tismer R.,1999,"Versuchsrevier für Fledermauskästen im Forst Berlin-Schmöckwitz - erste Ergebnisse, insbesondere zu den überwiegend vertretenen Rauhhautfledermäusen (Pipistrellus nathusii)*","Nyctalus (N.F.), Band 7(1999), Heft 1, S. 60-77",,B7_H1_1999_S60-77.pdf,,,Anneka,Wald,,Nadel(Misch)Wälder und -Forste,Deutschland,Berlin,Berlin-Schmöckwitz,,,1363319592,5238098024,,,,Abundanz,,,Jahr,Wirbeltiere,Säuger,,,"Mausohr, Rauhautfledermaus","Myotis myotis, Pipistrellus nathusii",2,1975,1996,21,21,Zählung,Beobachtung,negative to positive,,,Tabelle 1,,,,,,,,NSG Krumme Lake,,,,,Literatur,,,
10640,4DT9UXEK,non_Sys,Schmidt A.,2000,Zum Vorkommen von Fledermäusen in Ostbrandenburg in den Jahren 1979 bis 1998,"Nyctalus (N.F.), Band 7(2000), Heft 3, S. 251-270",,B7_H3_2000_S251-270-.pdf,,,Anneka,Wald,,Nadel(Misch)Wälder und -Forste,Deutschland,Brandenburg,Schwarzberge,,,142732111,5224363785,,,,Abundanz,,,Jahr,Wirbeltiere,Säuger,,,Abendsegler,Nyclalus noctula,1,1973,1997,24,24,Zählung,Beobachtung,positive,,,Abb. 6,,,,,,,,NSG Schwarzberge,,,,,Literatur,,,
10641,4DT9UXEK,non_Sys,Schmidt A.,2000,Zum Vorkommen von Fledermäusen in Ostbrandenburg in den Jahren 1979 bis 1998,"Nyctalus (N.F.), Band 7(2000), Heft 3, S. 251-270",,B7_H3_2000_S251-270-.pdf,,,Anneka,Wald,,Nadel(Misch)Wälder und -Forste,Deutschland,Brandenburg,Schwarzberge,,,142732111,5224363785,,,,Abundanz,,,Jahr,Wirbeltiere,Säuger,,,Rauhautfledermaus,Pipistrellus nathusii,1,1973,1997,24,24,Zählung,Beobachtung,positive,,,Abb. 7,,,,,,,,NSG Schwarzberge,,,,,Literatur,,,
10642,4DT9UXEK,non_Sys,Schmidt A.,2000,Zum Vorkommen von Fledermäusen in Ostbrandenburg in den Jahren 1979 bis 1998,"Nyctalus (N.F.), Band 7(2000), Heft 3, S. 251-270",,B7_H3_2000_S251-270-.pdf,,,Anneka,Wald,,Nadel(Misch)Wälder und -Forste,Deutschland,Brandenburg,Schwarzberge,,,142732111,5224363785,,,,Abundanz,,,Jahr,Wirbeltiere,Säuger,,,Mausohr,Myotis myotis,1,1973,1997,24,24,Zählung,Beobachtung,positive,,,Abb. 10,,,,,,,,NSG Schwarzberge,,,,,Literatur,,,
10643,Schmidt2000,non_Sys,Schmidt A.,2000,30-jährige Untersuchungen in Fledermauskastengebieten Ostbranden burgs unter besonderer Berücksichtigung von Rauhhautfledermaus (Pipistrellus nathusii) und Abendsegler (Nyctalus noctula),"Nyctalus (N.F.), Band 7(2000), Heft 4, S. 396-422",,B7_H4_2000_S396-422.pdf,,,Anneka,Wald,,Nadel(Misch)Wälder und -Forste,Deutschland,Brandenburg,Möllenwinkel,,,1423772017,5208649871,,,,Abundanz,,,Jahr,Wirbeltiere,Säuger,,,Rauhhautfledermaus (Pipistrellus nathusii) und Abendsegler (Nyctalus noctula),,1,1973,1997,24,24,Zählung,Beobachtung,negative to positive,,,Die Bestände beider Arten stiegen in den letzten Jahren deutlich an.,,,,,,,,NSG Möllenwinkel,,,,,Literatur,,,corrected
10644,Schmidt2000,non_Sys,Schmidt A.,2000,30-jährige Untersuchungen in Fledermauskastengebieten Ostbranden burgs unter besonderer Berücksichtigung von Rauhhautfledermaus (Pipistrellus nathusii) und Abendsegler (Nyctalus noctula),"Nyctalus (N.F.), Band 7(2000), Heft 4, S. 396-422",,B7_H4_2000_S396-422.pdf,,,Anneka,Wald,,Nadel(Misch)Wälder und -Forste,Deutschland,Brandenburg,Holzspree,,,1422181892,5215946522,,,,Abundanz,,,Jahr,Wirbeltiere,Säuger,,,Rauhhautfledermaus (Pipistrellus nathusii) und Abendsegler (Nyctalus noctula),,1,1973,1997,24,24,Zählung,Beobachtung,negative to positive,,,Die Bestände beider Arten stiegen in den letzten Jahren deutlich an.,,,,,,,,NSG Spreewald,,,,,Literatur,,,corrected
10646,CNZJ3BJ9,non_Sys,"Zöphel U., Wilhelm M., Kugelschafter K.",2001,Vergleich unterschiedlicher Erfassungsmethoden in einem großen Fledermaus-Winterquartier im Osterzgebirge (Sachsen),"Nyctalus (N.F.), Band 7(2001), Heft 5, S. 523-531",,B7_H5_2001_S523-531.pdf,,,Anneka,Wald,,Nadel(Misch)Wälder und -Forste,Deutschland,Sachsen,"Berliner Zitadelle, Segeberger Kalkberghöhlen",,,1321264388,5254079773,,,,Abundanz,,,Jahr,Wirbeltiere,Säuger,,,"Nordfledermaus, Braunes Langohr, kleine Bartfledermaus, große Bartfledermaus, Fransenfledermaus, Wasserfledermaus, großes Mausohr","Eptesicus nilssonii, Plecotus auritus, Myotis mystacinus, Myotis brandti, Myotis nattere, MyotiS daubentonii, Myotis myoris",7,1972,1998,26,27,Zählung,Beobachtung,no,,,Abb. 1,,,,,,,,NSG Osterzgebirge,,,,,Literatur,,,
10647,Schmidt2001,non_Sys,Schmidt A.,2001,"Die Bestandsentwicklung des Mausohrs, Myotis II/.yotis, in Ostbrandenburg und ihre Widerspiegelungim Fledermauskastenbesatz der Region","Nyctalus (N.F.), Band 7(2001), Heft 6, S. 635-642",,B7_H6_2001_S635-642.pdf,,,Anneka,Wald,,Bauwerke,Deutschland,Brandenburg,Brauereikeller Frankfurt/oder,,,144736254,5237116006,,,,Abundanz,,,Jahr,Wirbeltiere,Säuger,,,Mausohr,Myotis myotis,1,1988,2001,13,14,Zählung,Beobachtung,positive to negative,,,Abb. 3,,,,,,,,,,,,,Literatur,,,corrected
10647,Schmidt2001,non_Sys,Schmidt A.,2001,"Die Bestandsentwicklung des Mausohrs, Myotis II/.yotis, in Ostbrandenburg und ihre Widerspiegelungim Fledermauskastenbesatz der Region","Nyctalus (N.F.), Band 7(2001), Heft 6, S. 635-642",,B7_H6_2001_S635-642.pdf,,,Anneka,Wald,,Bauwerke,Deutschland,Brandenburg,Brauereikeller Frankfurt/oder,,,144736254,5237116006,,,,Abundanz,,,Jahr,Wirbeltiere,Säuger,,,Mausohr,Myotis myotis,1,1972,1998,27,28,Zählung,Beobachtung,positive,,,Abb. 5,,,,,,,,,,,,,Literatur,,,corrected
10648,Tielsch2001,non_Sys,Tielsch D.-R.,2001,"Langfristige und halbjahresperiodische Untersuchungen in einem Fledermaus-Winterquartier im Uils (Leinebergland, Niedersachsen)","Nyctalus (N.F.), Band 8(2001), Heft 1, S. 65-70",,B8_H1_2001_S65-70.pdf,,,Anneka,Wald,,Bauwerke,Deutschland,Niedersachsen,"Leinebergland, Asphaltgrube Hils",,,46212,5193333333,,,,Abundanz,,,Jahr,Wirbeltiere,Säuger,,,"Mausohr, Wasserfledermaus, Bartfledermaus, Fransenfledermaus, Langohr","Myotis myotis, M. daubentonii, M. Mystacinus, M. Nattere, Plecotus auritus",5,1991,1999,8,9,Zählung,Beobachtung,positive,,,Abb. 3,,,,,,,,NSG Laubwälder im Hils,,,,,Literatur,,,corrected
10650,Dietrich2002,non_Sys,Dietrich H.,2002,Fransenfledermäuse (Myotis lIallereri) in Waldquartieren bei Plön/Holstein*,"Nyctalus (N.F.), Band 8(2002), Heft 4, S. 369-372",,B8_H4_2002_S369-372.pdf,,,Anneka,Wald,,Nadel(Misch)Wälder und -Forste,Deutschland,Schleswig-Holstein,"Seeberger Höhle, Plön Holstein",,,1042602713,5422866965,,,,Abundanz,,,Jahr,Wirbeltiere,Säuger,,,"Rauhhautfledermaus, Fransenfledermaus, Abendsegler, Braunes Langohr, Wasserfledermaus , Zwergfledermaus","Eptesicus nilssonii, Plecotus auritus, Myotis mystacinus, Myotis brandti, Myotis nattere, MyotiS daubentonii, Myotis myoris",6,1969,1999,30,30,Zählung,Beobachtung,positive,,,Abb. 1,,,,,,,,NSG Plön,,,,,Literatur,,,corrected
10651,vanRiesen2003,non_Sys,"van Riesen J., Dolch D.",2003,"Ergebnisse einel"" Langzeitstudie an einer Reproduktionsgemeinschaft des Braunen Langohrs (Plecotus auritus L., 1758) i n einem Fledermauskastenrevier in Nord-Brandenburg","Nyctalus (N.F.), Band 8(2003), Heft 5, S. 427-435",,B8_H5_2003_S427-435.pdf,,,Anneka,Wald,,Nadel(Misch)Wälder und -Forste,Deutschland,Brandenburg,"Landkreis Ostprignitz-Ruppin, Nähe von Krangen",,,1291006284,5300197656,,,,Abundanz,,,Jahr,Wirbeltiere,Säuger,,,Braunes Langohr,Plecotus auritus,1,1987,2000,13,13,Zählung,Beobachtung,no,,,Abb. 2,,,,,,,,,,,,,Literatur,,,corrected
10652,vanRiesen2003,non_Sys,"van Riesen J., Dolch D.",2003,"Ergebnisse einel"" Langzeitstudie an einer Reproduktionsgemeinschaft des Braunen Langohrs (Plecotus auritus L., 1758) i n einem Fledermauskastenrevier in Nord-Brandenburg","Nyctalus (N.F.), Band 8(2003), Heft 5, S. 427-435",,B8_H5_2003_S427-435.pdf,,,Anneka,Wald,,Nadel(Misch)Wälder und -Forste,Deutschland,Brandenburg,"Landkreis Ostprignitz-Ruppin, Nähe von Krangen",,,1291028622,5300185162,,,,Abundanz,,,Jahr,Wirbeltiere,Säuger,,,Braunes Langohr,Plecotus auritus,1,1992,1997,5,5,Zählung,Beobachtung,negative,,,Abb. 3,,,,,,,,,,,,,Literatur,,,corrected
10653,vanRiesen2003,non_Sys,"van Riesen J., Dolch D.",2003,"Ergebnisse einel"" Langzeitstudie an einer Reproduktionsgemeinschaft des Braunen Langohrs (Plecotus auritus L., 1758) i n einem Fledermauskastenrevier in Nord-Brandenburg","Nyctalus (N.F.), Band 8(2003), Heft 5, S. 427-435",,B8_H5_2003_S427-435.pdf,,,Anneka,Wald,,Nadel(Misch)Wälder und -Forste,Deutschland,Brandenburg,"Landkreis Ostprignitz-Ruppin, Nähe von Krangen",,,1291028622,5300185162,,,,Abundanz,,,Jahr,Wirbeltiere,Säuger,,,Braunes Langohr,Plecotus auritus,1,1993,1998,5,5,Zählung,Beobachtung,negative,,,Abb. 4,,,,,,,,,,,,,Literatur,,,corrected
10655,Schmidt2003,non_Sys,Schmidt A.,2003,Zum Ortsverhalten von Mausohren (Myotis I/lyofis) ostbrandenburgischer Kiefernforste,"Nyctalus (N.F.), Band 8(2003), Heft 5, S. 465-489",,B8_H5_2003_S465-489.pdf,,,Anneka,Wald,,Nadel(Misch)Wälder und -Forste,Deutschland,Brandenburg,Blaubeer Kiefernforst im Revier Blankes Luch,,,131615707,5214591584,,,,Abundanz,,,Jahr,Wirbeltiere,Säuger,,,Mausohr,Myotis myotis,1,1970,2000,30,29,Zählung,Beobachtung,positive,,,Abb. 4,,,,,,,,,,,,,Literatur,,,
10659,8WAVöEJ,non_Sys,"Weidner H., Geiger H.",2003,"Zur Bestandssituation der Mopsfledermaus (Barbastella barbastellus Schreber, 1774) in Thüringen","Nyctalus (N.F.), Band 8(2003), Heft 6, S. 689-696",,B8_H6_2003_S689-696.pdf,,,Anneka,Wald,,Nadel(Misch)Wälder und -Forste,Deutschland,Sachsen,Altenburger Lößgebiet (Ostthüri ngen),,,1252947484,5098647714,,,,Abundanz,,,Jahr,Wirbeltiere,Säuger,,,Mopsfledermaus,Barbastellus barbastellus,1,1986,1995,9,13,Zählung,Beobachtung,negative to positive,,,Abb. 2,,,,,,,,,,,,,Literatur,,,
10660,DUSQAWKC,non_Sys,Schmidt A.,2008,Lebensraumeigenschaften von Paarungsgebieten des Mausohrs (Myotis myotis) in Kiefernforsten Ost-Brandenburgs und der Einfluß von Bewirtschaftungsmaßnahmen,"Nyctalus (N.F.), Band 13(2007), Heft 2-3, S. 157-167",,B13_H2-3_2008_S157-167.pdf,,,Anneka,Wald,,Nadel(Misch)Wälder und -Forste,Deutschland,Brandenburg,Revier Kirschweg,,,14285003,5222252793,,,,Abundanz,,,Jahr,Wirbeltiere,Säuger,,,Mausohr,Myotis myotis,1,1981,2004,23,8,Zählung,Beobachtung,negative to positive,,,Abb. 9,,,,,,,,,,,,,Literatur,,,
10664,UH4E8K9B,non_Sys,"Blohm T., Heise  G.",2009,"Windkraftnutzung und Bestandsentwicklung des Abendseglers, Nyctalus noctula (Schreber, 1774), in der Uckermark","Nyctalus (N.F.), Band 14(2009), Heft 1-2, S. 14-26",,B14_H1-2_2009_S14-26.pdf,,,Anneka,Wald,,Bauwerke,Deutschland,Mecklenburg-Vorpommern,Carmzower Forst und Melzower Forst,,,1410131226,5343239406,,,,Abundanz,,,Jahr,Wirbeltiere,Säuger,,,Abendsegler,Nyclalus noctula,1,1996,2008,12,12,Zählung,Beobachtung,positive,,,Abb. 7,,,,,,,,NSG Carmzower Forst,,,,,Literatur,,,corrected
10665,ZPENJ529,non_Sys,"König H., W.",2009,Rückgang des Großen Abendseglers {Nyctalus noctulä) in der Nordpfalz,"Nyctalus (N.F.), Band 14(2009), Heft 1-2, S. 103-109",,B14_H1-2_2009_S103-109.pdf,,,Anneka,Wald,,Nadel(Misch)Wälder und -Forste,Deutschland,Rheinland-Pfalz,"Haide 6313 Dannenfels, Katzenbacher Hang 6312 Rockenhausen, Stahlberg 6312 Rockenhausen",,,7859734727,4962260092,,,,Abundanz,,,Jahr,Wirbeltiere,Säuger,,,Abendsegler,Nyclalus noctula,1,1997,2008,11,11,Zählung,Beobachtung,negative,,,Abb. 1,,,,,,,,,,,,,Literatur,,,
10673,Schmidt2010A,non_Sys,Schmidt A.,2010,Zur Biologie des Kleinabendseglers {Nyctalus leisleri) nach Beobachtungen in Ost-Brandenburg,"Nyctalus (N.F.), Band 15(2010), Heft 1, S. 75-83",,B15_H1_2010_S75-83.pdf,,,Anneka,Wald,,Nadel(Misch)Wälder und -Forste,Deutschland,Brandenburg,Beeskow,,,142243115,5216440462,,,,Abundanz,,,Jahr,Wirbeltiere,Säuger,,,Kleinabendsegler,Nyctalus leisleri,1,1982,2008,26,28,Zählung,Beobachtung,no,,,Abb. 1,,,,,,,,NSG Beeskow,,,,,Literatur,,,
10674,Schmidt2010B,non_Sys,Schmidt A.,2010,Zum Überwinterungsverhalten des Abendseglers {Nyctalus noctulä) in Ost-Brandenburg,"Nyctalus (N.F.), Band 15(2010), Heft 1, S. 223-234",,B15_H2-3_2010_S223-234.pdf,,,Anneka,Wald,,Bauwerke,Deutschland,Brandenburg,Beeskow,,,142243115,5216440462,,,,Abundanz,,,Jahr,Wirbeltiere,Säuger,,,Abendsegler,Nyclalus noctula,1,1994,2010,16,16,Zählung,Beobachtung,positive,,,Abb. 2,,,,,,,,NSG Beeskow,,,,,Literatur,,,corrected
286,9UA7424F,,"Heinrichs, S., et al.",2009,Short-term effects of selection and clear cutting on the shrub and herb layer vegetation during the conversion of even-aged Norway spruce stands into mixed stands,Forest Ecology and Management 258 (2009) 667-678,10.1016/j.foreco.2009.04.037,Heinrichs_etal_2009_ForEcolManag,,Ludwig/Jana,Ludwig Lettenmaier,Wald,Fichtenmonokultur,Nadel(Misch)Wälder und -Forste,Deutschland,Niedersachsen,"Neuhaus, Otterbach",D36,,9494444444,517625,,"51°46'24''N, 9°27'40''E und 51°45'00''N, 9°33'06''E",,Artenzahl,,Artenzahl/Plot,"Forstwirtschaft: Control (Kontrolle), Selection cutting (Selektives Fällen), Clear Cutting (Kahlschlag)",Pflanzen,Pflanzen,Pflanzen,Krautschicht-Arten,,,Antwortvariable,2002,2007,5,4,Vegetationsaufnahme,Experiment,positive,"Shrub layer species numbers and cover values depicted a decrease directly after clear cutting compared to the control and the pre-treatment condition, whereas for selection cutting, as well as, for the unmanaged plots there was no response (Tables 2 and 3",unsicher,"Species
numbers and cover values also increased on the control plots, but
to a lesser degree compared to the other treatments (Tables 2 and 3).",Veränderte Land-/Meeresnutzung,Veränderte Land-/Meeresnutzung,,,,Auswirkung von Selektives Fällen und Kahlschlag,,,Umwandlung eines reinen Koniferenbestandes zu einem Mischwald,Selektives Fällen und Kahlschlag,"Nicht sicher, ob geeignet für Trendanalyse, da die Studie den Trend einer Maßnahme thematisiert",Kontrolle wurde aufgenommen,Literatur,D,Farn- und Blütenpflanzen,corrected
286,9UA7424F,,"Heinrichs, S., et al.",2009,Short-term effects of selection and clear cutting on the shrub and herb layer vegetation during the conversion of even-aged Norway spruce stands into mixed stands,Forest Ecology and Management 258 (2009) 667-678,10.1016/j.foreco.2009.04.037,Heinrichs_etal_2009_ForEcolManag,,Ludwig/Jana,Ludwig Lettenmaier,Wald,Fichtenmonokultur,Nadel(Misch)Wälder und -Forste,Deutschland,Niedersachsen,"Neuhaus, Otterbach",D36,,9494444444,517625,,"51°46'24''N, 9°27'40''E und 51°45'00''N, 9°33'06''E",,Abundanz,,Artenzahl/Plot,"Forstwirtschaft: Control (Kontrolle), Selection cutting (Selektives Fällen), Clear Cutting (Kahlschlag)",Pflanzen,Pflanzen,Pflanzen,Krautschicht-Arten,,,Antwortvariable,2002,2007,5,4,Vegetationsaufnahme,Experiment,positive,"Shrub layer species numbers and cover values depicted a decrease directly after clear cutting compared to the control and the pre-treatment condition, whereas for selection cutting, as well as, for the unmanaged plots there was no response (Tables 2 and 3",unsicher,"Species
numbers and cover values also increased on the control plots, but
to a lesser degree compared to the other treatments (Tables 2 and 3).",Veränderte Land-/Meeresnutzung,Veränderte Land-/Meeresnutzung,,,,Auswirkung von Selektives Fällen und Kahlschlag,,,Umwandlung eines reinen Koniferenbestandes zu einem Mischwald,Selektives Fällen und Kahlschlag,"Nicht sicher, ob geeignet für Trendanalyse, da die Studie den Trend einer Maßnahme thematisiert",Kontrolle wurde aufgenommen,Literatur,D,Farn- und Blütenpflanzen,corrected
592,3YVJV7GT,,"Günther, J. et al.",2004,"Fluctuations of carabid populations inhabiting an ancient woodland (Coleoptera, Carabidae)",Pedobiologia 48: 159-164,10.1016/j.pedobi.2003.11.002,Günher_2004_Pedobiologia.pdf,,Konrad Adler,Konrad Adler,Wald,,,,,,,,,,,,,Artenzahl,,,Zeit,Wirbellose,Arthropoden,Arthropoden,Laufkäfer (Carabidae),,,Antwortvariable,1994,2002,8,9,"Sampling mithilfe von ""pitfall traps""",Beobachtung,no,,,Fließtext,,,,,,,,,,,,,,,,corrected