N,Key,Bemerkung_Maria,Autor,Jahr,Titel,Zeitschrift,DOI,ID_Studie,Screener,Extracter,Lebensraum,Lebensraum_Details,Biotoptyp,Land,Bundesland,Ort,X,Y,geographische_Genauigkeit_km,Antwortvariable,x_Achse,Hauptgruppe_RoteListen,Untergruppe_RoteListen,Untergruppe_RoteListen_Detail,Anzahl_Arten_Gruppen,Startjahr,Endjahr,Dauer,Anzahl_Jahre,ExperimentObservation,Trend,Massnahme_Schutz,Massnahme_Schutz_andere,Massnahme_Management,Massnahme_Impuls,Notizen,LiteraturRawdata,Studie_in_D,ID,StationID,Antwortvariable_ORIG
91,"4EB2FXQT","NA","Schäfer",1993,"Entwicklung und Ausbreitung von Amphibien-Populationen in der Agrarlandschaft - ein E+E-Vorhaben","Natur und Landschaft","NA","NA","Maria Sporbert","Maria Sporbert, Leana Meder","AgrarOffen","Äcker und Ackerbrachen","NA","Deutschland","Nordrhein-Westfalen","südl. Bonn, ""Drachenfelser Ländchen""","7,15E+28","5,06E+20",5,"Abundanz","Zeit","Wirbeltiere","Amphibien","Amphibien","6.0",1989,1992,3,4,"Beobachtung","no","NA","NA","NA","NA","NA","Literatur","D","NA","NA","NA"
895,"CWNR8562","NA","Schmidt, Wolfgang et al.",1998,"Straßenböschungen als Ersatzstandorte für Glatthaferwiesen? - Erfahrungen aus zehnjährigen Dauerflächenuntersuchungen","Braunschweiger Geobotanische Arbeiten","NA","NA","Maria Sporbert","Antonio Kind","AgrarOffen","NA","Verkehrsanlagen und Plätze","Deutschland","NA","bundesweit","10279.0","51415.0",700,"ENS","Zeit","Pflanzen","Pflanzen","Pflanzen",">20",1984,1995,11,10,"Beobachtung","negative","NA","NA","ein- bis zweimaliges Mulchen im Jahr um dauerhaftes Überleben der Arten zu gewährleisten","NA","In der Studie wurden noch weitere Parameter wie beispielsweise Zusammensetzung der Vegetation erfasst. Jedoch sind diese Daten auch unter dem Shannon-Index und der Eveness zusammengefasst und in der Studie nur noch mal detaillierter dargestellt worden. Er","Literatur","D","NA","NA","NA"
894,"CWNR8562","NA","Schmidt, Wolfgang et al.",1998,"Straßenböschungen als Ersatzstandorte für Glatthaferwiesen? - Erfahrungen aus zehnjährigen Dauerflächenuntersuchungen","Braunschweiger Geobotanische Arbeiten","NA","NA","Maria Sporbert","Antonio Kind","AgrarOffen","NA","Verkehrsanlagen und Plätze","Deutschland","NA","bundesweit","10279.0","51415.0",700,"Artenzahl","Zeit","Pflanzen","Pflanzen","Pflanzen",">20",1984,1995,11,10,"Beobachtung","positive","NA","NA","ein- bis zweimaliges Mulchen im Jahr um dauerhaftes Überleben der Arten zu gewährleisten","NA","In der Studie wurden noch weitere Parameter wie beispielsweise Zusammensetzung der Vegetation erfasst. Jedoch sind diese Daten auch unter dem Shannon-Index und der Eveness zusammengefasst und in der Studie nur noch mal detaillierter dargestellt worden. Er","Literatur","D","NA","NA","NA"
896,"CWNR8562","NA","Schmidt, Wolfgang et al.",1998,"Straßenböschungen als Ersatzstandorte für Glatthaferwiesen? - Erfahrungen aus zehnjährigen Dauerflächenuntersuchungen","Braunschweiger Geobotanische Arbeiten","NA","NA","Maria Sporbert","Antonio Kind","AgrarOffen","NA","Verkehrsanlagen und Plätze","Deutschland","NA","bundesweit","10279.0","51415.0",700,"ENS","Zeit","Pflanzen","Pflanzen","Pflanzen",">20",1984,1995,11,10,"Beobachtung","negative","NA","NA","ein- bis zweimaliges Mulchen im Jahr um dauerhaftes Überleben der Arten zu gewährleisten","NA","In der Studie wurden noch weitere Parameter wie beispielsweise Zusammensetzung der Vegetation erfasst. Jedoch sind diese Daten auch unter dem Shannon-Index und der Eveness zusammengefasst und in der Studie nur noch mal detaillierter dargestellt worden. Er","Literatur","D","NA","NA","NA"
874,"NTJWRS7G","NA","Evers, C, Zacharias, D",1999,"Langzeitmonitoring primärer Binnensalzstellen im östlichen Niedersachsen","Braunschw Geobot Arb, 6, 149-159.","NA","NA","Maria Sporbert","Johanna Henze","AgrarOffen","Salzwiese","NA","Deutschland","Niedersachsen","NA","9,16E+28","5,28E+28",150,"Abundanz","zeit","Pflanzen","Pflanzen","Pflanzen","1.0",1984,1998,14,7,"Beobachtung","negative to positive","NA","Naturschutzgebiete Barnstorf und die Seckertrift bei Jerxheim","NA","NA","Populationsdynamik untersucht","Literatur","D","NA","NA","NA"
10431,"Albrecht_Bachthaler_1990","NA","Riewenherm, S. et al.",1990,"VERÄNDERUNGEN DER SEGETALFLORA MITTELEUROPAS WÄHREND DER LETZTEN VIER JAHRZEHNTE","Verhandlungen der Gesellschaft für Ökologie, Band XIX/II, 364-372","NA","NA","Maria Sporbert","Daniel Petry","AgrarOffen","Segetal","NA","Deutschland","NA","Deutschlandweit. Tabelle 1 zeigt verschiedene Regionen","NA","NA","NA","Artenzahl","NA","Pflanzen","Farn- und Blütenpflanzen","Farn- und Blütenpflanzen","77 von 112",1945,1988,43,2,"Beobachtung","negative","NA","NA","NA","NA","NA","Literatur","D","NA","NA","NA"
10432,"Albrecht_Bachthaler_1990","NA","Riewenherm, S. et al.",1990,"VERÄNDERUNGEN DER SEGETALFLORA MITTELEUROPAS WÄHREND DER LETZTEN VIER JAHRZEHNTE","Verhandlungen der Gesellschaft für Ökologie, Band XIX/II, 364-372","NA","NA","Maria Sporbert","Daniel Petry","AgrarOffen","Segetal","NA","Deutschland","NA","Deutschlandweit. Tabelle 1 zeigt verschiedene Regionen","NA","NA","NA","Artenzahl","NA","Pflanzen","Farn- und Blütenpflanzen","Farn- und Blütenpflanzen","10 von 112",1945,1988,43,2,"Beobachtung","positive","NA","NA","NA","NA","NA","Literatur","D","NA","NA","NA"
10433,"Albrecht_Bachthaler_1990","NA","Riewenherm, S. et al.",1990,"VERÄNDERUNGEN DER SEGETALFLORA MITTELEUROPAS WÄHREND DER LETZTEN VIER JAHRZEHNTE","Verhandlungen der Gesellschaft für Ökologie, Band XIX/II, 364-372","NA","NA","Maria Sporbert","Daniel Petry","AgrarOffen","Segetal","NA","Deutschland","NA","Deutschlandweit. Tabelle 1 zeigt verschiedene Regionen","NA","NA","NA","Artenzahl","NA","Pflanzen","Farn- und Blütenpflanzen","Farn- und Blütenpflanzen","25 von 112",1945,1988,43,2,"Beobachtung","no","NA","NA","NA","NA","NA","Literatur","D","NA","NA","NA"
128,"YUP79LR6","NA","Melter",1996,"Bestandsentwicklung von Uferschnepfen: Bewertung der Effizienz des Feuchtwiesenschutzes inner- und ausserhalb von Schutzgebieten im oestlichen Muensterland","Naturschutz und Landschaftsplanung","NA","NA","Maria Sporbert","Maria Sporbert","AgrarOffen","Feuchtwiesen","Feuchtgrünland","Deutschland","Nordrhein-Westfalen, Niedersachsen","Twillingen, Füchtorfer Moor, Versmolder Bruch, Sternbruch","8,06E+28","5,20E+20",5,"Abundanz","Zeit","Wirbeltiere","Vögel","Vögel","1.0",1977,1996,19,20,"Beobachtung","negative","NA","NA","NA","NA","NA","Literatur","D","NA","NA","NA"
468,"27HEKAH2","non_Sys","Hüllbusch, E. et al.",2016,"Little vegetation change during two decades in a dry grassland complex in the Biosphere Reserve Schorfheide-Chorin (NE Germany)","Tuexenia 36: 395–412","10.14471/2016.36.019","NA","Maria Sporbert","Maria Sporbert","AgrarOffen","Trockenrasenkomplex","NA","Deutschland","Brandenburg","“Gabower Hänge” between the villages Gabow and Altglietzen","46248.0","52.82","NA","Artenzahl","Zeit","Pflanzen","Pflanzen","Pflanzen","Antwortvariable",1993,2015,22,2,"Beobachtung","no","NA","Biosphärenreservat Schorfheide-Chorin","NA","NA","NA","Literatur","D","NA","NA","NA"
146,"2CCR6MBI","korr, non_Sys","Laussmann",2010,"150 Jahre Schmetterlingsbeobachtung in Wuppertal – Auswirkungen von Klima- und Landschaftsveränderungen (Lepidoptera)","Entomologische Zeitschrift 6/2010","https://www.naturwissenschaftlicher-verein-wuppertal.de/sektionen/Entomologie/downloads/ez6-2010_269-277-Laussmann-kl.pdf","NA","Maria Sporbert","Maria Sporbert","AgrarOffen","25 Biotope: Offenland, Agrarland, Wald, Moore, Siedlungen, Feuchtgebiete","25 Biotope: Offenland, Agrarland, Wald, Moore, Siedlungen, Feuchtgebiete","Deutschland","Nordrhein-Westfalen","Raum Wuppertal","7,15E+28","5,13E+20",20,"Abundanz","Zeit","Wirbellose","Arthropoden","Arthropoden","736.0",1920,2009,89,3,"Beobachtung","negative","NA","NA","NA","NA","umfangreicher Artikel mit Diskussion einzelner Arten: https://www.naturwissenschaftlicher-verein-wuppertal.de/sektionen/Entomologie/downloads/Art3%20NVW%20Schmetterlinge%2061%20%20%2031-100%20%2011.09.pdf","Literatur","D","NA","NA","NA"
6,"2LC3TGUC","NA","Blüml",2003,"Einflüsse von Nutzungsextensivierung und Wiedervernässung auf Flora und Vegetation des Grünlands im Naturschutzgebiet ""Ochsenmoor"" (Niedersachsen)","Natur und Landschaft","NA","NA","Maria Sporbert","Maria Sporbert, Leana Meder","AgrarOffen","Niedermoor","Niedermoor","Deutschland","Niedersachsen","Niedermoore Dümmerniederung","8,45E+28","5,26E+20",25,"Abundanz","Zeit","Pflanzen","Pflanzen","Pflanzen","1.0",1995,2002,7,8,"Beobachtung","positive","Andere","NSG Ochsenmoor","Extensivierung / Wiedervernässung","NA","NA","Literatur","D","NA","NA","NA"
4,"2LC3TGUC","NA","Blüml",2003,"Einflüsse von Nutzungsextensivierung und Wiedervernässung auf Flora und Vegetation des Grünlands im Naturschutzgebiet ""Ochsenmoor"" (Niedersachsen)","Natur und Landschaft","NA","NA","Maria Sporbert","Maria Sporbert, Leana Meder","AgrarOffen","Niedermoor","Niedermoor","Deutschland","Niedersachsen","Niedermoore Dümmerniederung","8,45E+28","5,26E+20",25,"Abundanz","Zeit","Pflanzen","Pflanzen","Pflanzen",">20",1994,2000,6,2,"Beobachtung","positive","Andere","NSG Ochsenmoor","Extensivierung / Wiedervernässung","NA","NA","Literatur","D","NA","NA","NA"
5,"2LC3TGUC","NA","Blüml",2003,"Einflüsse von Nutzungsextensivierung und Wiedervernässung auf Flora und Vegetation des Grünlands im Naturschutzgebiet ""Ochsenmoor"" (Niedersachsen)","Natur und Landschaft","NA","NA","Maria Sporbert","Maria Sporbert, Leana Meder","AgrarOffen","Niedermoor","Niedermoor","Deutschland","Niedersachsen","Niedermoore Dümmerniederung","8,45E+28","5,26E+20",25,"Abundanz","Zeit","Pflanzen","Pflanzen","Pflanzen",">20",1994,2000,6,2,"Beobachtung","positive","Andere","NSG Ochsenmoor","Extensivierung / Wiedervernässung","NA","NA","Literatur","D","NA","NA","NA"
10529,"2PC4XTM6","NA","Reinecke F.",1995,"Über die Ausbringung von Orchideen als Mittel zum Arterhalt","Jahresbericht des Naturwissenschaftlichen Vereins in Wuppertal, Heft 48,, Seite 116-131","NA","NA","Maria Sporbert","Anneka","AgrarOffen","NA","Grün- und Freiflächen","Deutschland","Schleswig-Holstein","NA","NA","NA","NA","Artenzahl","NA","Pflanzen","Farn- und Blütenpflanzen","Farn- und Blütenpflanzen","NA",1900,1965,65,3,"NA","negative","NA","NA","NA","NA","NA","Literatur","D","NA","NA","NA"
10309,"2RXMDX8I","non_Sys","Raehse, S.",2001,"Veränderungen der hessischen Grünlandvegetation seit Beginn der 50er Jahre am Beispiel ausgewählter Tal- und Bergregionen Nord- und Mittelhessens","ISBN 3-933146-66-6","nicht vorhanden","NA","Amibeth Thompson","Konrad Adler","AgrarOffen","verschiedene Grünlandlebensräume (z.B. Kleinseggenrasen, Bergwiesen, Weidelgrasweiden…)","Trockenrasen sowie Grünland trockener bis frischer Standorte, Waldfreie Niedermoore und Sümpfe, Grünland nasser bis feuchter Standorte","Deutschland","Hessen","Vogelsberg, Meißnergebiet, Ohmniederung und Eder/Elmstal","9,26E+28","5,12E+14","NA","Artenzahl","Zeit","Pflanzen","Farn- und Blütenpflanzen","Farn- und Blütenpflanzen","Antwortvariable",1949,1992,43,2,"Beobachtung","negative","NA","NA","NA","NA","NA","Literatur","D","NA","NA","NA"
10528,"2X93WWI7","NA","Ahrens B.",1994,"Die Collembolenfauna am ehemaligen Steinbruch Eskesberg","Jahresberichte des Naturwissenschaftlichen Vereins in Wuppertal 47. Heft, Seite 142-144","NA","NA","Maria Sporbert","Anneka","AgrarOffen","NA","Felsen, Block- und Schutthalden, Geröllfelder, offene Bereiche mit sandigem oder bindigem Substrat","Deutschland","Nordrhein-Westfalen","Eskesberg, Wuppertal",7106049,51260008,5,"Artenzahl","NA","Wirbellose","Arthropoden","Arthropoden","Antwortvariable",1989,1992,3,4,"NA","no","NA","NA","NA","NA","NA","Literatur","D","NA","NA","NA"
55,"32SA928N","NA","Kaiser",2009,"Naturschutzgroßprojekt Lüneburger Heide, Niedersachsen: eine Bilanz nach 14-jähriger Projektlaufzeit","Natur und Landschaft","NA","NA","Maria Sporbert","Maria Sporbert, Leana Meder","AgrarOffen","Heidelandschaft","Zwergstrauchheiden","Deutschland","Niedersachsen","NA","9,16E+28","5,28E+28",150,"Abundanz","Zeit","Wirbeltiere","Vögel","Vögel","1.0",1987,2007,20,21,"Beobachtung","negative to positive","Andere","NSG Lüneburger Heide","Heidepflege (Feuer, Schoppern, Mahd, Beweidung), Wiedervernässung Moor, Fließgewässerenaturierung","NA","NA","Literatur","D","NA","NA","NA"
54,"32SA928N","NA","Kaiser",2009,"Naturschutzgroßprojekt Lüneburger Heide, Niedersachsen: eine Bilanz nach 14-jähriger Projektlaufzeit","Natur und Landschaft","NA","NA","Maria Sporbert","Maria Sporbert, Leana Meder","AgrarOffen","Heidelandschaft","Zwergstrauchheiden","Deutschland","Niedersachsen","NA","9,16E+28","5,28E+28",150,"Abundanz","Zeit","Pflanzen","Pflanzen","Pflanzen","13.0",1985,2002,17,11,"Beobachtung","no","Andere","NSG Lüneburger Heide","Heidepflege (Feuer, Schoppern, Mahd, Beweidung), Wiedervernässung Moor, Fließgewässerenaturierung","NA","NA","Literatur","D","NA","NA","NA"
10268,"368PTHPW","Sys","Diekmann, M. et al.",2014,"Long-term changes in calcareous grassland vegetation in North-western Germany - No decline in species richness, but a shift in species composition","Biological Conservation 172 (2014) 170–179","10.1016/j.biocon.2014.02.038","NA","Denicia Kassie","Konrad Adler","AgrarOffen","subozeanische Kalkmagerrasen (Allianz Bromi erecti)","Trockenrasen sowie Grünland trockener bis frischer Standorte","Deutschland","Niedersachsen, Nordrhein-Westfalen, Rheinland-Pfalz, Hessen","Nordwesten von Deutschland (Niedersachsen, Nordrhein-Wesfalen, Rheinland Pfalz, Hessen)","NA","NA","NA","Abundanz","Zeit","Pflanzen","Farn- und Blütenpflanzen","Farn- und Blütenpflanzen",">20",1936,2010,74,20,"Beobachtung","positive","NA","NA","NA","NA","NA","Literatur","D","NA","NA","NA"
258,"3HB88YH9","NA","Koch",1979,"Aktivitätsdichte zweier Lathridiiden-Arten (Coleoptera, lnsecta) eines Agro-Ökosystems im herzynischen Raum","Hercynia","NA","NA","Emilia Schlotfeldt","Emilia Schlotfeldt","AgrarOffen","Äcker und Ackerbrachen","NA","Deutschland","Sachsen-Anhalt","Halle (Saale), Feld bei Etzdorf","1,18E+28","5,14E+20",5,"Abundanz","Zeit","Wirbellose","Arthropoden","Arthropoden","Antwortvariable Individuen",1971,1975,4,5,"Experiment","no","NA","NA","NA","NA","NA","Literatur","D","NA","NA","NA"
10645,"3PDWTJPA","NA","Ohlendorfer B., Hecht B.",2001,"Zur Einstufung des Alters der Großen Bartfledermaus (Myotis brandtii) in Sachsen-Anhalt * * *","Nyctalus (N.F.), Band 7(2001), Heft 5, S. 504-516","NA","NA","NA","Anneka","AgrarOffen","NA","Waldfreie Niedermoore und Sümpfe, Grünland nasser bis feuchter Standorte","Deutschland","Sachsen-Anhalt","Cheiner Torfmoor","1,11E+16","52.9","NA","Abundanz","Jahr","Wirbeltiere","Säuger","NA","1.0",1996,1999,3,4,"Beobachtung","negative to positive","NA","NA","NA","NA","NA","Literatur","NA","NA","NA","NA"
620,"3U88DE3H","Sys","Muster, Christoph et al.",2020,"Seven years of spider community succession in a Sphagnum farm","Journal of Arachnology","https://doi.org/10.1636/0161-8202-48.2.119","NA","Sarah Olberg","Antonio Kind","AgrarOffen","NA","NA","Deutschland","Niedersachsen","Rastede Sphagnum farm","8,21E+28","5,32E+20",5,"Artenzahl","Zeit","Wirbellose","Arthropoden","Arthropoden","Antwortvariable",2011,2018,7,7,"Beobachtung","positive","NA","NA","NA","NA","NA","Literatur","D","NA","NA","NA"
621,"3U88DE3H","Sys","Muster, Christoph et al.",2020,"Seven years of spider community succession in a Sphagnum farm","Journal of Arachnology","https://doi.org/10.1636/0161-8202-48.2.120","NA","Sarah Olberg","Antonio Kind","AgrarOffen","NA","NA","Deutschland","Niedersachsen","Rastede Sphagnum farm","8,21E+28","5,32E+20",5,"Abundanz","Zeit","Wirbellose","Arthropoden","Arthropoden",">20",2011,2018,7,7,"Beobachtung","positive","NA","NA","NA","NA","NA","Literatur","D","NA","NA","NA"
10330,"3ZRMQ4RA","Sys","Skarbek, C.J. et al.",2021,"Trends in monthly abundance and species richness of carabids over 33 years at the Kaiserstuhl, southwest Germany","Basic and Applied Ecology 50 (2021) 107-118","10.1016/j.baae.2020.11.003","NA","Amibeth Thompson","Konrad Adler","AgrarOffen","steile, ungenutzte Brachen umrandend von Weinbauflächen","Feldgehölze, Gebüsche, Hecken und Gehölzkulturen","Deutschland","Baden-Württemberg","Kaiserstuhl bei Oberbergen","7,65E+19","4,81E+30","NA","Abundanz","Zeit","Wirbellose","Arthropoden","Arthropoden","20+",1979,2012,33,34,"Beobachtung","negative","NA","NA","NA","Terassierung der Fläche 1978-1979, einhergehende Sukzession","NA","Literatur","D","NA","NA","NA"
10331,"3ZRMQ4RA","Sys","Skarbek, C.J. et al.",2021,"Trends in monthly abundance and species richness of carabids over 33 years at the Kaiserstuhl, southwest Germany","Basic and Applied Ecology 50 (2021) 107-118","10.1016/j.baae.2020.11.003","NA","Amibeth Thompson","Konrad Adler","AgrarOffen","steile, ungenutzte Brachen umrandend von Weinbauflächen","Feldgehölze, Gebüsche, Hecken und Gehölzkulturen","Deutschland","Baden-Württemberg","Kaiserstuhl bei Oberbergen","7,65E+19","4,81E+30","NA","Artenzahl","Zeit","Wirbellose","Arthropoden","Arthropoden","Antwortvariable",1979,2012,33,34,"Beobachtung","negative","NA","NA","NA","Terassierung der Fläche 1978-1979, einhergehende Sukzession","NA","Literatur","D","NA","NA","NA"
10405,"57RBV7V9","NA","Freuling C. M. , J. Kliemt, T. Müller, J. Schatz, B. Pott-Dörfer, D. Heidecke, G. Wibbelt, K. Mühldorfer",2011,"Untersuchungen an Fledermaustodfunden zum Vorkommen der Fledermaustollwut in Deutschland","Nyctalus (N.F.), Berlin 16 (2011), Heft 3-4, S. 212-216","NA","NA","Maria Sporbert","Anneka Bücher","AgrarOffen","keine genaue Angabe","NA","Deutschland","NA","verschiende Bundesländer","NA","NA","NA","Abundanz","NA","Wirbeltiere","Säuger","Säuger","1.0",1998,2010,12,13,"Beobachtung","no","NA","NA","NA","NA","NA","Literatur","D","NA","NA","NA"
10234,"5F8D3S9K","NA","Berger et al.",2012,"Temporal coincidence of migrating amphibians with mineral fertiliser applications on arable fields","Agriculture, ecosystems & environment, 155, 62-69.","NA","NA","Lena Hartmann","Lena Hartmann","AgrarOffen","NA","NA","Deutschland","Brandenburg","The study area is located in the northeastern plain of Germany,50 km east of Berlin","1375428.0","5,29E+30","NA","Abundanz","NA","Wirbeltiere","Amphibien","Amphibien","4.0",2007,2008,1,2,"Beobachtung","no","NA","NA","NA","NA","NA","Literatur","D","NA","NA","NA"
10282,"5H52U5K3","non_Sys","Hussein, MLA et al.",2020,"Begleituntersuchungen zum Biodiversitätsprojekt „Feldlerchenfenster“ in Sachsen-Anhalt am Beispiel der Arthropoden","Mitt. Dtsch. Ges. allg. angew. Ent. 22: 83-87","nicht vorhanden","NA","Amibeth Thompson","Konrad Adler","AgrarOffen","Winterweizen- und Wintergerstenfelder","Felsen, Block- und Schutthalden, Geröllfelder, offene Bereiche mit sandigem oder bindigem Substrat","Deutschland","Sachsen-Anhalt","Felder des Nachhaltigkeitsbetriebs APH e.G Hinsdorf GbR in Quellendorf","12125.0","5,17E+30","NA","Abundanz","Zeit","Wirbellose","Arthropoden","Arthropoden",">20",2017,2018,1,2,"Beobachtung","positive","NA","NA","NA","NA","NA","Literatur","D","NA","NA","NA"
10283,"5H52U5K3","non_Sys","Hussein, MLA et al.",2020,"Begleituntersuchungen zum Biodiversitätsprojekt „Feldlerchenfenster“ in Sachsen-Anhalt am Beispiel der Arthropoden","Mitt. Dtsch. Ges. allg. angew. Ent. 22: 83-87","nicht vorhanden","NA","Amibeth Thompson","Konrad Adler","AgrarOffen","Winterweizen- und Wintergerstenfelder","Felsen, Block- und Schutthalden, Geröllfelder, offene Bereiche mit sandigem oder bindigem Substrat","Deutschland","Sachsen-Anhalt","Felder des Nachhaltigkeitsbetriebs APH e.G Hinsdorf GbR in Quellendorf","12125.0","5,17E+30","NA","Abundanz","Zeit","Wirbellose","Arthropoden","Arthropoden",">20",2017,2018,1,2,"Beobachtung","positive","NA","NA","NA","NA","NA","Literatur","D","NA","NA","NA"
10284,"5H52U5K3","non_Sys","Hussein, MLA et al.",2020,"Begleituntersuchungen zum Biodiversitätsprojekt „Feldlerchenfenster“ in Sachsen-Anhalt am Beispiel der Arthropoden","Mitt. Dtsch. Ges. allg. angew. Ent. 22: 83-87","nicht vorhanden","NA","Amibeth Thompson","Konrad Adler","AgrarOffen","Winterweizen- und Wintergerstenfelder","Felsen, Block- und Schutthalden, Geröllfelder, offene Bereiche mit sandigem oder bindigem Substrat","Deutschland","Sachsen-Anhalt","Felder des Nachhaltigkeitsbetriebs APH e.G Hinsdorf GbR in Quellendorf","12125.0","5,17E+30","NA","Abundanz","Zeit","Wirbellose","Arthropoden","Arthropoden",">20",2017,2018,1,2,"Beobachtung","negative","NA","NA","NA","NA","NA","Literatur","D","NA","NA","NA"
151,"5PL8BP9K","NA","Pfeifer",2012,"Heuschrecken und Klimawandel: Ausbreitung vor allem südlicher Fang- und Heuschreckenarten in Rheinland-Pfalz","Naturschutz und Landschaftsplanung","NA","NA","Maria Sporbert","Maria Sporbert","AgrarOffen","Offenland, Grünland","Offenland, Grünland","Deutschland","Rheinland-Pfalz","NA","7,45E+26","4,99E+28",100,"Abundanz","Zeit","Wirbellose","Arthropoden","Arthropoden","11.0",1987,2010,23,9,"Beobachtung","positive","NA","NA","NA","NA","NA","Literatur","D","NA","NA","NA"
260,"5XVXVHHX","NA","Eble",1978,"Faunistisch-ökologische Untersuchungen der epigäischen Entomofauna einer Agrobiozönose und der Einfluß einer abgestuften Herbizideinwirkung auf ihre Populationsdynamik","Hercynia","NA","NA","Emilia Schlotfeldt","Emilia Schlotfeldt","AgrarOffen","Äcker und Ackerbrachen","NA","Deutschland","Sachsen-Anhalt","Halle (Saale), Feld bei Etzdorf","1,18E+28","5,14E+20",5,"Abundanz","Zeit","Wirbellose","Arthropoden","Arthropoden","NA",1972,1975,3,4,"Experiment","no","NA","NA","NA","NA","NA","Literatur","D","NA","NA","NA"
10255,"5YAIBQ9X","Sys","Bauer, M. et al.",2020,"Vegetation monitoring in a 100-year-old calcareous grassland reserve in Germany","Basic and Applied Ecology 42: 15–26","10.1016/j.baae.2019.11.003","NA","Denicia Kassie","Konrad Adler","AgrarOffen","trockene Kalkmagerrasen","Trockenrasen sowie Grünland trockener bis frischer Standorte","Deutschland","Bayern","Garchinger Heide 9km nördlich von München","1,17E+22","4,83E+22","NA","Artenzahl","Zeit","Pflanzen","Farn- und Blütenpflanzen","Farn- und Blütenpflanzen","Antwortvariable",2003,2018,15,2,"Beobachtung","no","Andere","Naturschutzgebiet ""Garchinger Heide""","NA","NA","Angabe zum Boden: ""The underlying bedrock is Pleistocenic calcareous gravelresulting in shallow, nutrient-poor Leptosols""","Literatur","D","NA","NA","NA"
10254,"5YAIBQ9X","Sys","Bauer, M. et al.",2020,"Vegetation monitoring in a 100-year-old calcareous grassland reserve in Germany","Basic and Applied Ecology 42: 15–26","10.1016/j.baae.2019.11.003","NA","Denicia Kassie","Konrad Adler","AgrarOffen","trockene Kalkmagerrasen","Trockenrasen sowie Grünland trockener bis frischer Standorte","Deutschland","Bayern","Garchinger Heide 9km nördlich von München","1,17E+22","4,83E+22","NA","Artenzahl","Zeit","Pflanzen","Farn- und Blütenpflanzen","Farn- und Blütenpflanzen","Antwortvariable",1984,2018,34,3,"Beobachtung","negative","Andere","Naturschutzgebiet ""Garchinger Heide""","NA","NA","Angabe zum Boden: ""The underlying bedrock is Pleistocenic calcareous gravelresulting in shallow, nutrient-poor Leptosols""","Literatur","D","NA","NA","NA"
10319,"5ZETS8XF","Sys","Schuch, S. et al.",2012,"Long-term decline in the abundance of leafhoppers and planthoppers (Auchenorrhyncha) in Central European protected dry grasslands","Biological Conservation 149 (2012) 75–83","10.1016/j.biocon.2012.02.006","NA","Denicia Kassie","Konrad Adler","AgrarOffen","verschiedene Trockenrasen bzw. trockenes Grünland","Trockenrasen sowie Grünland trockener bis frischer Standorte","Deutschland","Thüringen, Brandenburg, Sachsen, Sachsen-Anhalt","26 Orte","1,42E+16","5,13E+16","NA","Artenzahl","Zeit","Wirbellose","Arthropoden","Arthropoden","Antwortvariable",1964,2010,46,2,"Beobachtung","no","Andere","(fast) alle Plots in verschiedensten NSG in Brandenburg, Sachsen und Thüringen","Beweidung und Trimmen der Vegetation","NA","genaue Beschreibung der Pflanzengemeinschaften und die Koordinaten von jedem Plot siehe Tab.1","Literatur","D","NA","NA","NA"
10320,"5ZETS8XF","Sys","Schuch, S. et al.",2012,"Long-term decline in the abundance of leafhoppers and planthoppers (Auchenorrhyncha) in Central European protected dry grasslands","Biological Conservation 149 (2012) 75–83","10.1016/j.biocon.2012.02.006","NA","Denicia Kassie","Konrad Adler","AgrarOffen","verschiedene Trockenrasen bzw. trockenes Grünland","Trockenrasen sowie Grünland trockener bis frischer Standorte","Deutschland","Thüringen, Brandenburg, Sachsen, Sachsen-Anhalt","26 Orte","1,42E+16","5,13E+16","NA","ENS","Zeit","Wirbellose","Arthropoden","Arthropoden","Antwortvariable",1964,2010,46,2,"Beobachtung","no","Andere","(fast) alle Plots in verschiedensten NSG in Brandenburg, Sachsen und Thüringen","Beweidung und Trimmen der Vegetation","NA","genaue Beschreibung der Pflanzengemeinschaften und die Koordinaten von jedem Plot siehe Tab.1","Literatur","D","NA","NA","NA"
902,"6AY3ZPEH","NA","Scimone, M., Rook, A.J., Garel, J.P., Sahin, N.",2007,"Effects of livestock breed and grazing intensity on grazing systems: 3. Effects on diversity of vegetation","Grass and Forage Science","NA","NA","Annika Lidle","Leana Meder","AgrarOffen","NA","Trockenrasen sowie Grünland trockener bis frischer Standorte","Deutschland, Frankreich, Italien, United Kingdom","Niedersachsen","Sollingen Hochlagen (D)","9.0","52.0","NA","ENS","Zeit","Pflanzen","Pflanzen","Pflanzen",">20",2002,2004,2,3,"Experiment","positive","NA","NA","NA","NA","NA","Literatur","D","NA","NA","NA"
402,"6EZCXIZZ","Sys","Hallmann et al.",2017,"More than 75 percent decline over 27 years in total flying insect biomass in protected areas","PLOS ONE","10.1371/journal.pone.0185809","NA","Maria Sporbert","Maria Sporbert","AgrarOffen","alle Offenlandbiotope in Schutzgebieten","NA","Deutschland","Nordrhein-Westfalen (n = 57), Rheinland-Pfalz (n = 1) and Brandenburg (n = 5)","NA","10723.0","51555.0",500,"ENS","Zeit","Wirbellose","Arthropoden","Arthropoden",">20",1989,2016,27,25,"Experiment","negative","FFH Schutzgebiete","NA","NA","NA","NA","Literatur","D","NA","NA","NA"
220,"6GNJEDBH","NA","Baumbach",2010,"Die Situation des Wander-Andorns (Marrubium peregrinum L.) im Mansfelder Seengebiet – ein Beitrag zur Bedeutung von In-situ-Erhaltungskulturen","Hercynia","NA","NA","Emilia Schlotfeldt","Emilia Schlotfeldt","AgrarOffen","Seeufer","NA","Deutschland","Sachsen-Anhalt","östlich Wormsleben am Nordwestufer des Süßen Sees, und Erdeborn","1,16E+26","5,15E+20",1,"Abundanz","Zeit","Pflanzen","Pflanzen","Pflanzen","1.0",1956,2008,52,17,"Beobachtung","negative to positive","NA","NA","NA","NA","NA","Literatur","D","NA","NA","NA"
36,"6I3CEIWD","NA","Fartmann",2019,"Insektenrückgang und -schutz in den fragmentierten Landschaften Mitteleuropas","Natur und Landschaft","NA","NA","Maria Sporbert","Maria Sporbert, Leana Meder","AgrarOffen","NA","NA","Deutschland","NA","atlantisch, kontinental, alpin","10279.0","51415.0",700,"Abundanz","Zeit","Wirbeltiere","Vögel","Vögel","3.0",1900,2001,101,6,"Beobachtung","negative","NA","NA","Extensivierung","NA","NA","Literatur","D","NA","NA","NA"
35,"6I3CEIWD","NA","Fartmann",2019,"Insektenrückgang und -schutz in den fragmentierten Landschaften Mitteleuropas","Natur und Landschaft","NA","NA","Maria Sporbert","Maria Sporbert, Leana Meder","AgrarOffen","Offenland","Offenland, Kulturlandschaft","Deutschland","NA","ganz Deutschland","10279.0","51415.0",700,"Abundanz","Zeit","Wirbellose","Arthropoden","Arthropoden","7.0",1900,1991,91,5,"Beobachtung","negative","NA","NA","Extensivierung","NA","NA","Literatur","D","NA","NA","NA"
881,"6J48PNSN","NA","Hannig, Karsten et al.",2016,"Zur Verbreitung, Biologie und Bestandsentwicklung von Onthophagus (Palaeonthophagus) medius (Kugelmann, 1792) und O. (P.) vacca (Linnaeus, 1767) in Nordrhein-Westfalen (Coleoptera: Scarabaeidae)","Natur und Heimat","NA","NA","Maria Sporbert","Antonio Kind","AgrarOffen","NA","Trockenrasen sowie Grünland trockener bis frischer Standorte","Deutschland","Nordrhein-Westfalen","NA","7,56E+28","5,15E+28",150,"Abundanz","Zeit","Wirbellose","Arthropoden","Arthropoden","2.0",1900,2000,100,3,"Beobachtung","negative","NA","NA","NA","NA","Metastudie mit wenig verlässlichen Daten und keiner Transparenz zur Auswertung der Daten. Studie hat wenig Aussagekraft. Beprobte Jahre ließen sich nicht ermitteln.","Literatur","D","NA","NA","NA"
10300,"6W878HKQ","non_Sys","Kühne, S. et al.",2012,"Saumbiotope und ihre Bedeutung für Artenvielfalt und biologischen Pflanzenschutz","Julius-Kühn-Archiv 436, 2012","10.5073/jka.2012.436.004","NA","Denicia Kassie","Konrad Adler","AgrarOffen","Brandenburger Schichtholzdecke (neu etablierte Saumanlagen um Ackerflächen bestehend aus Wildkräuterstreifen, Schichtholz und Baum- bzw. Strauchstreifen)","Äcker und Ackerbrachen","Deutschland","Brandenburg","NA","NA","NA","NA","Artenzahl","Zeit","Pflanzen","Farn- und Blütenpflanzen","Farn- und Blütenpflanzen","Antwortvariable",1994,2004,10,4,"Beobachtung","positive","NA","NA","NA","Pflanzung der Wildkrautstreifen 1994","NA","Literatur","D","NA","NA","NA"
10302,"6W878HKQ","non_Sys","Kühne, S. et al.",2012,"Saumbiotope und ihre Bedeutung für Artenvielfalt und biologischen Pflanzenschutz","Julius-Kühn-Archiv 436, 2012","10.5073/jka.2012.436.004","NA","Denicia Kassie","Konrad Adler","AgrarOffen","Brandenburger Schichtholzdecke (neu etablierte Saumanlagen um Ackerflächen bestehend aus Wildkräuterstreifen, Schichtholz und Baum- bzw. Strauchstreifen)","Feldgehölze, Gebüsche, Hecken und Gehölzkulturen","Deutschland","Brandenburg","NA","NA","NA","NA","Abundanz","Zeit","Wirbeltiere","Vögel","Vögel","8.0",1995,2004,9,5,"Beobachtung","negative to positive","NA","NA","NA","Erstellung der Brandenburger Schichtholzdecke 1994","NA","Literatur","D","NA","NA","NA"
10299,"6W878HKQ","non_Sys","Kühne, S. et al.",2012,"Saumbiotope und ihre Bedeutung für Artenvielfalt und biologischen Pflanzenschutz","Julius-Kühn-Archiv 436, 2012","10.5073/jka.2012.436.004","NA","Denicia Kassie","Konrad Adler","AgrarOffen","Brandenburger Schichtholzdecke (neu etablierte Saumanlagen um Ackerflächen bestehend aus Wildkräuterstreifen, Schichtholz und Baum- bzw. Strauchstreifen)","Feldgehölze, Gebüsche, Hecken und Gehölzkulturen","Deutschland","Brandenburg","NA","NA","NA","NA","Abundanz","Zeit","Pflanzen","Farn- und Blütenpflanzen","Farn- und Blütenpflanzen",">20",1994,2004,10,4,"Beobachtung","positive","NA","NA","NA","Pflanzung der Gehölzhecke im Jahr 1994","NA","Literatur","D","NA","NA","NA"
10301,"6W878HKQ","non_Sys","Kühne, S. et al.",2012,"Saumbiotope und ihre Bedeutung für Artenvielfalt und biologischen Pflanzenschutz","Julius-Kühn-Archiv 436, 2012","10.5073/jka.2012.436.004","NA","Denicia Kassie","Konrad Adler","AgrarOffen","Brandenburger Schichtholzdecke (neu etablierte Saumanlagen um Ackerflächen bestehend aus Wildkräuterstreifen, Schichtholz und Baum- bzw. Strauchstreifen)","Äcker und Ackerbrachen","Deutschland","Brandenburg","NA","NA","NA","NA","Artenzahl","Zeit","Wirbeltiere","Vögel","Vögel","Antwortvariable",1995,2004,9,5,"Beobachtung","negative to positive","NA","NA","NA","Erstellung der Brandenburger Schichtholzdecke 1994","NA","Literatur","D","NA","NA","NA"
10298,"6W878HKQ","non_Sys","Kühne, S. et al.",2012,"Saumbiotope und ihre Bedeutung für Artenvielfalt und biologischen Pflanzenschutz","Julius-Kühn-Archiv 436, 2012","10.5073/jka.2012.436.004","NA","Denicia Kassie","Konrad Adler","AgrarOffen","Brandenburger Schichtholzdecke (neu etablierte Saumanlagen um Ackerflächen bestehend aus Wildkräuterstreifen, Schichtholz und Baum- bzw. Strauchstreifen)","Feldgehölze, Gebüsche, Hecken und Gehölzkulturen","Deutschland","Brandenburg","NA","NA","NA","NA","Artenzahl","Zeit","Pflanzen","Farn- und Blütenpflanzen","Farn- und Blütenpflanzen","Antwortvariable",1994,2004,10,4,"Beobachtung","positive","NA","NA","NA","Pflanzung der Gehölzhecke im Jahr 1994","NA","Literatur","D","NA","NA","NA"
10325,"6YJE4V25","Sys","Seibold, S. et al.",2019,"Arthropod decline in grasslands and forests is associated with landscape-level drivers","Nature volume 574, pages 671–674","10.1038/s41586-019-1684-3","NA","Amibeth Thompson","Konrad Adler","AgrarOffen","verschiedene Grünlandstandorte","NA","Deutschland","Baden-Württemberg, Brandenburg, Thüringen","Schwäbisch Alb, Schorfheide-Chorin, Hainich-Dün (biodiversity exploratories)","1,39E+16","529038.0","NA","Artenzahl","Zeit","Wirbellose","Arthropoden","Arthropoden","Antwortvariable",2008,2016,8,9,"Beobachtung","negative","NA","NA","NA","NA","NA","Literatur","D","NA","NA","NA"
10327,"6YJE4V25","Sys","Seibold, S. et al.",2019,"Arthropod decline in grasslands and forests is associated with landscape-level drivers","Nature volume 574, pages 671–674","10.1038/s41586-019-1684-3","NA","Amibeth Thompson","Konrad Adler","AgrarOffen","verschiedene Grünlandstandorte","NA","Deutschland","Baden-Württemberg, Brandenburg, Thüringen","Schwäbisch Alb, Schorfheide-Chorin, Hainich-Dün (biodiversity exploratories)","1,39E+16","529038.0","NA","Abundanz","Zeit","Wirbellose","Arthropoden","Arthropoden",">20",2008,2016,8,9,"Beobachtung","negative","NA","NA","NA","NA","NA","Literatur","D","NA","NA","NA"
10326,"6YJE4V25","Sys","Seibold, S. et al.",2019,"Arthropod decline in grasslands and forests is associated with landscape-level drivers","Nature volume 574, pages 671–674","10.1038/s41586-019-1684-3","NA","Amibeth Thompson","Konrad Adler","AgrarOffen","verschiedene Grünlandstandorte","NA","Deutschland","Baden-Württemberg, Brandenburg, Thüringen","Schwäbisch Alb, Schorfheide-Chorin, Hainich-Dün (biodiversity exploratories)","1,39E+16","529038.0","NA","Abundanz","Zeit","Wirbellose","Arthropoden","Arthropoden",">20",2008,2016,8,9,"Beobachtung","negative","NA","NA","NA","NA","NA","Literatur","D","NA","NA","NA"
10430,"77QS7ENZ","NA","Hagen, T.",1996,"Vegetationsveränderungen in Kalk-Magerrasen des Fränkischen Jura","Laufener Forschungsbericht 4","NA","NA","Maria Sporbert","Daniel Petry","AgrarOffen","Kalkmagerrasen","NA","Deutschland","Bayern","Fränkische Jura","1,08E+28","4,90E+28","NA","Artenzahl","NA","Pflanzen","Farn- und Blütenpflanzen","Farn- und Blütenpflanzen","~40",1931,1970,39,2,"Beobachtung","negative","NA","NA","NA","NA","NA","Literatur","D","NA","NA","NA"
10265,"7FAJ65X6","Sys","Buhk, C. et al.",2018,"Flower strip networks offer promising long term effects on pollinator species richness in intensively cultivated agricultural areas","BMC Ecology 18:55","10.1186/s12898-018-0210-z","NA","Denicia Kassie","Konrad Adler","AgrarOffen","intensiv bewirtschaftete Agrarlandschaft (95% Ackerland, 5% Grünland)","Äcker und Ackerbrachen, Trockenrasen sowie Grünland trockener bis frischer Standorte","Deutschland","Baden-Württemberg","Bolzhof-Farm in Dettenheim und Birkenhof-Farm in Rheinmünster (Oberes Rheintal)","8,42E+30","4,92E+20","NA","Artenzahl","Zeit","Wirbellose","Arthropoden","Arthropoden","Antwortvariable",2010,2015,5,5,"Beobachtung","positive","NA","NA","Einrichtung von ""flower strips"" auf 10% der Gesamtfläche","NA","NA","Literatur","D","NA","NA","NA"
10266,"7FAJ65X6","Sys","Buhk, C. et al.",2018,"Flower strip networks offer promising long term effects on pollinator species richness in intensively cultivated agricultural areas","BMC Ecology 18:55","10.1186/s12898-018-0210-z","NA","Denicia Kassie","Konrad Adler","AgrarOffen","intensiv bewirtschaftete Agrarlandschaft (95% Ackerland, 5% Grünland)","Äcker und Ackerbrachen, Trockenrasen sowie Grünland trockener bis frischer Standorte","Deutschland","Baden-Württemberg","Bolzhof-Farm in Dettenheim und Birkenhof-Farm in Rheinmünster (Oberes Rheintal)","8,42E+30","4,92E+20","NA","Abundanz","Zeit","Wirbellose","Arthropoden","Arthropoden",">20",2010,2015,5,5,"Beobachtung","positive to negative","NA","NA","Einrichtung von ""flower strips"" auf 10% der Gesamtfläche","NA","NA","Literatur","D","NA","NA","NA"
10252,"7FB4IPZE","Sys","Baessler, C. et al.",2006,"Effects of changes in agricultural land-use on landscape structure and arable weed vegetation over the last 50 years","Agriculture, Ecosystems and Environment 2731: 1-8","10.1016/j.agee.2005.12.007","NA","Denicia Kassie","Konrad Adler","AgrarOffen","Ackerland mit verschiedener Nutzungsintensität bzw. -historie","Äcker und Ackerbrachen","Deutschland","Sachsen-Anhalt","Nahe der Stadt Friedeburg (Saale)",117422773,51619861,"NA","Artenzahl","Zeit","Pflanzen","Farn- und Blütenpflanzen","Farn- und Blütenpflanzen","NA",1957,2000,43,3,"Beobachtung","negative","NA","NA","NA","NA","Angabe zum Boden: ""A plateau with nutrient rich loess deposits borders the steep slopes of the river Saale valley that forms the east border of the study area. The rivers Saale and Schlenze formed a wide floodplain with alluvial soil to the south of the study area.""","Literatur","D","NA","NA","NA"
10251,"7FB4IPZE","Sys","Baessler, C. et al.",2006,"Effects of changes in agricultural land-use on landscape structure and arable weed vegetation over the last 50 years","Agriculture, Ecosystems and Environment 2731: 1-8","10.1016/j.agee.2005.12.007","NA","Denicia Kassie","Konrad Adler","AgrarOffen","Ackerland mit verschiedener Nutzungsintensität bzw. -historie","Äcker und Ackerbrachen","Deutschland","Sachsen-Anhalt","Nahe der Stadt Friedeburg (Saale)",117422773,51619861,"NA","Abundanz","Zeit","Pflanzen","Farn- und Blütenpflanzen","Farn- und Blütenpflanzen",">20",1957,2000,43,3,"Beobachtung","negative","NA","NA","NA","NA","Angabe zum Boden: ""A plateau with nutrient rich loess deposits borders the steep slopes of the river Saale valley that forms the east border of the study area. The rivers Saale and Schlenze formed a wide floodplain with alluvial soil to the south of the study area.""","Literatur","D","NA","NA","NA"
516,"7HKDVB3C","non_Sys","Kronshage, A. & Kordges, T.",2013,"Verbreitung und Arealentwicklung der Wespenspinne (Argiope bruennichi) in Nordrhein-Westfalen(Arachnida: Araneae)","Abhandlungen aus dem Westfälischen Provinzial-Museum für Naturkunde 75, 2013","https://www.lwl.org/wmfn-download/Abhandlungen/Abh_75_2013.pdf","NA","Maria Sporbert","Maria Sporbert","AgrarOffen","feuchte bis trockene Habitate, offene Strukturen, jüngere Sukzessionsflächen, Saumstandorte, Brachen, (ruderale) Grünlandgesellschaften, Heiden etc","NA","Deutschland","Nordrhein-Westfalen","ganz Nordrhein-Westfalen","7,56E+28","5,15E+28",150,"Abundanz","Zeit","Wirbellose","Arthropoden","Arthropoden","1.0",1980,2012,32,4,"Beobachtung","positive","NA","NA","NA","NA","NA","Literatur","D","NA","NA","NA"
10445,"7Q2CPM2B","non_Sys","Auerswald, K. et al.",2000,"Principles of sustainable land-use systems developed and evaluated by the Munich Research Alliance on Agro-Ecosystems (FAM)","Petermanns Geographische Mitteilungen, 144, 2000/2","nicht vorhanden","NA","Amibeth Thompson","Konrad Adler","AgrarOffen","Habitate innerhalb des FAM-Untersuchungsgebietes (Ackerland, Grünland, angrenzende Gebiete, Brachen)","Äcker und Ackerbrachen, Trockenrasen sowie Grünland trockener bis frischer Standorte","Deutschland","Bayern","FAM-Untersuchungsgebiet am Klostergut Scheyern",11452,"48.5","NA","Artenzahl","Zeit","Pflanzen","Farn- und Blütenpflanzen","Farn- und Blütenpflanzen","Antwortvariable",1991,1997,6,6,"Beobachtung","positive","NA","NA","bis 1990 sehr konservative Bewirtschaftung, nach Übernahme durch FAM Änderungen: viele Flächen mit organischer Bewirtschaftung, mehr Grünlandflächen, mehr Brachen etc.","NA","NA","Literatur","D","NA","NA","NA"
109,"7YSU2PED","NA","Wesche",2014,"Diversitätsverluste und faunistischer Wandel in ausgewählten Insektengruppen des Grünlands seit 1950","Natur und Landschaft","NA","NA","Maria Sporbert","Maria Sporbert, Leana Meder","AgrarOffen","Grünland, Trockenrasen","Grünland, Trockenrasen","Deutschland","Niedersachsen, Sachsen, Brandenburg, Thüringen","Weseraue, Grünland (feucht, frisch, trocken) bei Stolzenau, Trockenrasen Ostdeutschland","9,09E+28","5,25E+18",20,"Abundanz","Zeit","Wirbellose","Arthropoden","Arthropoden","keine Details",1951,2008,57,2,"Beobachtung","negative","NA","NA","NA","NA","NA","Literatur","D","NA","NA","NA"
108,"7YSU2PED","NA","Wesche",2014,"Diversitätsverluste und faunistischer Wandel in ausgewählten Insektengruppen des Grünlands seit 1950","Natur und Landschaft","NA","NA","Maria Sporbert","Maria Sporbert, Leana Meder","AgrarOffen","Grünland, Trockenrasen","Grünland, Trockenrasen","Deutschland","Niedersachsen, Sachsen, Brandenburg, Thüringen","Weseraue, Grünland (feucht, frisch, trocken) bei Stolzenau, Trockenrasen Ostdeutschland","9,09E+28","5,25E+18",20,"Artenzahl","Zeit","Wirbellose","Arthropoden","Arthropoden","Antwortvariable",1951,2008,57,2,"Beobachtung","no","NA","NA","NA","NA","NA","Literatur","D","NA","NA","NA"
10318,"8INESIM3","Sys","Schuch, S. et al.",2011,"Minor changes in orthopteran assemblages of Central European protected dry grasslands during the last 40 years","Journal of Insect Conservation 15:811–822","10.1007/s10841-011-9379-6","NA","Denicia Kassie","Konrad Adler","AgrarOffen","verschiedene Trockenrasen bzw. trockenes Grünland","Trockenrasen sowie Grünland trockener bis frischer Standorte","Deutschland","Thüringen, Brandenburg, Sachsen, Sachsen-Anhalt","26 Orte","1,42E+16","5,13E+16","NA","Artenzahl","Zeit","Wirbellose","Arthropoden","Arthropoden","Antwortvariable",1963,2009,46,2,"Beobachtung","no","Andere","(fast) alle Plots in verschiedensten NSG in Brandenburg, Sachsen und Thüringen","Beweidung und Trimmen der Vegetation","NA","genaue Beschreibung der Pflanzengemeinschaften, des Managements und die Koordinaten von jedem Plot siehe Tab.1","Literatur","D","NA","NA","NA"
93,"8IWCS3J6","NA","Schiefer",1981,"Vegetationsentwicklung und Pflegemassnahmen auf Brachflaechen in Baden-Wuerttemberg: Sechsjaehrige Dauerflaechenuntersuchungen in zwei Halbtrockenrasen und Glatthaferwiesen","Natur und Landschaft","NA","NA","Maria Sporbert","Maria Sporbert, Leana Meder","AgrarOffen","Halbtrockenrasen und Glatthaferwiesen","NA","Deutschland","Baden-Württemberg","Ettenheim-Münster, Rangendingen, St. Johann","8,32E+28","4,82E+20",100,"Abundanz","Zeit","Pflanzen","Pflanzen","Pflanzen",">20",1975,1980,5,2,"Experiment","no","NA","NA","Mulchen, Brennen, Sukzession, Beweidung","NA","Versuchsflächen","Literatur","D","NA","NA","NA"
92,"8IWCS3J6","NA","Schiefer",1981,"Vegetationsentwicklung und Pflegemassnahmen auf Brachflaechen in Baden-Wuerttemberg: Sechsjaehrige Dauerflaechenuntersuchungen in zwei Halbtrockenrasen und Glatthaferwiesen","Natur und Landschaft","NA","NA","Maria Sporbert","Maria Sporbert, Leana Meder","AgrarOffen","Halbtrockenrasen und Glatthaferwiesen","NA","Deutschland","Baden-Württemberg","Ettenheim-Münster, Rangendingen, St. Johann","8,32E+28","4,82E+20",100,"Abundanz","Zeit","Pflanzen","Pflanzen","Pflanzen",">20",1975,1980,5,2,"Experiment","no","NA","NA","Mulchen, Brennen, Sukzession, Beweidung","NA","Versuchsflächen","Literatur","D","NA","NA","NA"
393,"8UC3VZW4","Sys","Kamp et al.",2021,"Population trends of common breeding birds in Germany 1990–2018","Perspectives in Plant Ecology, Evolution and Systematics","10.1007/s10336-020-01830-4","NA","Maria Sporbert","Maria Sporbert","AgrarOffen","AgrarOffen","NA","Deutschland","NA","NA","10279.0","51415.0",700,"Abundanz","Zeit","Wirbeltiere","Vögel","Vögel","19.0",1990,2018,28,28,"Beobachtung","negative","NA","NA","NA","NA","NA","Literatur","D","NA","NA","NA"
150,"8VWAVW2Z","NA","Pfau",2020,"Wein und Biodiversität: Ansaat heimischer Wildpflanzen erhöht die Artenvielfalt von Wildbienen im Weinberg","Naturschutz und Landschaftsplanung","NA","NA","Maria Sporbert","Maria Sporbert","AgrarOffen","Weinberg","Weinberg","Deutschland","Sachsen-Anhalt","Saale-Unstrut-Weinregion, Köppelberg bei Naumburg","1,17E+28","5,12E+20",10,"Artenzahl","Zeit","Wirbellose","Arthropoden","Arthropoden","Antwortvariable",2017,2019,2,3,"Experiment","positive","NA","NA","NA","NA","Versuchsaufbau mit Vegleichsflächen","Literatur","D","NA","NA","NA"
144,"8WDEHG4H","NA","Zahn",2003,"Auswirkungen extensiver Rinderbeweidung auf die Vegetation einer Feuchtbrache: Vegetationsentwicklung und Verbiss einer Galloway-Standweide über fünf Jahre","Naturschutz und Landschaftsplanung","NA","NA","Maria Sporbert","Maria Sporbert","AgrarOffen","Feuchtwiese","Feuchtgrünland","Deutschland","Rheinland-Pfalz","Talraum eines Bachs bei Jettenbach","1,24E+28","4,82E+20",5,"Artenzahl","Zeit","Pflanzen","Pflanzen","Pflanzen","Antwortvariable",1996,2000,4,5,"Experiment","positive","NA","NA","Beweidung","NA","NA","Literatur","D","NA","NA","NA"
175,"93EZBHJZ","Sys","Eichenberg, D. et al",2021,"Widespread decline in Central European plant diversity across six decades","Global Change Biology","10.1111/gcb.15447","NA","Maria Sporbert","Maria Sporbert","AgrarOffen","alle terrestrischen Lebensräume","NA","Deutschland","alle Bundesländer","NA","10279.0","51415.0",700,"Abundanz","Zeit","Pflanzen","Pflanzen","Pflanzen","2136.0",1960,2017,57,2,"Beobachtung","negative","NA","NA","NA","NA","NA","Literatur","D","NA","NA","NA"
469,"93MTUBJK","non_Sys","Huntke, T.",2007,"Die Verbreitung von Drosera anglica Huds. in Niedersachsen früher und heute - Ausmaß und Ursachen des Rückgangs eines Hochmoorspezialisten","Tuexenia 27: 241-253","https://www.tuexenia.de/publications/tuexenia/Tuexenia_2007_NS_027_0241-0253.pdf","NA","Maria Sporbert","Maria Sporbert","AgrarOffen","Hochmoorgesellschaften","NA","Deutschland","Niedersachsen","NA","9,16E+28","5,28E+28",150,"Abundanz","Zeit","Pflanzen","Pflanzen","Pflanzen","1.0",1945,2005,60,5,"Beobachtung","negative","NA","NA","NA","NA","NA","Literatur","D","NA","NA","NA"
633,"9BHEC934","non_Sys","Kowarsch, NR, Poschold, P",2022,"Entwicklung der Bestände und der Populationsstruktur von Trollius europaeus im nördlichen Rothaargebirge innerhalb von 20 Jahren – eine Fallstudie im Hochsauerlandkreis","Natur und Landschaft 97 (2022), Ausgabe 5","10.19217/NuL2022-05-02","NA","Sarah Olberg","Johanna Henze","AgrarOffen","Wiesen","Grün- und Freiflächen","Deutschland","Nordrhein-Westfalen","bei Winterberg, Rothaargebirge","8,29E+28","5,12E+20",10,"Abundanz","Zeit","Pflanzen","Pflanzen","Pflanzen","1.0",1996,2013,17,2,"Beobachtung","negative","NA","NA","NA","NA","NA","Literatur","D","NA","NA","NA"
380,"9BZ32IK8","Sys","Homburg, Katharina et al.",2019,"Where have all the beetles gone? Long-term study reveals carabid studies decline in a nature reserve in Northern Germany","Insect Conversation and Diversity","doi: 10.1111/icad.12350","NA","Sarah Olberg","Antonio Kind","AgrarOffen","Heide","NA","Deutschland","Schleswig-Holstein","Lüneburger Heide","9,92E+28","5,32E+20",50,"Abundanz","Zeit","Wirbellose","Arthropoden","Arthropoden","NA",1994,2017,23,24,"Beobachtung","no","NA","NA","NA","NA","es wurden verschiedene Treiber genannt, welche die Veränderungen herbeigeführt haben könnten. Jedoch konnte von keinem direkt abgeleitet werden, dass dieser der Hauptverursacher ist","Literatur","D","NA","NA","NA"
379,"9BZ32IK8","Sys","Homburg, Katharina et al.",2019,"Where have all the beetles gone? Long-term study reveals carabid studies decline in a nature reserve in Northern Germany","Insect Conversation and Diversity","doi: 10.1111/icad.12349","NA","Sarah Olberg","Antonio Kind","AgrarOffen","Heide","NA","Deutschland","Schleswig-Holstein","Lüneburger Heide","9,92E+28","5,32E+20",50,"ENS","Zeit","Wirbellose","Arthropoden","Arthropoden","NA",1994,2017,23,24,"Beobachtung","negative","NA","NA","NA","NA","es wurden verschiedene Treiber genannt, welche die Veränderungen herbeigeführt haben könnten. Jedoch konnte von keinem direkt abgeleitet werden, dass dieser der Hauptverursacher ist","Literatur","D","NA","NA","NA"
378,"9BZ32IK8","Sys","Homburg, Katharina et al.",2019,"Where have all the beetles gone? Long-term study reveals carabid studies decline in a nature reserve in Northern Germany","Insect Conversation and Diversity","doi: 10.1111/icad.12348","NA","Sarah Olberg","Antonio Kind","AgrarOffen","Heide","NA","Deutschland","Schleswig-Holstein","Lüneburger Heide","9,92E+28","5,32E+20",50,"Artenzahl","Zeit","Wirbellose","Arthropoden","Arthropoden","NA",1994,2017,23,24,"Beobachtung","negative","NA","NA","NA","NA","es wurden verschiedene Treiber genannt, welche die Veränderungen herbeigeführt haben könnten. Jedoch konnte von keinem direkt abgeleitet werden, dass dieser der Hauptverursacher ist","Literatur","D","NA","NA","NA"
10271,"9H4JI3V7","Sys","Faust, C. et al.",2011,"Threatened inland sand vegetation in the temperate zone under different types of abiotic and biotic disturbances during a ten-year period","Flora - Morphology Distribution Functional Ecology of Plants 206(7):611-621","10.1016/j.flora.2010.09.013","NA","Denicia Kassie","Konrad Adler","AgrarOffen","Sandrasen (Armerio-Festucetum trachyphyllae)","Trockenrasen sowie Grünland trockener bis frischer Standorte","Deutschland","Hessen","NSG ""Ehemaliger August-Euler_Flugplatz von Darmstadt"" im Hessisches Oberrheintal","8,58E+19","49.85","NA","Artenzahl","NA","Pflanzen","Pflanzen","Pflanzen","Antwortvariable",2000,2009,9,10,"Experiment","negative","Andere","NSG ""Ehemaliger August-Euler_Flugplatz von Darmstadt""","NA","NA","NA","Literatur","D","NA","NA","NA"
886,"9Q536PP9","NA","Löffler, Franz et al.",2017,"Überleben in fragmentierten Landschaften - die letzte Metapopulation des Sonnenröschen-Würfel-Dickkopffalters (Pyrus alveus) in Nordrhein-Westfalen","Natur und Heimat, 2017, 77. Jahrg., Heft 1/2","NA","NA","Maria Sporbert","Antonio Kind","AgrarOffen","Kalkmagerrasen","Kalkmagerrasen","Deutschland","Nordrhein-Westfalen","NA","7,56E+28","5,15E+28",150,"Abundanz","Zeit","Wirbellose","Arthropoden","Arthropoden","1.0",1950,2016,66,3,"Beobachtung","negative","Andere","Naturschutzgebiet Lampertstal","Aufrechterhaltung des extensiven Beweidungsystems","NA","keine Tabellen oder Grafiken dargestellt. Keine Quantifizierung von Daten.","Literatur","D","NA","NA","NA"
10277,"A3V37ZGJ","Sys","Habel, JC et al.",2019,"Succession matters: Community shifts in moths over three decades increases multifunctionality in intermediate successional stages","Scientific Reports 9:5586","10.1038/s41598-019-41571-w","NA","Amibeth Thompson","Konrad Adler","AgrarOffen","seminatürlicher Kalkmagerrasen von natürlicher Sukzession betroffen (Trockenrasen durchsetzt mit Sträucher- und Waldflächen, sowie steinernen Hängen)","Trockenrasen sowie Grünland trockener bis frischer Standorte","Deutschland","Bayern","NSG ""Am Keilstein"" und ""Südöstliche Juraausläufer bei Regensburg” im nordöstlichen Teil der Stadt Regensburg","12.25","4,91E+20","NA","Artenzahl","Zeit","Wirbellose","Arthropoden","Arthropoden","Antwortvariable",1987,2017,30,17,"Beobachtung","negative","Andere","NSG ""Am Keilstein"" und NSG ""Südöstliche Juraausläufer bei Regensburg""","NA","NA","NA","Literatur","D","NA","NA","NA"
534,"A6QHZ8WN","Sys","Birmele, J. et al.",2015,"Successional changes of phytodiversity on a short rotation coppice plantation in Oberschwaben, Germany","frontiers in Plant Science Volume 6, Article 124","10.3389/fpls.2015.00124","NA","Konrad Adler","Konrad Adler","AgrarOffen","Pappel-Kurzumtriebsplantage umgeben von Mischwald (3 Seiten) und Wiese (1 Seite)","Äcker und Ackerbrachen","Deutschland","Baden-Württemberg","Oberschwaben","9,74E+28","4,80E+20",50,"ENS","Zeit","Pflanzen","Pflanzen","Pflanzen","Antwortvariable",2010,2013,3,4,"Experiment","positive to negative","NA","NA","Ernte der Pappeln im Frühjahr 2012","NA","Studie enthält außerdem Daten die Biodiversität innerhalb des Experiments (Flächen mit verschiedenen Klonen, verschiedene Treatments) vergleichen, Angabe zum Boden: The soil consists of limestone debris rendzina and terra fuscae.","Literatur","D","NA","NA","NA"
532,"A6QHZ8WN","Sys","Birmele, J. et al.",2015,"Successional changes of phytodiversity on a short rotation coppice plantation in Oberschwaben, Germany","frontiers in Plant Science Volume 6, Article 124","10.3389/fpls.2015.00124","NA","Konrad Adler","Konrad Adler","AgrarOffen","Pappel-Kurzumtriebsplantage umgeben von Mischwald (3 Seiten) und Wiese (1 Seite)","Äcker und Ackerbrachen","Deutschland","Baden-Württemberg","Oberschwaben","9,74E+28","4,80E+20",50,"Artenzahl","Zeit","Pflanzen","Pflanzen","Pflanzen","Antwortvariable",2010,2013,3,4,"Experiment","positive to negative","NA","NA","Ernte der Pappeln im Frühjahr 2012","NA","Studie enthält außerdem Daten die Biodiversität innerhalb des Experiments (Flächen mit verschiedenen Klonen, verschiedene Treatments) vergleichen, Angabe zum Boden: The soil consists of limestone debris rendzina and terra fuscae.","Literatur","D","NA","NA","NA"
533,"A6QHZ8WN","Sys","Birmele, J. et al.",2015,"Successional changes of phytodiversity on a short rotation coppice plantation in Oberschwaben, Germany","frontiers in Plant Science Volume 6, Article 124","10.3389/fpls.2015.00124","NA","Konrad Adler","Konrad Adler","AgrarOffen","Pappel-Kurzumtriebsplantage umgeben von Mischwald (3 Seiten) und Wiese (1 Seite)","Äcker und Ackerbrachen","Deutschland","Baden-Württemberg","Oberschwaben","9,74E+28","4,80E+20",50,"ENS","Zeit","Pflanzen","Pflanzen","Pflanzen","Antwortvariable",2010,2013,3,4,"Experiment","negative","NA","NA","Ernte der Pappeln im Frühjahr 2012","NA","Studie enthält außerdem Daten die Biodiversität innerhalb des Experiments (Flächen mit verschiedenen Klonen, verschiedene Treatments) vergleichen, Angabe zum Boden: The soil consists of limestone debris rendzina and terra fuscae.","Literatur","D","NA","NA","NA"
535,"A6QHZ8WN","Sys","Birmele, J. et al.",2015,"Successional changes of phytodiversity on a short rotation coppice plantation in Oberschwaben, Germany","frontiers in Plant Science Volume 6, Article 124","10.3389/fpls.2015.00124","NA","Konrad Adler","Konrad Adler","AgrarOffen","Pappel-Kurzumtriebsplantage umgeben von Mischwald (3 Seiten) und Wiese (1 Seite)","Äcker und Ackerbrachen","Deutschland","Baden-Württemberg","Oberschwaben","9,74E+28","4,80E+20",50,"Abundanz","Zeit","Pflanzen","Pflanzen","Pflanzen","Antwortvariable",2010,2013,3,4,"Experiment","negative to positive","NA","NA","Ernte der Pappeln im Frühjahr 2012","NA","Studie enthält außerdem Daten die Biodiversität innerhalb des Experiments (Flächen mit verschiedenen Klonen, verschiedene Treatments) vergleichen, Angabe zum Boden: The soil consists of limestone debris rendzina and terra fuscae.","Literatur","D","NA","NA","NA"
147,"A7YB359Z","NA","Neumann",2004,"Einfluss der Ackerbewirtschaftung auf die Feldlerche (Alauda arvensis) im ökologischen Landbau: Untersuchungen in zwei Gebieten Schleswig-Holsteins","Naturschutz und Landschaftsplanung","NA","NA","Maria Sporbert","Maria Sporbert","AgrarOffen","Äcker und Ackerbrachen","Äcker und Ackerbrachen","Deutschland","Schleswig-Holstein","2 landwirtsch. Betriebe, östl. Hügelland","9,82E+28","5,42E+28",100,"Abundanz","Zeit","Wirbeltiere","Vögel","Vögel","12.0",2001,2003,2,3,"Beobachtung","positive","NA","NA","NA","NA","NA","Literatur","D","NA","NA","NA"
10295,"AECYXUGT","non_Sys","Köhler, M. et al.",2020,"Restoration of orchid-rich dry calcareous grasslands by rotational goat pasturing","Tuexenia 40: 201-223","10.14471/2020.40.009","NA","Amibeth Thompson","Konrad Adler","AgrarOffen","Kalkmagerrasen mit starker Strauchüberwucherung, Vegetation Trinio-Caricetum humilis mit Anthericum ramosum als dominante Art","NA","Deutschland","Sachsen-Anhalt","Naturschutzgebiet ""Tote Täler südwestlich Freyburg"" im Unteren Unstruttal","11.75","51195.0","NA","Abundanz","Zeit","Pflanzen","Farn- und Blütenpflanzen","Farn- und Blütenpflanzen","6.0",2010,2019,9,8,"Beobachtung","no","Andere","Naturschutzgebiet ""Tote Täler südwestlich Freyburg""","Einführung von 3 bezäunten Weideflächen (Frühjahr, Sommer und Herbst) in 2012 (primär zum Schutz der Orchideen-Arten)","NA","NA","Literatur","D","NA","NA","NA"
10294,"AECYXUGT","non_Sys","Köhler, M. et al.",2020,"Restoration of orchid-rich dry calcareous grasslands by rotational goat pasturing","Tuexenia 40: 201-223","10.14471/2020.40.009","NA","Amibeth Thompson","Konrad Adler","AgrarOffen","Kalkmagerrasen mit starker Strauchüberwucherung, Vegetation Trinio-Caricetum humilis mit Anthericum ramosum als dominante Art","NA","Deutschland","Sachsen-Anhalt","Naturschutzgebiet ""Tote Täler südwestlich Freyburg"" im Unteren Unstruttal","11.75","51195.0","NA","Abundanz","Zeit","Pflanzen","Farn- und Blütenpflanzen","Farn- und Blütenpflanzen","NA",2010,2019,9,8,"Beobachtung","negative","Andere","Naturschutzgebiet ""Tote Täler südwestlich Freyburg""","Einführung von 3 bezäunten Weideflächen (Frühjahr, Sommer und Herbst) in 2012 (primär zum Schutz der Orchideen-Arten)","NA","Angabe zum Boden: ""calcareous bedrock (Muschelkalk) partly covered by shallow loess layers""","Literatur","D","NA","NA","NA"
10296,"AECYXUGT","non_Sys","Köhler, M. et al.",2020,"Restoration of orchid-rich dry calcareous grasslands by rotational goat pasturing","Tuexenia 40: 201-223","10.14471/2020.40.009","NA","Amibeth Thompson","Konrad Adler","AgrarOffen","Kalkmagerrasen mit starker Strauchüberwucherung, Vegetation Trinio-Caricetum humilis mit Anthericum ramosum als dominante Art","NA","Deutschland","Sachsen-Anhalt","Naturschutzgebiet ""Tote Täler südwestlich Freyburg"" im Unteren Unstruttal","11.75","51195.0","NA","Artenzahl","Zeit","Pflanzen","Farn- und Blütenpflanzen","Farn- und Blütenpflanzen","6.0",2010,2019,9,8,"Beobachtung","no","Andere","Naturschutzgebiet ""Tote Täler südwestlich Freyburg""","Einführung von 3 bezäunten Weideflächen (Frühjahr, Sommer und Herbst) in 2012 (primär zum Schutz der Orchideen-Arten)","NA","NA","Literatur","D","NA","NA","NA"
906,"AEXBSVRF","NA","Hofmann, M., Isselstein, J.",2005,"Species enrichment in an agriculturally improved grassland and its effects on botanical composition, yield and forage quality","Grass and Forage Science","NA","NA","Annika Lidle","Leana Meder","AgrarOffen","NA","Trockenrasen sowie Grünland trockener bis frischer Standorte","Deutschland","Niedersachsen","nahe Göttingen","9,93E+28","5,15E+28","NA","Abundanz","g/m²","Pflanzen","Pflanzen","Pflanzen",">20 (davon 7 als introduced species deklariert)",1998,2001,3,4,"Experiment","negative","NA","NA","NA","NA","Boden: clayey silt alluvial soil, im Paper lag der Fokus erneut stark auf den Treatments, dahingehend wurde stärker vergleichend analysiert als über die 4 Jahre, die das Experiment lief, hinweg…","Literatur","D","NA","NA","NA"
236,"AW8RDJJT","NA","Dierschke",2006,"Sekundär-progressive Sukzession eines aufgelassenen Kalkmagerrasens – Dauerflächenuntersuchungen 1987 – 2002","Hercynia","NA","NA","Emilia Schlotfeldt","Emilia Schlotfeldt","AgrarOffen","Kalkmagerrasen","NA","Deutschland","Niedersachsen","Göttingen","9,90E+28","5,15E+20",10,"Artenzahl","Zeit","Pflanzen","Pflanzen","Pflanzen","Antwortvariable",1987,2002,15,11,"Beobachtung","negative","NA","NA","Einstellung Mahd","NA","NA","Literatur","D","NA","NA","NA"
234,"AW8RDJJT","NA","Dierschke",2006,"Sekundär-progressive Sukzession eines aufgelassenen Kalkmagerrasens – Dauerflächenuntersuchungen 1987 – 2002","Hercynia","NA","NA","Emilia Schlotfeldt","Emilia Schlotfeldt","AgrarOffen","Kalkmagerrasen","NA","Deutschland","Niedersachsen","Göttingen","9,90E+28","5,15E+20",10,"Abundanz","Zeit","Pflanzen","Pflanzen","Pflanzen",">20",1987,2002,15,11,"Beobachtung","negative","NA","NA","Einstellung Mahd","NA","NA","Literatur","D","NA","NA","NA"
235,"AW8RDJJT","NA","Dierschke",2006,"Sekundär-progressive Sukzession eines aufgelassenen Kalkmagerrasens – Dauerflächenuntersuchungen 1987 – 2002","Hercynia","NA","NA","Emilia Schlotfeldt","Emilia Schlotfeldt","AgrarOffen","Kalkmagerrasen","NA","Deutschland","Niedersachsen","Göttingen","9,90E+28","5,15E+20",10,"Abundanz","Zeit","Pflanzen","Pflanzen","Pflanzen",">20",1987,2002,15,11,"Beobachtung","positive","NA","NA","Einstellung Mahd","NA","NA","Literatur","D","NA","NA","NA"
10253,"G8P2BUDM","non_Sys","Basedow, T.",2002,"Conventional agriculture (in its present form) or ecological agriculture? - For the maximal biodiversity both are necessary","GESUNDE PFLANZEN, 54. Jahrg., Heft 6","10.1046/j.1439-0345.2002.00177.x","NA","Amibeth Thompson","Konrad Adler","AgrarOffen","Winterweizenfelder","Äcker und Ackerbrachen","Deutschland","Schleswig-Holstein","Felder in Brodersdorf und Passade (Kreis Plön)","1,03E+24","5,44E+28","NA","Abundanz","Zeit","Wirbellose","Arthropoden","Arthropoden","1.0",1971,2000,29,23,"Beobachtung","no","NA","NA","NA","NA","NA","Literatur","D","NA","NA","NA"
10259,"G3CJQTJK","non_Sys","Benzler, A. et al.",2015,"Methods and first results of high nature value farmland monitoring in Germany: Evidence of ongoing biodiversity loss within agricultural landscapes","Natur und Landschaft 90.Jahrgang Heft 7","10.17433/7.2015.50153341.309-316","NA","Amibeth Thompson","Konrad Adler","AgrarOffen","Agrarlandschaftsflächen","Äcker und Ackerbrachen, Trockenrasen sowie Grünland trockener bis frischer Standorte","Deutschland","NA","NA","NA","NA","NA","Abundanz","Zeit","Pflanzen","Farn- und Blütenpflanzen","Farn- und Blütenpflanzen",">20",2009,2013,4,2,"Beobachtung","negative","NA","NA","HNV","NA","NA","Literatur","D","NA","NA","NA"
880,"BH4ATETW","NA","Hannig, K, Kerkering, W, Kerkering, C,",2015,"Zur Verbreitung, Biologie und Bestandsentwicklung des Kleinen Mondhornkäfers Capris lunaris (LINNAEUS, 1758) in Nordrhein-Westfalen (Coleoptera: Scarabaeidae)","Natur und Heimat, 75. Jahrg., Heft 1, 2015","NA","NA","Maria Sporbert","Johanna Henze","AgrarOffen","NA","NA","Deutschland","Nordrhein-Westfalen","Nordrhein-Westfalen","7,56E+28","5,15E+28",150,"Abundanz","zeit","Wirbellose","Arthropoden","Arthropoden","1.0",1901,2001,100,3,"Beobachtung","negative","NA","NA","NA","NA","Daten aus verschiedenen Analysen/Papers zusammengetragen","Literatur","D","NA","NA","NA"
124,"BPRFKWTG","NA","Grotjahn",2000,"Veränderungen der Heuschreckenfauna der Bremer Flussmarschen 1986 bis 1997: Zunahme von Arten- und Individuenzahlen in Grünlandgebieten","Naturschutz und Landschaftsplanung","NA","NA","Maria Sporbert","Maria Sporbert","AgrarOffen","Flussmarsch, Grünlandgebiete, extensive Weide","Flussmarsch, Grünlandgebiete, extensive Weide","Deutschland","Bremen","Bremer Flussmarschengebiet Niedervieland und Ochtumniederung, 10 km von Stadtzentrum","8,70E+28","5,31E+20",2,"Abundanz","Zeit","Wirbellose","Arthropoden","Arthropoden",">20",1986,1997,11,2,"Beobachtung","positive","NA","NA","NA","NA","NA","Literatur","D","NA","NA","NA"
10264,"GDZ5IDIZ","non_Sys","Briemle, G.",2006,"Careful fertilisation increases species diversity of oligotrophic grassland - Results of a study over 22 years in the low mountain range 'Schwäbische Alb'","Naturschutz und Landschaftsplanung 38, (2), 2006","nicht vorhanden","NA","Amibeth Thompson","Konrad Adler","AgrarOffen","artenreiche Magerwiese (natürliche Vegetation: Lathyro-Fagetum innerhalb des Eu-Fagion)","NA","Deutschland","Baden-Württemberg","Schwäbische Alb","9,35E+28","4,83E+28","NA","Artenzahl","Zeit","Pflanzen","Farn- und Blütenpflanzen","Farn- und Blütenpflanzen","Antwortvariable",1983,2005,22,15,"Experiment","positive","NA","NA","NA","NA","Angabe zum Boden: Rendzina-Braunerde aus lehmig-tonigem Kalkstein","Literatur","D","NA","NA","NA"
41,"BZ9VT4U2","NA","Gruttke",1993,"Tieroekologische Langzeitstudie zur Besiedlung neu angelegter Gehoelzanpflanzungen in der intensiv bewirtschafteten Agrarlandschaft - ein E+E-Vorhaben","Natur und Landschaft","NA","NA","Maria Sporbert","Maria Sporbert, Leana Meder","AgrarOffen","NA","Äcker und Ackerbrachen","Deutschland, Österreich, Schweiz","Nordrhein-Westfalen","Zülpicher Börde bei Euskirchen","6,72E+28","5,07E+20",5,"Abundanz","Zeit","Wirbellose","Arthropoden","Arthropoden","3.0",1983,1990,7,8,"Beobachtung","positive to negative","NA","NA","NA","NA","NA","Literatur","D","NA","NA","NA"
42,"BZ9VT4U2","NA","Gruttke",1993,"Tieroekologische Langzeitstudie zur Besiedlung neu angelegter Gehoelzanpflanzungen in der intensiv bewirtschafteten Agrarlandschaft - ein E+E-Vorhaben","Natur und Landschaft","NA","NA","Maria Sporbert","Maria Sporbert, Leana Meder","AgrarOffen","NA","Äcker und Ackerbrachen","Deutschland, Österreich, Schweiz","Nordrhein-Westfalen","Zülpicher Börde bei Euskirchen","6,72E+28","5,07E+20",5,"Artenzahl","Zeit","Wirbeltiere","Vögel","Vögel","Antwortvariable",1983,1990,7,8,"Beobachtung","positive","NA","NA","NA","NA","E+E Vorhaben","Literatur","D","NA","NA","NA"
40,"BZ9VT4U2","NA","Gruttke",1993,"Tieroekologische Langzeitstudie zur Besiedlung neu angelegter Gehoelzanpflanzungen in der intensiv bewirtschafteten Agrarlandschaft - ein E+E-Vorhaben","Natur und Landschaft","NA","NA","Maria Sporbert","Maria Sporbert, Leana Meder","AgrarOffen","NA","Äcker und Ackerbrachen","Deutschland, Österreich, Schweiz","Nordrhein-Westfalen","Zülpicher Börde bei Euskirchen","6,72E+28","5,07E+20",5,"Artenzahl","Zeit","Wirbellose","Arthropoden","Arthropoden","Antwortvariable",1983,1990,7,8,"Beobachtung","no","NA","NA","NA","NA","NA","Literatur","D","NA","NA","NA"
10273,"CICX9559","Sys","Frenzel, M. et al.",2016,"Bird communities in agricultural landscapes: What are the current drivers of temporal trends?","Ecological Indicators 65 (2016) 113–121","10.1016/j.ecolind.2015.11.020","NA","Denicia Kassie","Konrad Adler","AgrarOffen","heterogene Landschaft in Bezug auf Landnutzungsintensität (reicht von reinen Ackerflächen bis zu Flächen mit hohem seminatürlichen Habitatanteilen wie Wälder etc.)","NA","Deutschland","Sachsen-Anhalt","Friedeburg, Greifenhagen, Harsleben, Schafstaedt, Siptenfelde und Wanzleben","1,11E+28","5,19E+28","NA","Abundanz","Zeit","Wirbeltiere","Vögel","Vögel",">20",2001,2014,13,5,"Beobachtung","negative","NA","NA","NA","NA","NA","Literatur","D","NA","NA","NA"
127,"CPHT9LNA","NA","Lühr",2007,"Extensive Beweidung mit Senner Pferden: Auswirkungen auf die Vegetation eines halboffenen Sandmagerrasenkomplexes im NSG ""Mossheide"" (Kreise Gütersloh und Paderborn, Nordrhein-Westfalen)","Naturschutz und Landschaftsplanung","NA","NA","Maria Sporbert","Maria Sporbert","AgrarOffen","halboffene Sandökosysteme","halboffene Sandökosysteme","Deutschland","Nordrhein-Westfalen","Senne, Nordosten der Westfälischen Bucht, NSG Moosheide","8,52E+28","5,20E+20",5,"Artenzahl","Zeit","Pflanzen","Pflanzen","Pflanzen","Antwortvariable",1999,2005,6,3,"Experiment","positive","Andere","NSG Moosheide","Beweidung","NA","Versuchsfläche","Literatur","D","NA","NA","NA"
889,"CY6WGFFF","NA","Runge, Fritz",1993,"Vegetationsänderungen einer aufgelassenen Viehweide","Natur und Heimat","NA","NA","Maria Sporbert","Antonio Kind","AgrarOffen","aufgelassene Viehweide","NA","Deutschland","Nordrhein-Westfalen","Hopsten im Kreis Steinfurt","7,60E+28","5,24E+20",20,"Artenzahl","Zeit","Pflanzen","Pflanzen","Pflanzen",">20",1976,1992,16,9,"Beobachtung","negative","Andere","Naturschutzgebiet Heiliges Meer","NA","NA","NA","Literatur","D","NA","NA","NA"
10256,"D56HNGYU","Sys","Baur, B. et al.",2020,"Factors contributing to the decline of an endangered flightless longhorn beetle: A 20-year study","Insect Conservation and Diversity 13, 175–186","10.1111/icad.12402","NA","Denicia Kassie","Konrad Adler","AgrarOffen","1 Parkfläche (St. Johannspark in Basel) und 12 landwirtschaftliche Standorte mit verschiedener Bewirtschaftungsart - und intensität","Äcker und Ackerbrachen, Grün- und Freiflächen","Deutschland, Schweiz, Frankreich","Baden-Württemberg","Oberrheintal (Grenzregion zwischen Deutschland, Frankreich und Schweiz)","1,22E+30","54061.0","NA","Abundanz","Zeit","Wirbellose","Arthropoden","Arthropoden","1.0",1999,2018,19,19,"Beobachtung","negative","NA","NA","NA","NA","NA","Literatur","D","NA","NA","NA"
67,"DIPMF77A","NA","Manhart",2004,"Renaturierung feucht-nassen Grünlands im Voralpenraum: Untersuchungen zur Vegetationsentwicklung sowie zur Biomasse und Diversität bei Insekten","Natur und Landschaft","NA","NA","Maria Sporbert","Maria Sporbert, Leana Meder","AgrarOffen","feucht-nasses Grünland","Feuchtgrünland","Deutschland","Bayern","Schindelbachtal","1,26E+28","4,81E+20",5,"Abundanz","Zeit","Wirbellose","Arthropoden","Arthropoden","7 (Ordnungen)",1992,2002,10,5,"Beobachtung","positive","NA","NA","Wiedervernässung / Extensivierung","NA","NA","Literatur","D","NA","NA","NA"
10437,"DMV3CC9C","Sys","Velbert, F. et al.",2017,"Time lags in functional response to management regimes - evidence from a 26-year field experiment in wet meadows","Journal of Vegetation Science 28 (2017) 313–324","10.1111/jvs.12497","NA","Denicia Kassie","Konrad Adler","AgrarOffen","Feuchtwiesen, früher als gedüngte Wiesen/Weiden genutzt (Cynosurion cristati, Calthion palustris und Potentillion anserinae)","Waldfreie Niedermoore und Sümpfe, Grünland nasser bis feuchter Standorte","Deutschland","Nordrhein-Westfalen","Naturschutzgebiete im Münsterland","7,69E+28","5,20E+28","NA","Artenzahl","Zeit","Pflanzen","Farn- und Blütenpflanzen","Farn- und Blütenpflanzen","Antwortvariable",1987,2013,26,15,"Experiment","no","Andere","andere Naturschutzgebiete im Münsterland","NA","NA","NA","Literatur","D","NA","NA","NA"
10438,"DMV3CC9C","Sys","Velbert, F. et al.",2017,"Time lags in functional response to management regimes - evidence from a 26-year field experiment in wet meadows","Journal of Vegetation Science 28 (2017) 313–324","10.1111/jvs.12497","NA","Denicia Kassie","Konrad Adler","AgrarOffen","Feuchtwiesen, früher als gedüngte Wiesen/Weiden genutzt (Cynosurion cristati, Calthion palustris und Potentillion anserinae)","Waldfreie Niedermoore und Sümpfe, Grünland nasser bis feuchter Standorte","Deutschland","Nordrhein-Westfalen","Naturschutzgebiete im Münsterland","7,68E+28","5,20E+28","NA","ENS","Zeit","Pflanzen","Farn- und Blütenpflanzen","Farn- und Blütenpflanzen","Antwortvariable",1987,2013,26,15,"Experiment","no","Andere","andere Naturschutzgebiete im Münsterland","NA","NA","NA","Literatur","D","NA","NA","NA"
148,"DUR7PBEY","NA","Nicolai",2009,"Artenschutz beim Rotmilan: zur aktuellen Situation in seinem Welt-Verbreitungszentrum Deutschland/Sachsen-Anhalt (Grundlagen, Probleme, Aussichten)","Naturschutz und Landschaftsplanung","NA","NA","Maria Sporbert","Maria Sporbert","AgrarOffen","Felder, Wiesen und Felgehölze","Felder, Wiesen und Felgehölze","Deutschland","Sachsen-Anhalt","Fokus Nordharzvorland","1,06E+28","5,20E+20",10,"Abundanz","Zeit","Wirbeltiere","Vögel","Vögel","1.0",1970,2000,30,9,"Beobachtung","no","NA","NA","NA","NA","NA","Literatur","D","NA","NA","NA"
401,"E647W83W","Sys","Jansen et al.",2020,"Moderately common plants show highest relative losses","Conservation Letters","10.1111/conl.12674","NA","Maria Sporbert","Maria Sporbert","AgrarOffen","Offenland","NA","Deutschland","Mecklenburg-Vorpommern","NA","1,25E+26","5,38E+28",100,"Abundanz","Zeit","Pflanzen","Pflanzen","Pflanzen",">20",1980,2000,20,2,"Beobachtung","negative","NA","NA","NA","NA","NA","Literatur","D","NA","NA","NA"
559,"E9UTINDD","Sys","Fumy, F. et al.",2021,"Climate and land-use change drive habitat loss in a mountain bird species","Ibis (2021), 163, 1189–1206","10.1111/ibi.12954","NA","Konrad Adler","Konrad Adler","AgrarOffen","heterogenes Studiengebiet: extensiv bewirtschaftete naturnahe Weiden, montane Nadelwälder, Moore","NA","Deutschland","Baden-Württemberg","verschiedene Subareas der submontanen, montanen und subalpinen Zonen des Südschwarzwaldes (Studie enthält Karte)","8,05E+28","4,78E+18",20,"Abundanz","Zeit","Wirbeltiere","Vögel","Vögel","1.0",1987,2017,30,2,"Beobachtung","negative","NA","NA","NA","NA","Angabe zum Boden: nutrient-poor soils on acidic bedrock","Literatur","D","NA","NA","NA"
10279,"EAM5TFRB","Sys","Hallmann, C. et al.",2021,"Insect biomass decline scaled to species diversity: General patterns derived from a hoverfly community","Proceedings of the National Academy of Sciences Vol. 118 No.2","10.1073/pnas.2002554117","NA","Amibeth Thompson","Konrad Adler","AgrarOffen","Feuchtwiesen und Hochstaudenfluren in der Nähe von Strauchflächen, Waldrändern und Flüssen","Waldfreie Niedermoore und Sümpfe, Grünland nasser bis feuchter Standorte, Wald- und Ufersäume, Staudenfluren","Deutschland","Nordrhein-Westfalen","Wahnbachtal","7.32","5,19E+30","NA","Artenzahl","Zeit","Wirbellose","Arthropoden","Arthropoden","Antwortvariable",1989,2014,25,2,"Beobachtung","negative","NA","NA","NA","NA","NA","Literatur","D","NA","NA","NA"
10280,"EAM5TFRB","Sys","Hallmann, C. et al.",2021,"Insect biomass decline scaled to species diversity: General patterns derived from a hoverfly community","Proceedings of the National Academy of Sciences Vol. 118 No.2","10.1073/pnas.2002554117","NA","Amibeth Thompson","Konrad Adler","AgrarOffen","Feuchtwiesen und Hochstaudenfluren in der Nähe von Strauchflächen, Waldrändern und Flüssen","Waldfreie Niedermoore und Sümpfe, Grünland nasser bis feuchter Standorte, Wald- und Ufersäume, Staudenfluren","Deutschland","Nordrhein-Westfalen","Wahnbachtal","7.32","5,19E+30","NA","Abundanz","Zeit","Wirbellose","Arthropoden","Arthropoden",">20",1989,2014,25,2,"Beobachtung","negative","NA","NA","NA","NA","NA","Literatur","D","NA","NA","NA"
10281,"EAM5TFRB","Sys","Hallmann, C. et al.",2021,"Insect biomass decline scaled to species diversity: General patterns derived from a hoverfly community","Proceedings of the National Academy of Sciences Vol. 118 No.2","10.1073/pnas.2002554117","NA","Amibeth Thompson","Konrad Adler","AgrarOffen","Feuchtwiesen und Hochstaudenfluren in der Nähe von Strauchflächen, Waldrändern und Flüssen","Waldfreie Niedermoore und Sümpfe, Grünland nasser bis feuchter Standorte, Wald- und Ufersäume, Staudenfluren","Deutschland","Nordrhein-Westfalen","Wahnbachtal","7.32","5,19E+30","NA","Abundanz","Zeit","Wirbellose","Arthropoden","Arthropoden",">20",1989,2014,25,2,"Beobachtung","negative","NA","NA","NA","NA","NA","Literatur","D","NA","NA","NA"
239,"EDADDHV3","NA","Karste",2003,"Die Wiederbesiedelung vegetationsfreier Flächen im Brockengebiet im Nationalpark Hochharz","Hercynia","NA","NA","Emilia Schlotfeldt","Emilia Schlotfeldt","AgrarOffen","vegetationsfreie Flächen im Brockengebiet","NA","Deutschland","Sachsen-Anhalt","Nationalpark ""Hochharz""","1,06E+28","5,18E+20",20,"Abundanz","Zeit","Pflanzen","Pflanzen","Pflanzen",">20",1992,2002,10,4,"Beobachtung","no","Nationalpark_Harz","NA","NA","NA","NA","Literatur","D","NA","NA","NA"
10439,"EM9KUWLJ","Sys","Thorn, S. et al.",2022,"Temperature preferences drive additive biotic homogenization of Orthoptera assemblages","Biol. Lett. 18: 20220055","10.1098/rsbl.2022.0055","NA","Denicia Kassie","Konrad Adler","AgrarOffen","Grünland verschiedener Typen","Trockenrasen sowie Grünland trockener bis frischer Standorte, Waldfreie Niedermoore und Sümpfe, Grünland nasser bis feuchter Standorte","Deutschland","Bayern","Hassberge in Nordbayern","1,05E+28","5,00E+28","NA","Artenzahl","Zeit","Wirbellose","Arthropoden","Arthropoden","Antwortvariable",1988,2019,31,3,"Beobachtung","positive","NA","NA","NA","NA","NA","Literatur","D","NA","NA","NA"
46,"EMJGFNR5","NA","Hötker",2014,"Diversitätsverluste in der Brutvogelwelt des Acker- und Grünlands","Natur und Landschaft","NA","NA","Maria Sporbert","Maria Sporbert, Leana Meder","AgrarOffen","Norddeutschland: Feuchgrünland, Mesophilesgrünland, Acker","Feuchtgrünland, Mesophiles Ggrünland, Acker","Deutschland","NA","NA","10279.0","51415.0",700,"Abundanz","Zeit","Wirbeltiere","Vögel","Vögel","25.0",1946,2007,61,2,"Beobachtung","negative","NA","NA","Schutz von Bodenbrütern","NA","NA","Literatur","D","NA","NA","NA"
47,"EMJGFNR5","NA","Hötker",2014,"Diversitätsverluste in der Brutvogelwelt des Acker- und Grünlands","Natur und Landschaft","NA","NA","Maria Sporbert","Maria Sporbert, Leana Meder","AgrarOffen","Norddeutschland: Feuchgrünland, Mesophilesgrünland, Acker","Feuchtgrünland, Mesophiles Ggrünland, Acker","Deutschland","NA","NA","10279.0","51415.0",700,"Abundanz","Zeit","Wirbeltiere","Vögel","Vögel","1.0",1974,2010,36,30,"Beobachtung","negative","NA","NA","Schutz von Bodenbrütern","NA","NA","Literatur","D","NA","NA","NA"
242,"EQHXYBBK","NA","Hachmöller",2003,"Vegetationsentwicklung von Bergwiesen-Regenerationsflächen am Geisingberg im Osterzgebirge – Bewertung mit Hilfe vegetationskundlicher Dauerbeobachtungsflächen","Hercynia","NA","NA","Emilia Schlotfeldt","Emilia Schlotfeldt","AgrarOffen","Bergwiesen","Bergwiesen","Deutschland","Sachsen","Osterzgebirge, NSG Geisingberg","1,38E+28","5,08E+20",5,"Artenzahl","Zeit","Pflanzen","Moose","Moose","Antwortvariable",1993,2001,8,6,"Beobachtung","no","Andere","NSG Geisingberg","NA","NA","NA","Literatur","D","NA","NA","NA"
241,"EQHXYBBK","NA","Hachmöller",2003,"Vegetationsentwicklung von Bergwiesen-Regenerationsflächen am Geisingberg im Osterzgebirge – Bewertung mit Hilfe vegetationskundlicher Dauerbeobachtungsflächen","Hercynia","NA","NA","Emilia Schlotfeldt","Emilia Schlotfeldt","AgrarOffen","Bergwiesen","Bergwiesen","Deutschland","Sachsen","Osterzgebirge, NSG Geisingberg","1,38E+28","5,08E+20",5,"Artenzahl","Zeit","Pflanzen","Pflanzen","Pflanzen","Antwortvariable",1993,2001,8,6,"Beobachtung","positive","Andere","NSG Geisingberg","NA","NA","NA","Literatur","D","NA","NA","NA"
240,"EQHXYBBK","NA","Hachmöller",2003,"Vegetationsentwicklung von Bergwiesen-Regenerationsflächen am Geisingberg im Osterzgebirge – Bewertung mit Hilfe vegetationskundlicher Dauerbeobachtungsflächen","Hercynia","NA","NA","Emilia Schlotfeldt","Emilia Schlotfeldt","AgrarOffen","Bergwiesen","Bergwiesen","Deutschland","Sachsen","Osterzgebirge, NSG Geisingberg","1,38E+28","5,08E+20",5,"Abundanz","Zeit","Pflanzen","Pflanzen","Pflanzen",">20",1993,2001,8,6,"Beobachtung","positive","Andere","NSG Geisingberg","NA","NA","NA","Literatur","D","NA","NA","NA"
10527,"EZAHJMIL","NA","Ahrens B.",1994,"Die Mücken- und Fliegenfamilienam ehemaligen Steinbruch Eskesberg","Jahresberichte des Naturwissenschaftlichen Vereins in Wuppertal 47. Heft, Seite 139-141","NA","NA","Maria Sporbert","Anneka","AgrarOffen","NA","Felsen, Block- und Schutthalden, Geröllfelder, offene Bereiche mit sandigem oder bindigem Substrat","Deutschland","Nordrhein-Westfalen","Eskesberg, Wuppertal",7106049,51260008,5,"Artenzahl","NA","Wirbellose","Arthropoden","Arthropoden","Antwortvariable",1989,1993,4,5,"NA","no","NA","NA","NA","NA","NA","Literatur","D","NA","NA","NA"
72,"F28EMC96","NA","Müller",1990,"Die Entwicklung eines verpflanzten Kalkmagerrasens: Erste Ergebnisse von Dauerflaechenbeobachtungen in einer Lechfeldhaide","Natur und Landschaft","NA","NA","Maria Sporbert","Maria Sporbert, Leana Meder","AgrarOffen","Kalkmagerrasen","Kalkmagerrasen","Deutschland","Bayern","südl. Augsburg","1,09E+28","4,83E+20",5,"Abundanz","Zeit","Pflanzen","Pflanzen","Pflanzen","18.0",1982,1988,6,7,"Experiment","no","NA","NA","NA","NA","Versuch zur Verpflanzung eines Kalkmagerrasens, 1) Sodenverpflanzung, 2) Sodenschüttung","Literatur","D","NA","NA","NA"
289,"F582S9H8","Sys","Tschöpe, O., et al.",2011,"Managing open habitats by wild ungulate browsing and grazing: A case-study in North-Eastern Germany","Applied Vegetation Science 14 (2011) 200-209","10.1111/j.1654-109X.2010.01119.x","NA","Ludwig/Jana","Ludwig Lettenmaier","AgrarOffen","Grasland, Ruderalvegetation, Vorwald (Pioneer forest)","NA","Deutschland","Brandenburg","Wildgehege Glauer Tal","1,32E+28","52225.0","NA","Abundanz","Abgegrast vs nicht abgegrast (grazed vs ungrazed) (Huftiere)","Pflanzen","Pflanzen","Pflanzen",">20",2001,2003,2,3,"Experiment","positive","NA","NA","NA","NA","From 2001 to 2003 a total of 132 vascular plant speciesand 12 moss and 12 lichen species were recorded.","Literatur","D","NA","NA","NA"
10334,"FGUH4D94","Sys","Stadler, J. et al.",2007,"Spontaneous regeneration of dry grasslands on set-aside fields","Biodiversity and Conservation (2007) 16:621–630","10.1007/s10531-005-0604-z","NA","Denicia Kassie","Konrad Adler","AgrarOffen","stillgelegt ehemalige Getreidefelder","Äcker und Ackerbrachen","Deutschland","Sachsen-Anhalt","nahe Halle (Saale)","11833.0","5,16E+30","NA","Abundanz","Zeit","Pflanzen","Farn- und Blütenpflanzen","Farn- und Blütenpflanzen","4.0",1992,2001,9,9,"Beobachtung","negative","Andere","Schutzgebiet nahe Halle (keine Details im Text)","Brachlegen der Flächen 1992","NA","Angabe zum Boden:On rhyolithic bedrocks one finds rankers whereas brown soils and tschernosemic soils occur in the valleys between hills. This mosaic leads to a considerable variation of soil properties.","Literatur","D","NA","NA","NA"
10335,"FGUH4D94","Sys","Stadler, J. et al.",2007,"Spontaneous regeneration of dry grasslands on set-aside fields","Biodiversity and Conservation (2007) 16:621–630","10.1007/s10531-005-0604-z","NA","Denicia Kassie","Konrad Adler","AgrarOffen","stillgelegt ehemalige Getreidefelder","Äcker und Ackerbrachen","Deutschland","Sachsen-Anhalt","nahe Halle (Saale)","11833.0","5,16E+30","NA","Abundanz","Zeit","Pflanzen","Farn- und Blütenpflanzen","Farn- und Blütenpflanzen","4.0",1992,2001,9,9,"Beobachtung","positive","Andere","Schutzgebiet nahe Halle (keine Details im Text)","Brachlegen der Flächen 1992","NA","Angabe zum Boden:On rhyolithic bedrocks one finds rankers whereas brown soils and tschernosemic soils occur in the valleys between hills. This mosaic leads to a considerable variation of soil properties.","Literatur","D","NA","NA","NA"
10333,"FGUH4D94","Sys","Stadler, J. et al.",2007,"Spontaneous regeneration of dry grasslands on set-aside fields","Biodiversity and Conservation (2007) 16:621–630","10.1007/s10531-005-0604-z","NA","Denicia Kassie","Konrad Adler","AgrarOffen","stillgelegt ehemalige Getreidefelder","Äcker und Ackerbrachen","Deutschland","Sachsen-Anhalt","nahe Halle (Saale)","11833.0","5,16E+30","NA","Artenzahl","Zeit","Pflanzen","Farn- und Blütenpflanzen","Farn- und Blütenpflanzen","Antwortvariable",1992,2001,9,9,"Beobachtung","positive to negative","Andere","Schutzgebiet nahe Halle (keine Details im Text)","Brachlegen der Flächen 1992","NA","Angabe zum Boden:On rhyolithic bedrocks one finds rankers whereas brown soils and tschernosemic soils occur in the valleys between hills. This mosaic leads to a considerable variation of soil properties.","Literatur","D","NA","NA","NA"
10441,"FS4XC56S","non_Sys","Irmler, U.",2007,"Long-term fluctuations of ground beetles in a wood-agrarian landscape of northern Germany (Coleoptera : Carabidae)","Entomologia Generalis 30(1): 013-031","nicht vorhanden","NA","Denicia Kassie","Konrad Adler","AgrarOffen","ein Buchenwald, eine Ackerfläche, ein Erlenwald","Äcker und Ackerbrachen, Laub(Misch)Wälder und -Forste (Laubbaumanteil über 50 Prozent)","Deutschland","Schleswig-Holstein","Bornhöved südlich von Kiel","1,02E+16","5,41E+16","NA","Artenzahl","Zeit","Wirbellose","Arthropoden","Arthropoden","Antwortvariable",1988,1996,8,9,"Beobachtung","no","NA","NA","NA","NA","Angabe zum Boden: acidic Dystric Cambisols, Eutri-libric Histosol","Literatur","D","NA","NA","NA"
10324,"G4P32JKB","Sys","Schwerk, A. et al.",2006,"Variability of Carabidae in time and space in open areas","Entomologica Fennica Vol.17: 258-268","10.33338/ef.84341","NA","Amibeth Thompson","Konrad Adler","AgrarOffen","verschiedene Sukzessionsvegetationen des ehemaligen Zechengeländes","Anthropogene Rohbodenstandorte und Ruderalfluren","Deutschland, Polen","Nordrhein-Westfalen","Zeche Waltrop (Deutschland)","7,42E+30","51.62","NA","Abundanz","Zeit","Wirbellose","Arthropoden","Arthropoden","Antwortvariable",1991,2000,9,6,"Beobachtung","negative","NA","NA","NA","NA","NA","Literatur","D","NA","NA","NA"
10323,"G4P32JKB","Sys","Schwerk, A. et al.",2006,"Variability of Carabidae in time and space in open areas","Entomologica Fennica Vol.17: 258-268","10.33338/ef.84341","NA","Amibeth Thompson","Konrad Adler","AgrarOffen","verschiedene Sukzessionsvegetationen des ehemaligen Zechengeländes","Anthropogene Rohbodenstandorte und Ruderalfluren","Deutschland, Polen","Nordrhein-Westfalen","Zeche Waltrop (Deutschland)","7,42E+30","51.62","NA","Artenzahl","Zeit","Wirbellose","Arthropoden","Arthropoden","Antwortvariable",1991,2000,9,6,"Beobachtung","no","NA","NA","NA","NA","NA","Literatur","D","NA","NA","NA"
10275,"UDGFY5NG","non_Sys","Gerhards, R. et al.",2013,"Decrease of weed species diversity in Baden-Wuerttembergia – a comparison of vegetation surveys in 1948/49, 1975–1978 and 2011 in the area of Mehrstetten – recommendations for agriculture and nature conservation","Gesunde Pflanzen (2013) 65:151–160","10.1007/s10343-013-0306-5","NA","Denicia Kassie","Konrad Adler","AgrarOffen","NA","NA","Deutschland","Baden-Württemberg","Felder der Gemarkung Mehrstetten (Landkreis Reutlingen)","9,56E+19","48375.0","NA","Artenzahl","Zeit","Pflanzen","Farn- und Blütenpflanzen","Farn- und Blütenpflanzen","Antwortvariable",1948,2011,63,3,"Beobachtung","negative","NA","NA","NA","NA","NA","Literatur","D","NA","NA","NA"
140,"GF34WE4K","NA","Walter",2011,"Mehrjährige Zielartenkartierung in einem Flurneuordnungsverfahren: Entwicklung und Erfolgskontrolle eines Maßnahmenkonzeptes für den Arten- und Biotopschutz","Naturschutz und Landschaftsplanung","NA","NA","Maria Sporbert","Maria Sporbert","AgrarOffen","Feuchtgrünland, Nasswiesen","Feuchtgrünland, Nasswiesen","Deutschland","Baden-Württemberg","Rosenberg-Hummelsweiler","1,00E+28","4,90E+20",2,"Abundanz","Zeit","Wirbellose","Arthropoden","Arthropoden","1.0",2003,2009,6,3,"Beobachtung","positive","NA","NA","Flurneuordnung, versch. Mahdregime","NA","NA","Literatur","D","NA","NA","NA"
139,"GF34WE4K","NA","Walter",2011,"Mehrjährige Zielartenkartierung in einem Flurneuordnungsverfahren: Entwicklung und Erfolgskontrolle eines Maßnahmenkonzeptes für den Arten- und Biotopschutz","Naturschutz und Landschaftsplanung","NA","NA","Maria Sporbert","Maria Sporbert","AgrarOffen","Feuchtgrünland, Nasswiesen","Feuchtgrünland, Nasswiesen","Deutschland","Baden-Württemberg","Rosenberg-Hummelsweiler","1,00E+28","4,90E+20",2,"Abundanz","Zeit","Wirbellose","Arthropoden","Arthropoden","1.0",2001,2007,6,6,"Beobachtung","positive","NA","NA","Flurneuordnung, versch. Mahdregime","NA","NA","Literatur","D","NA","NA","NA"
142,"GF34WE4K","NA","Walter",2011,"Mehrjährige Zielartenkartierung in einem Flurneuordnungsverfahren: Entwicklung und Erfolgskontrolle eines Maßnahmenkonzeptes für den Arten- und Biotopschutz","Naturschutz und Landschaftsplanung","NA","NA","Maria Sporbert","Maria Sporbert","AgrarOffen","Feuchtgrünland, Nasswiesen","Feuchtgrünland, Nasswiesen","Deutschland","Baden-Württemberg","Rosenberg-Hummelsweiler","1,00E+28","4,90E+20",2,"Abundanz","Zeit","Pflanzen","Pflanzen","Pflanzen","2.0",2003,2009,6,3,"Beobachtung","positive","NA","NA","Flurneuordnung, versch. Mahdregime","NA","NA","Literatur","D","NA","NA","NA"
141,"GF34WE4K","NA","Walter",2011,"Mehrjährige Zielartenkartierung in einem Flurneuordnungsverfahren: Entwicklung und Erfolgskontrolle eines Maßnahmenkonzeptes für den Arten- und Biotopschutz","Naturschutz und Landschaftsplanung","NA","NA","Maria Sporbert","Maria Sporbert","AgrarOffen","Feuchtgrünland, Nasswiesen","Feuchtgrünland, Nasswiesen","Deutschland","Baden-Württemberg","Rosenberg-Hummelsweiler","1,00E+28","4,90E+20",2,"Abundanz","Zeit","Pflanzen","Pflanzen","Pflanzen","1.0",2003,2009,6,3,"Beobachtung","positive","NA","NA","Flurneuordnung, versch. Mahdregime","NA","NA","Literatur","D","NA","NA","NA"
138,"GF34WE4K","NA","Walter",2011,"Mehrjährige Zielartenkartierung in einem Flurneuordnungsverfahren: Entwicklung und Erfolgskontrolle eines Maßnahmenkonzeptes für den Arten- und Biotopschutz","Naturschutz und Landschaftsplanung","NA","NA","Maria Sporbert","Maria Sporbert","AgrarOffen","Feuchtgrünland, Nasswiesen","Feuchtgrünland, Nasswiesen","Deutschland","Baden-Württemberg","Rosenberg-Hummelsweiler","1,00E+28","4,90E+20",2,"Abundanz","Zeit","Wirbellose","Arthropoden","Arthropoden","1.0",2001,2007,6,7,"Beobachtung","positive","NA","NA","Flurneuordnung, versch. Mahdregime","NA","NA","Literatur","D","NA","NA","NA"
479,"GJFXSS2U","non_Sys","Müller, J. et al.",1992,"Vegetationsveränderungen und Ökologie nordwestdeutscher Feuchtgrünlandbrachen","Tuexenia 12:223-244","https://www.tuexenia.de/publications/tuexenia/Tuexenia_1992_NS_012_0223-0244.pdf","NA","Maria Sporbert","Maria Sporbert","AgrarOffen","Grünland, artenreicher Feuchtwiesen zu artenarme Hochstaudenfluren","NA","Deutschland","Niedersachsen","Aueniederung des mittleren Ostetals bei Godenstedt (MTB 2621)","9,23E+28","5,33E+20",5,"Artenzahl","Zeit","Pflanzen","Pflanzen","Pflanzen","Antwortvariable",1952,1987,35,2,"Beobachtung","negative","NA","NA","2 x Mahd hat positiven Einfluss auf Artenvielfalt","NA","NA","Literatur","D","NA","NA","NA"
134,"GLAY945T","NA","Tesch",1999,"Grünland-Extensivierung im Moorgürtel der Hamburger Elbmarsch: Vegetationskundliche Begleituntersuchungen von 1988 bis 1998","Naturschutz und Landschaftsplanung","NA","NA","Maria Sporbert","Maria Sporbert","AgrarOffen","Feuchtwiesen","Feuchtgrünland","Deutschland","Hamburg","südlich Hamburg, bei Neugraben, Geestrandmoore zw. Altländer Marschbereich und Geest","9,83E+28","5,35E+18",5,"Artenzahl","Zeit","Pflanzen","Pflanzen","Pflanzen",">20",1989,1998,9,5,"Experiment","no","NA","NA","NA","NA","Feuchtgrünland-Schutzprogramm Hamburg","Literatur","D","NA","NA","NA"
888,"GSLW6Z8Y","NA","Runge, Fritz",1992,"Vegetationsänderungen nach Auflassung eines Ackers III","Natur und Heimat","NA","NA","Maria Sporbert","Antonio Kind","AgrarOffen","NA","Äcker und Ackerbrachen","Deutschland","Nordrhein-Westfalen","Hopsten im Kreis Steinfurt","7,60E+28","5,24E+20",20,"Artenzahl","Zeit","Pflanzen","Pflanzen","Pflanzen","16.0",1979,1991,12,7,"Beobachtung","negative","Andere","Naturschutzgebiet Heiliges Meer","NA","NA","eindeutige Treiber für Abnahme der Biodiversität laut Autor nicht ermittelbar","Literatur","D","NA","NA","NA"
106,"GUZQSANY","NA","Täuber",1998,"Entwicklung von Flora und Vegetation des ehemaligen Panzeruebungsgelaendes im Naturschutzgebiet Lueneburger Heide - eine erste kritische Bilanz nach 5 Jahren","Natur und Landschaft","NA","NA","Maria Sporbert","Maria Sporbert, Leana Meder","AgrarOffen","Heide","Heide","Deutschland","Niedersachsen","NSG Lüneburger Heide","9,92E+28","5,32E+20",50,"Abundanz","Zeit","Pflanzen","Pflanzen","Pflanzen",">20",1992,1997,5,2,"Beobachtung","no","NA","NA","Tab. 3: Übersicht Maßnahmenkatalog","NA","NA","Literatur","D","NA","NA","NA"
295,"GXT5UFQL","Sys","Engst, K, Baasch, A, Erfmeier, A, Jandt, U, May, K, Schmiede, R, Bruelheide, H",2016,"Functional community ecology meets restoration ecology: Assessing the restoration success of alluvial floodplain meadows with functional traits","JOURNAL OF APPLIED ECOLOGY","https://doi.org/10.1111/1365-2664.12623","NA","Denicia Kassie","Denicia Kassie","AgrarOffen","grassland","alluvial floodplain meadows","Deutschland","Sachsen-Anhalt","NA","1,17E+28","5,20E+28",100,"Artenzahl","Zeit und treatment","Pflanzen","Pflanzen","Pflanzen",">20",2010,2014,4,2,"Experiment","positive","NA","NA","a 5-year restoration experiment, four different methods of assisted recolonization through species introduction: hay transfer and application of threshing material from a localprovenance, combined with and without addition of regional seed mixtures of tar","NA","NA","Literatur","D","NA","NA","NA"
296,"GXT5UFQL","Sys","Engst, K, Baasch, A, Erfmeier, A, Jandt, U, May, K, Schmiede, R, Bruelheide, H",2016,"Functional community ecology meets restoration ecology: Assessing the restoration success of alluvial floodplain meadows with functional traits","JOURNAL OF APPLIED ECOLOGY","https://doi.org/10.1111/1365-2664.12623","NA","Denicia Kassie","Denicia Kassie","AgrarOffen","grassland","alluvial floodplain meadows","Deutschland","Sachsen-Anhalt","NA","1,17E+28","5,20E+28",100,"Abundanz","Zeit und treatment","Pflanzen","Pflanzen","Pflanzen",">20",2010,2014,4,2,"Experiment","positive","NA","NA","a 5-year restoration experiment, four different methods of assisted recolonization through species introduction: hay transfer and application of threshing material from a localprovenance, combined with and without addition of regional seed mixtures of tar","NA","NA","Literatur","D","NA","NA","NA"
231,"H3K82QGT","NA","Schmidt",2007,"Wie rasch kehrt die Vielfalt in artenarme Wiesenfuchsschwanz-Wiesen zurück? - Ergebnisse aus Dauerflächenuntersuchungen zur Extensivierung des Grünlandes1","Hercynia","NA","NA","Emilia Schlotfeldt","Emilia Schlotfeldt","AgrarOffen","Wiesenfuchsschwanz-Wiesen","NA","Deutschland","Niedersachsen","Waake","9,16E+28","5,28E+28",150,"Artenzahl","Zeit","Pflanzen","Pflanzen","Pflanzen","Antwortvariable",2001,2006,5,6,"Beobachtung","positive","NA","NA","Extensivierung","NA","NA","Literatur","D","NA","NA","NA"
233,"H3K82QGT","NA","Schmidt",2007,"Wie rasch kehrt die Vielfalt in artenarme Wiesenfuchsschwanz-Wiesen zurück? - Ergebnisse aus Dauerflächenuntersuchungen zur Extensivierung des Grünlandes1","Hercynia","NA","NA","Emilia Schlotfeldt","Emilia Schlotfeldt","AgrarOffen","Wiesenfuchsschwanz-Wiesen","NA","Deutschland","Niedersachsen","Waake","1,01E+28","5,16E+20",5,"ENS","Zeit","Pflanzen","Pflanzen","Pflanzen","NA",2001,2006,5,6,"Beobachtung","positive","NA","NA","Extensivierung","NA","NA","Literatur","D","NA","NA","NA"
232,"H3K82QGT","NA","Schmidt",2007,"Wie rasch kehrt die Vielfalt in artenarme Wiesenfuchsschwanz-Wiesen zurück? - Ergebnisse aus Dauerflächenuntersuchungen zur Extensivierung des Grünlandes1","Hercynia","NA","NA","Emilia Schlotfeldt","Emilia Schlotfeldt","AgrarOffen","Wiesenfuchsschwanz-Wiesen","NA","Deutschland","Niedersachsen","Waake","1,01E+28","5,16E+20",5,"ENS","Zeit","Pflanzen","Pflanzen","Pflanzen","NA",2001,2006,5,6,"Beobachtung","positive","NA","NA","Extensivierung","NA","NA","Literatur","D","NA","NA","NA"
10526,"H4QVLNBD","NA","Tara K.",1994,"Die Heuschreckenfauna des Eskesberges","Jahresberichte des Naturwissenschaftlichen Vereins in Wuppertal 47. Heft, Seite 126-129","NA","NA","Maria Sporbert","Anneka","AgrarOffen","NA","Felsen, Block- und Schutthalden, Geröllfelder, offene Bereiche mit sandigem oder bindigem Substrat","Deutschland","Nordrhein-Westfalen","Eskesberg, Wuppertal",7106049,51260008,5,"Abundanz","NA","Wirbellose","Arthropoden","Arthropoden","11.0",1989,1993,4,5,"NA","no","NA","NA","NA","NA","NA","Literatur","D","NA","NA","NA"
10329,"HFRQA4Z9","non_Sys","Severon, T. et al.",2012,"The impact of conventional and reduced tillage on the Enchytraeidae population in sandy soil and their correlation with plant residue and earthworms","Newsletter on Enchytraeidae No. 12","nicht vorhanden","NA","Denicia Kassie","Konrad Adler","AgrarOffen","Felder mit folgender Fruchtfolge: Winterweizen, Winterroggen, Raps, Winterroggen, Raps, Winterweizen, Mais, Erbsen","Äcker und Ackerbrachen","Deutschland","Brandenburg","Felder der Komturei Lietzen in Lietzen","14334.0","5,25E+30","NA","Abundanz","Zeit","Wirbellose","Andere_Wirbellose","Andere_Wirbellose","NA",1996,2006,10,11,"Experiment","no","NA","NA","NA","NA","Angabe zum Boden: The dominating soil type is Luvisol","Literatur","D","NA","NA","NA"
10328,"HFRQA4Z9","non_Sys","Severon, T. et al.",2012,"The impact of conventional and reduced tillage on the Enchytraeidae population in sandy soil and their correlation with plant residue and earthworms","Newsletter on Enchytraeidae No. 12","nicht vorhanden","NA","Denicia Kassie","Konrad Adler","AgrarOffen","Felder mit folgender Fruchtfolge: Winterweizen, Winterroggen, Raps, Winterroggen, Raps, Winterweizen, Mais, Erbsen","Äcker und Ackerbrachen","Deutschland","Brandenburg","Felder der Komturei Lietzen in Lietzen","14334.0","5,25E+30","NA","Abundanz","Zeit","Wirbellose","Andere_Wirbellose","Andere_Wirbellose","15+",1996,2006,10,11,"Experiment","no","NA","NA","NA","NA","Angabe zum Boden: The dominating soil type is Luvisol","Literatur","D","NA","NA","NA"
453,"HN9I7FM5","Sys","Habel, JC, Trusch, R, Schmitt, T, Ochse, M, Ulrich, W",2019,"Long-term large-scale decline in relative abundances of butterfly and burnet moth species across south-western Germany","nature","10.1038/s41598-019-51424-1","NA","Sarah Olberg","Johanna Henze","AgrarOffen","35,750 km2 Rheinland-Pfalz","Grün- und Freiflächen","Deutschland","Rheinland-Pfalz","Süd-westdeutschland","7,45E+26","4,99E+28",100,"Abundanz","Zeit","Wirbellose","Arthropoden","Arthropoden",">20",1950,2019,69,3,"Beobachtung","negative","NA","NA","NA","NA","NA","Literatur","D","NA","NA","NA"
64,"HSJ2ETIT","NA","Krause",2014,"Diversitätsverluste und floristischer Wandel im Grünland seit 1950","Natur und Landschaft","NA","NA","Maria Sporbert","Maria Sporbert, Leana Meder","AgrarOffen","Feuchtgrünland","Feuchtgrünland","Deutschland","Niedersachsen, Schleswig-Holstein, Sachsen-Anhalt","NA","10887.0","52265.0",250,"Abundanz","Zeit","Pflanzen","Pflanzen","Pflanzen",">20",1950,2008,58,2,"Beobachtung","negative","NA","NA","NA","NA","NA","Literatur","D","NA","NA","NA"
10260,"HSVNL4YX","Sys","Böhning-Gaese, K. et al.",1996,"Changes in species abundance, distribution, and diversity in a central European bird community","Conservation Biology Vol.10, No.1","10.1046/j.1523-1739.1996.10010175.x","NA","Denicia Kassie","Konrad Adler","AgrarOffen","verschiedene Lebensräume (Wälder, Grasland, Ackerflächen …)","NA","Deutschland, Schweiz, Österreich","NA","Bodensee","9,40E+26","4,76E+28","NA","Abundanz","Zeit","Wirbeltiere","Vögel","Vögel",">20",1980,1992,12,2,"Beobachtung","negative","NA","NA","NA","NA","NA","Literatur","D","NA","NA","NA"
10446,"HWIBTSCE","Sys","Busch, M. et al.",2020,"Drivers of population change in common farmland birds in Germany","Bird Conservation International, 30(3), 335-354.","10.1017/S0959270919000480","NA","Amibeth Thompson","Konrad Adler","AgrarOffen","Ackerland","Äcker und Ackerbrachen, Trockenrasen sowie Grünland trockener bis frischer Standorte","Deutschland","NA","NA","1,15E+28","4,85E+28","NA","Abundanz","Zeit","Wirbeltiere","Vögel","Vögel","17.0",1991,2013,22,23,"Beobachtung","negative","NA","NA","NA","NA","NA","Literatur","D","NA","NA","NA"
10308,"I6SPA7SB","Sys","Pavlů, V. et al.",2011,"Cutting frequency vs. N application: Effect of a 20-year management in Lolio-Cynosuretum grassland","Grass and Forage Science, 66, 501–515","10.1111/j.1365-2494.2011.00807.x","NA","Amibeth Thompson","Konrad Adler","AgrarOffen","hoch ertragreiches, gemähtes Weideland (Lolio-Cynosuretum)","Waldfreie Niedermoore und Sümpfe, Grünland nasser bis feuchter Standorte","Deutschland","Rheinland-Pfalz","""Rengen Grassland Research Station"" der Universität Bonn in Rengen","6.85","5,02E+20","NA","Abundanz","Zeit","Pflanzen","Farn- und Blütenpflanzen","Farn- und Blütenpflanzen","6.0",1987,2007,20,7,"Experiment","no","NA","NA","1987 Einführung verschiedener Maht- und Düngregimes","NA","Angabe zum Boden: pseudogley","Literatur","D","NA","NA","NA"
475,"IW5TW36J","non_Sys","Meier, T. et al.",2021,"Floristic changes of xerothermic grasslands in Central Germany: A resurvey study based on quasi-permanent plots","Tuexenia 41: 203–226","10.14471/2021.41.009","NA","Maria Sporbert","Maria Sporbert","AgrarOffen","Xerothermrasen","NA","Deutschland","Sachsen-Anhalt, Thüringen","Saaletal northwest of Halle (Saale) and Kyffhäuser","1,19E+28","5,15E+20",10,"Artenzahl","Zeit","Pflanzen","Pflanzen","Pflanzen","Antwortvariable",1995,2018,23,2,"Beobachtung","no","NA","NA","NA","NA","NA","Literatur","D","NA","NA","NA"
476,"IW5TW36J","non_Sys","Meier, T. et al.",2021,"Floristic changes of xerothermic grasslands in Central Germany: A resurvey study based on quasi-permanent plots","Tuexenia 41: 203–226","10.14471/2021.41.009","NA","Maria Sporbert","Maria Sporbert","AgrarOffen","Xerothermrasen","NA","Deutschland","Sachsen-Anhalt, Thüringen","Saaletal northwest of Halle (Saale) and Kyffhäuser","1,19E+28","5,15E+20",10,"Abundanz","Zeit","Pflanzen","Pflanzen","Pflanzen",">20",1995,2018,23,2,"Beobachtung","positive","NA","NA","NA","NA","NA","Literatur","D","NA","NA","NA"
28,"JCJWDNUR","NA","Ellwanger",2014,"Der nationale Bericht 2013 zu Lebensraumtypen und Arten der FFH-Richtlinie. Ein Überblick über die Ergebnisse","Natur und Landschaft","NA","NA","Maria Sporbert","Maria Sporbert, Leana Meder","AgrarOffen","NA","atlantisch, kontinental, alpin","Deutschland","NA","alpin, atlantisch, kontinental","10279.0","51415.0",700,"Abundanz","Zeit","Wirbeltiere","Säuger","Säuger","6.0",2007,2013,6,2,"Beobachtung","no","NA","NA","NA","NA","NA","Literatur","D","NA","NA","NA"
30,"JCJWDNUR","NA","Ellwanger",2014,"Der nationale Bericht 2013 zu Lebensraumtypen und Arten der FFH-Richtlinie. Ein Überblick über die Ergebnisse","Natur und Landschaft","NA","NA","Maria Sporbert","Maria Sporbert, Leana Meder","AgrarOffen","NA","atlantisch, kontinental, alpin","Deutschland","NA","alpin, atlantisch, kontinental","10279.0","51415.0",700,"Abundanz","Zeit","Wirbellose","Arthropoden","Arthropoden","3.0",2007,2013,6,2,"Beobachtung","negative","NA","NA","NA","NA","NA","Literatur","D","NA","NA","NA"
26,"JCJWDNUR","NA","Ellwanger",2014,"Der nationale Bericht 2013 zu Lebensraumtypen und Arten der FFH-Richtlinie. Ein Überblick über die Ergebnisse","Natur und Landschaft","NA","NA","Maria Sporbert","Maria Sporbert, Leana Meder","AgrarOffen","NA","atlantisch, kontinental, alpin","Deutschland","NA","alpin, atlantisch, kontinental","10279.0","51415.0",700,"Abundanz","Zeit","Wirbeltiere","Reptilien","Reptilien","3.0",2007,2013,6,2,"Beobachtung","positive","NA","NA","NA","NA","NA","Literatur","D","NA","NA","NA"
31,"JCJWDNUR","NA","Ellwanger",2014,"Der nationale Bericht 2013 zu Lebensraumtypen und Arten der FFH-Richtlinie. Ein Überblick über die Ergebnisse","Natur und Landschaft","NA","NA","Maria Sporbert","Maria Sporbert, Leana Meder","AgrarOffen","NA","atlantisch, kontinental, alpin","Deutschland","NA","alpin, atlantisch, kontinental","10279.0","51415.0",700,"Abundanz","Zeit","Pflanzen","Pflanzen","Pflanzen","2.0",2007,2013,6,2,"Beobachtung","positive","NA","NA","NA","NA","NA","Literatur","D","NA","NA","NA"
276,"JF54B87I","NA","Gerlach et al.",2019,"Vögel in Deutschland - Übersichten zur Bestandssituation","BfN","NA","NA","KG Binnengewässer","Carolin Schaub","AgrarOffen","AgrarOffen","NA","Deutschland","NA","NA","10279.0","51415.0",700,"Abundanz","Zeit","Wirbeltiere","Vögel","Vögel",">20",1995,2016,21,5,"Beobachtung","negative","NA","NA","NA","NA","NA","Literatur","D","NA","NA","NA"
279,"JF54B87I","NA","Gerlach et al.",2019,"Vögel in Deutschland - Übersichten zur Bestandssituation","BfN","NA","NA","KG Binnengewässer","Carolin Schaub","AgrarOffen","AgrarOffen","NA","Deutschland","NA","NA","10279.0","51415.0",700,"Abundanz","Zeit","Wirbeltiere","Vögel","Vögel",">20",1992,2016,24,3,"Beobachtung","negative","NA","NA","NA","NA","NA","Literatur","D","NA","NA","NA"
275,"JF54B87I","NA","Gerlach et al.",2019,"Vögel in Deutschland - Übersichten zur Bestandssituation","BfN","NA","NA","KG Binnengewässer","Carolin Schaub","AgrarOffen","AgrarOffen","NA","Deutschland","NA","NA","10279.0","51415.0",700,"Artenzahl","Zeit","Wirbeltiere","Vögel","Vögel","Antwortvariable",1995,2016,21,5,"Beobachtung","positive","NA","NA","NA","NA","NA","Literatur","D","NA","NA","NA"
10362,"JGCE5IZA","Sys","Wörz, A. et al.",2015,"The temporal dynamics of a regional flora—The effects of global and local impacts","Flora 217, 99-108","10.1016/j.flora.2015.09.013","NA","Maria Sporbert","Daniel Petry","AgrarOffen","NA","NA","Deutschland","Baden-Württemberg","Gesamte Bundesland unterteilt in ~1100 Gitterzellen","NA","NA","NA","Artenzahl","NA","Pflanzen","Farn- und Blütenpflanzen","Farn- und Blütenpflanzen",">500",1970,2015,45,2,"Beobachtung","negative","NA","NA","NA","NA","NA","Literatur","D","NA","NA","NA"
10436,"JNPPFDEX","Sys","Löffler, F. et al.",2019,"Orthoptera community shifts in response to land-use and climate change – Lessons from a long-term study across different grassland habitats","Biological Conservation 236 (2019) 315–323","10.1016/j.biocon.2019.05.058","NA","Denicia Kassie","Konrad Adler","AgrarOffen","gut bewirtschaftete, nährstoffarmes Grünland","Trockenrasen sowie Grünland trockener bis frischer Standorte, Waldfreie Niedermoore und Sümpfe, Grünland nasser bis feuchter Standorte","Deutschland","Nordrhein-Westfalen","südlich von Bonn","6.67","5,04E+30","NA","Artenzahl","Zeit","Wirbellose","Arthropoden","Arthropoden","Antwortvariable",1994,2015,21,2,"Beobachtung","positive","NA","NA","NA","NA","NA","Literatur","D","NA","NA","NA"
10306,"JYU55VX8","non_Sys","Meyer, S. et al.",2013,"Veränderungen in der Segetalflora in den letzten Jahrzehnten und mögliche Konsequenzen für Agrarvögel","Julius-Kühn-Archiv 442","10.5073/jka.2013.442.005","NA","Denicia Kassie","Konrad Adler","AgrarOffen","Ackerflächen mit unterschiedlichen Pflanzengemeinschaften, Klima und Bodentypen","Äcker und Ackerbrachen","Deutschland","Niedersachsen, Sachsen-Anhalt, Brandenburg, Thüringen","Reese, Berkhof, Nedlitz, Luckau, Göttingen, Erzhausen, Halle/Saale, Hachelbich, Plaue, Saaletal","1,22E+26","5,14E+28","NA","Abundanz","Zeit","Pflanzen","Farn- und Blütenpflanzen","Farn- und Blütenpflanzen","15.0",1950,2009,59,2,"Beobachtung","negative","NA","NA","NA","NA","Angabe zum Boden: ""Four areas had lime-poor sandy soils, three lime-poor loamy soils, and three calcareous soils""","Literatur","D","NA","NA","NA"
193,"K6RN5P8S","NA","Litterski, Jörns, Wichtmann, Hampicke",2003,"Mehrjährige Flächenstilllegung als Bestandteil der Bodennutzungssysteme auf Grenzertragsstandorten Nordostdeutschlands","Archiv Naturschutz und Landschaftsforschung","NA","NA","Charlotta Wiechmann","Charlotta Wiechmann","AgrarOffen","Ackerflächen","Ackerflächen","Deutschland","Mecklenburg-Vorpommern","Müritz-Nationalpark nahe Waren, Flächen der Landhäfe Kargow-Waren GmbH","1,28E+28","5,35E+20",1,"Abundanz","Zeit","Pflanzen","Pflanzen","Pflanzen",">20",2000,2004,4,2,"Beobachtung","no","NA","NA","NA","NA","NA","Literatur","D","NA","NA","NA"
192,"K6RN5P8S","NA","Litterski, Jörns, Wichtmann, Hampicke",2003,"Mehrjährige Flächenstilllegung als Bestandteil der Bodennutzungssysteme auf Grenzertragsstandorten Nordostdeutschlands","Archiv Naturschutz und Landschaftsforschung","NA","NA","Charlotta Wiechmann","Charlotta Wiechmann","AgrarOffen","Ackerflächen","Ackerflächen","Deutschland","Mecklenburg-Vorpommern","Müritz-Nationalpark nahe Waren, Flächen der Landhäfe Kargow-Waren GmbH","1,28E+28","5,35E+20",1,"Artenzahl","Zeit","Pflanzen","Pflanzen","Pflanzen","Antwortvariable",2000,2004,4,2,"Beobachtung","positive","NA","NA","NA","NA","BMBF Projekt ""Erhaltung von offenen Ackerlandschaften auf ertragsschwachen Standorten durch Extensive Bodennutzung""","Literatur","D","NA","NA","NA"
174,"KAZKCZYK","non_Sys","Immoor, A. et al.",2017,"A re-visitation study (1948–2015) of wet grassland vegetation in the Stedinger Land near Bremen, North-western Germany","Tuexenia 37: 271–288","doi: 10.14471/2017.37.013","NA","Maria Sporbert","Maria Sporbert","AgrarOffen","Feuchtgrünland","NA","Deutschland","Schleswig-Holstein","Stedinger Land bei Bremen/Delmenhorst, 96 km2","8,70E+28","5,31E+20",10,"Abundanz","Zeit","Pflanzen","Pflanzen","Pflanzen",">20",1948,2015,67,2,"Beobachtung","negative","NA","NA","NA","NA","NA","Literatur","D","NA","NA","NA"
81,"KBGKRGMG","NA","Piechocki",2003,"In ""Natur und Landschaft"" zurückgeblättert . . .: 5. Teil: Vor 75 Jahren: Rückgang der Störche","Natur und Landschaft","NA","NA","Maria Sporbert","Maria Sporbert, Leana Meder","AgrarOffen","Offenland, Kulturlandschaft","NA","Deutschland","NA","Ost-West-Vergleich","NA","NA","NA","Abundanz","Zeit","Wirbeltiere","Vögel","Vögel","1.0",1934,1991,57,5,"Beobachtung","negative","NA","NA","NA","NA","NA","Literatur","D","NA","NA","NA"
226,"KKZWGVIK","NA","Krumbiegel",2008,"Zur Vergesellschaftung von Gentianella campestris ssp. baltica am Ostufer der Müritz (Mecklenburg-Vorpommern) und bei Ballenstedt am Nordharzrand (Sachsen-Anhalt)*","Hercynia","NA","NA","Emilia Schlotfeldt","Emilia Schlotfeldt","AgrarOffen","Magerrasen, magere Weiden, Waldlichtungen und Wegränder","Magerrasen, magere Weiden, Waldlichtungen und Wegränder","Deutschland","Mecklenburg-Vorpommern, Sachsen-Anhalt","""Spurlochkoppel"" Müritz Nahe Waren, Nordharzrand","1,27E+28","5,35E+20",10,"Abundanz","Zeit","Pflanzen","Pflanzen","Pflanzen","1.0",1974,2007,33,25,"Beobachtung","negative to positive","NA","NA","Beweidung","NA","NA","Literatur","D","NA","NA","NA"
10369,"KQ4T7K69","NA","Potrykus, W.",2011,"Wandel der Vogelwelt Bambergs und seines Umlandes in 100 Jahren - Teil I, ausgestorbene oder verschollene Arten","Bericht der Naturforschenden Gesellschaft zu Bamberg, Band 80, 73-87","NA","NA","Maria Sporbert","Daniel Petry","AgrarOffen","NA","NA","Deutschland","Bayern","Bamberger Raum","1,09E+16","4,99E+16","NA","Artenzahl","NA","Wirbeltiere","Vögel","Vögel","20 Arten seit 1915 im Bamberger Raum verschwunden",1915,2011,96,2,"Beobachtung","negative","NA","NA","NA","NA","NA","Literatur","D","NA","NA","NA"
228,"KT7WJE3S","NA","Fischer",2009,"Untersuchungen zum Überleben der Heuschrecken (Caelifera et Ensifera) in der Überschwemmungsaue der Elbe bei Dessau (Sachsen-Anhalt)","Hercynia","NA","NA","Emilia Schlotfeldt","Emilia Schlotfeldt","AgrarOffen","Auenwiesen, Biosphärenreservat Mittelelbe","Fließende Gewässer","Deutschland","Sachsen-Anhalt","Elbaue bei Dessau","1,22E+28","5,19E+20",10,"Abundanz","Überflutung","Wirbellose","Arthropoden","Arthropoden","22.0",2005,2006,1,2,"Beobachtung","no","NA","NA","NA","NA","NA","Literatur","D","NA","NA","NA"
10286,"L585WZ3G","Sys","Jerrentrup, JS et al.",2014,"Grazing intensity affects insect diversity via sward structure and heterogeneity in a long-term experiment","Journal of Applied Ecology 2014, 51, 968–977","10.1111/1365-2664.12244","NA","Denicia Kassie","Konrad Adler","AgrarOffen","mäßig artenreiches, ungedüngtes Lolio Cynosuretum","Trockenrasen sowie Grünland trockener bis frischer Standorte","Deutschland","Niedersachsen","Relliehausen","9,70E+30","5,18E+30","NA","Artenzahl","Zeit","Wirbellose","Arthropoden","Arthropoden","Antwortvariable",2002,2011,9,5,"Beobachtung","positive","NA","NA","NA","NA","Angabe zum Boden: ""soil type is a brown earth/pelosol""","Literatur","D","NA","NA","NA"
10289,"L585WZ3G","Sys","Jerrentrup, JS et al.",2014,"Grazing intensity affects insect diversity via sward structure and heterogeneity in a long-term experiment","Journal of Applied Ecology 2014, 51, 968–977","10.1111/1365-2664.12244","NA","Denicia Kassie","Konrad Adler","AgrarOffen","mäßig artenreiches, ungedüngtes Lolio Cynosuretum","Trockenrasen sowie Grünland trockener bis frischer Standorte","Deutschland","Niedersachsen","Relliehausen","9,70E+30","5,18E+30","NA","Abundanz","Zeit","Wirbellose","Arthropoden","Arthropoden","20.0",2002,2011,9,5,"Beobachtung","no","NA","NA","NA","NA","Angabe zum Boden: ""soil type is a brown earth/pelosol""","Literatur","D","NA","NA","NA"
10288,"L585WZ3G","Sys","Jerrentrup, JS et al.",2014,"Grazing intensity affects insect diversity via sward structure and heterogeneity in a long-term experiment","Journal of Applied Ecology 2014, 51, 968–977","10.1111/1365-2664.12244","NA","Denicia Kassie","Konrad Adler","AgrarOffen","mäßig artenreiches, ungedüngtes Lolio Cynosuretum","Trockenrasen sowie Grünland trockener bis frischer Standorte","Deutschland","Niedersachsen","Relliehausen","9,70E+30","5,18E+30","NA","Abundanz","Zeit","Wirbellose","Arthropoden","Arthropoden","9.0",2002,2011,9,5,"Beobachtung","positive","NA","NA","NA","NA","Angabe zum Boden: ""soil type is a brown earth/pelosol""","Literatur","D","NA","NA","NA"
10287,"L585WZ3G","Sys","Jerrentrup, JS et al.",2014,"Grazing intensity affects insect diversity via sward structure and heterogeneity in a long-term experiment","Journal of Applied Ecology 2014, 51, 968–977","10.1111/1365-2664.12244","NA","Denicia Kassie","Konrad Adler","AgrarOffen","mäßig artenreiches, ungedüngtes Lolio Cynosuretum","Trockenrasen sowie Grünland trockener bis frischer Standorte","Deutschland","Niedersachsen","Relliehausen","9,70E+30","5,18E+30","NA","Artenzahl","Zeit","Wirbellose","Arthropoden","Arthropoden","Antwortvariable",2002,2011,9,5,"Beobachtung","positive","NA","NA","NA","NA","Angabe zum Boden: ""soil type is a brown earth/pelosol""","Literatur","D","NA","NA","NA"
207,"L6A8TIF8","NA","Schulze",2014,"Die Xerothermrasenart Veronica spicata L.: Ppulationsstruktur, Etablierung und pflanzliche Interaktionen","Hercynia","NA","NA","Emilia Schlotfeldt","Emilia Schlotfeldt","AgrarOffen","Porphyrkuppenlandschaft","Trockenrasen","Deutschland","Sachsen-Anhalt","Halle (Saale)","1,19E+28","5,15E+20",5,"Abundanz","Zeit","Pflanzen","Pflanzen","Pflanzen","1.0",1992,2013,21,2,"Beobachtung","negative","NA","NA","NA","NA","Startjahr 1992-95","Literatur","D","NA","NA","NA"
372,"LAVCYXMU","NA","Dierschke, H., Peppler-Lisbach, C.",2009,"Erhaltung und Wiederherstellung der Struktur und floristischen Biodiversität von Bergwiesen - 15 Jahre wissenschaftliche Begleitung von Pflegemaßnahmen im Harz","Tuexenia","NA","NA","Annika Lidle","Leana Meder","AgrarOffen","Bergwiese, Trockenrasen sowie Grünland trockener bis frischer Standorte","NA","Deutschland","Niedersachsen","St. Andreasberg, Harz","1,05E+28","5,17E+18",1,"Artenzahl","Zeit, treatment: Brache","Pflanzen","Pflanzen","Pflanzen","Antwortvariable",1988,2002,14,14,"Experiment","no","Andere","NSG Bergwiesen bei St. Andreasberg","Mahdregime, Monitoring","NA","Eintragung gilt für: 4.1. Fingerkraut-Goldhaferwiese am Nordosthang der Jordanshöhe (Fläche 1) Geranio-Trisetetum potentilletosum erecti (685 m NN, NO 5 °), Bundesland nicht im Text genannt, nach Googlesuche ergänzt, beprobte Jahre nicht ganz klar,einerse","Literatur","D","NA","NA","NA"
10530,"LD3FUW72","NA","Filz, K.J. et al.",2013,"A question of adaptability: Climate and habitat change lower trait diversity in butterfly communities in south-western Germany","European Journal of Entomology 110 (4), 633-642","NA","NA","Maria Sporbert","Daniel Petry","AgrarOffen","Xerotherme Weinberge und Wiesenbrachen","Trockenrasen sowie Grünland trockener bis frischer Standorte","Deutschland","Rheinland-Pfalz","9 xerotherme Weinberge + Wiesenbrachen in der Umgebung von Trier","6,60E+26","4,98E+28","NA","Artenzahl","NA","Wirbellose","Arthropoden","Tagfalter","59.0",1973,2012,39,4,"Beobachtung","negative","NA","NA","NA","NA","NA","Literatur","D","NA","NA","NA"
113,"M2KTX7NF","NA","Anthes",2003,"Wie lässt sich der Rückgang des Goldenen Scheckenfalters (Euphydryas aurinia) in Mitteleuropa stoppen?","Naturschutz und Landschaftsplanung","NA","NA","Maria Sporbert","Maria Sporbert","AgrarOffen","Wiesen, Weiden, Hangmoore, Heiden","Wiesen, Weiden, Hangmoore, Heiden","Deutschland","NA","bayerisches Algäu, 38km²","1,03E+28","4,77E+20",10,"Abundanz","Zeit","Wirbellose","Arthropoden","Arthropoden","1.0",1950,2002,52,6,"Beobachtung","negative","NA","NA","NA","NA","NA","Literatur","D","NA","NA","NA"
90,"M6N3P3V6","NA","Rieger",1996,"Ergebnisse elfjaehriger Pflegebeweidung von Halbtrockenrasen","Natur und Landschaft","NA","NA","Maria Sporbert","Maria Sporbert, Leana Meder","AgrarOffen","Halbtrockenrasen","NA","Deutschland","Niedersachsen","NSG Weper","9,80E+28","5,17E+18",20,"Abundanz","Zeit","Pflanzen","Pflanzen","Pflanzen",">20",1984,1993,9,5,"Beobachtung","negative to positive","Andere","NSG Weper","NA","NA","NA","Literatur","D","NA","NA","NA"
229,"M7QL35HF","NA","Wittig",2007,"Veränderungen der Grünlandvegetation im Holtumer Moor über vier Jahrzehnte","Hercynia","NA","NA","Emilia Schlotfeldt","Emilia Schlotfeldt","AgrarOffen","Grünland, Wiesen, Mähweiden und Weiden","NA","Deutschland","Niedersachsen","Holtum (Geest)","9,30E+28","5,30E+16",5,"Artenzahl","Zeit","Pflanzen","Pflanzen","Pflanzen","Antwortvariable",1964,2006,42,3,"Beobachtung","negative","NA","NA","Extensivierung","NA","NA","Literatur","D","NA","NA","NA"
230,"M7QL35HF","NA","Wittig",2007,"Veränderungen der Grünlandvegetation im Holtumer Moor über vier Jahrzehnte","Hercynia","NA","NA","Emilia Schlotfeldt","Emilia Schlotfeldt","AgrarOffen","Grünland, Wiesen, Mähweiden und Weiden","NA","Deutschland","Niedersachsen","Holtum (Geest)","9,30E+28","5,30E+16",5,"Artenzahl","Zeit","Pflanzen","Moose","Moose","Antwortvariable",1964,2006,42,3,"Beobachtung","negative","NA","NA","Extensivierung","NA","NA","Literatur","D","NA","NA","NA"
10274,"MKWCYFVR","non_Sys","Gatter, W. et al.",2020,"50-jährige Untersuchungen an migrierenden Schwebfliegen, Waffenfliegen und Schlupfwespen belegen extreme Rückgänge (Diptera: Syrphidae, Stratiomyidae, Hymenoptera: Ichneumonidae)","Entomologische Zeitschrift Band 130: 131-142","nicht vorhanden","NA","Amibeth Thompson","Konrad Adler","AgrarOffen","NA","NA","Deutschland","Baden-Württemberg","Forschungsstation Randecker Maar auf der Schwäbischen Alb 5km östlich des Sattelbogens","9.31","48.31","NA","Abundanz","Zeit","Wirbellose","Arthropoden","Arthropoden","15+",1970,2010,40,2,"Beobachtung","negative","NA","NA","NA","NA","bin mir hier unsicher über die Lebensraum und Biotopzuordnung (keine Angaben im Text, aber aus Bildern könnte man ableiten)","Literatur","D","NA","NA","NA"
116,"MNLULZBP","NA","Boschert",1999,"Bestandsentwicklung des Kiebitzes nach partieller Wiedervernaessung und Extensivierung: Untersuchungen in drei Gebieten der Oeberrheinebene","Naturschutz und Landschaftsplanung","NA","NA","Maria Sporbert","Maria Sporbert","AgrarOffen","Wiesen, Oeberrheinebene","Wiesen, Oeberrheinebene","Deutschland","Baden-Württemberg","Kinzig-Murg-Rinne ""Offenburger Rheinebene""","8,13E+28","4,87E+20",150,"Abundanz","Zeit","Wirbeltiere","Vögel","Vögel","1.0",1976,1998,22,13,"Beobachtung","positive to negative","NA","NA","NA","NA","NA","Literatur","D","NA","NA","NA"
877,"MPERTLZ8","NA","Runge, F",1998,"Vegetationsänderungen in einer nordwestdeutschen aufgelassenen Viehweide","Berichte der Naturhistorischen Gesellschaft Hannover 140, 173-175","NA","NA","Maria Sporbert","Johanna Henze","AgrarOffen","feuchte Weide","Grün- und Freiflächen","Deutschland","Niedersachsen","Osnabrück","8,06E+28","5,22E+20",10,"Abundanz","zeit","Pflanzen","Pflanzen","Pflanzen",">20",1963,1996,33,9,"Beobachtung","negative","NA","Naturschutzgebiet Heiliges Meer","NA","NA","NA","Literatur","D","NA","NA","NA"
480,"MSC9BKIF","non_Sys","Partzsch, M.",2000,"Die Porphyrkuppenlandschaft des unteren Saaletals - Strukturwandel ihrer Vegetation in den letzten vier Jahrzehnten","Tuexenia 20:153-187","https://www.tuexenia.de/publications/tuexenia/Tuexenia_2003_NS_023_0227-0255.pdf","NA","Maria Sporbert","Maria Sporbert","AgrarOffen","Trocken- und Halbtrockenrasen sowie Zwergstrauchheiden","NA","Deutschland","Sachsen-Anhalt","unteres Saaletal nordwestlich Halle/S.","1,19E+26","5,15E+18",5,"Artenzahl","Zeit","Pflanzen","Pflanzen","Pflanzen","Antwortvariable",1965,1996,31,2,"Beobachtung","no","Teile im Naturpark „Unteres Saaletal“","NA","Wiederein­führung der traditionellen Bewirtschaftungsweise (extensive Schafbeweidung) dringend erforderlich","NA","NA","Literatur","D","NA","NA","NA"
292,"MXJ7YET8","NA","Hilbig, W.",1997,"Auswirkungen von Extensivierungsprogrammen im Ackerbau auf die Segetalvegetation","Tuexenia","NA","NA","Annika Lidle","Leana Meder","AgrarOffen","Äcker und Ackerbrachen","Äcker und Ackerbrachen","Deutschland","Bayern","Puch, Landkreis Fürstenfeldbruck, Schlüterhof, Kreis Freising","1,12E+28","4,82E+20",5,"Abundanz","Zeit, Vergleich Anbauflächen extensiv vs intensiv","Pflanzen","Pflanzen","Pflanzen",">20",1991,1994,3,4,"Beobachtung","positive","NA","NA","Extensivierung","NA","Tabellen im Artikel nicht nummeriert","Literatur","D","NA","NA","NA"
10267,"NDZ2SUT3","non_Sys","Dedek, M. et al.",2017,"Changes in the arable weed flora of Oberlausitz – current situation vs. historical samples by Max Militzer","Berichte der naturforschenden Gesellschaft der Oberlausitz Band 25, S. 83-106","nicht vorhanden","NA","Amibeth Thompson","Konrad Adler","AgrarOffen","Ackerflächen","Äcker und Ackerbrachen","Deutschland","Sachsen","Gebiete bei Mücka, Löbau und Görlitz in der Oberlausitz","14.67","5,13E+20","NA","Artenzahl","Zeit","Pflanzen","Farn- und Blütenpflanzen","Farn- und Blütenpflanzen","Antwortvariable",1960,2015,55,2,"Beobachtung","negative","NA","NA","NA","NA","Angabe zum Boden: planare Region mit Sandboden (Mücka), colline Fläche auf Lehmböden (Görlitz) und submontane Fläche auf Lehm (Löbau)","Literatur","D","NA","NA","NA"
400,"NHY5AFSG","Sys","Habel et al.",2016,"Butterfly community shifts over two centuries","Conservation Biology","10.1111/cobi.12656","NA","Maria Sporbert","Maria Sporbert","AgrarOffen","45.4 ha of grassland","Grasland","Deutschland","Bayern","Regensburg","1,21E+28","4,90E+20",10,"Artenzahl","Zeit","Wirbellose","Arthropoden","Arthropoden","Antwortvariable",1900,2013,113,8,"Beobachtung","negative","NA","NA","NA","NA","NA","Literatur","D","NA","NA","NA"
557,"NVQC3F7J","Sys","Litza, K. et al.",2017,"Resurveying hedgerows in Northern Germany: Plant community shifts over the past 50 years","Biological Conservation 206: 226–235","10.1016/j.biocon.2016.12.003","NA","Konrad Adler","Konrad Adler","AgrarOffen","traditionell bewirtschaftete Hecken (Niederwald) zwischen landwirtschaftlichen Flächen","Feldgehölze, Gebüsche, Hecken und Gehölzkulturen","Deutschland","Schleswig-Holstein","das gesamte Schleswig-Holsteinische Moränenhochland, mit Ausnahme der östlichsten Teile","9,47E+28","5,42E+20",80,"ENS","Zeit","Pflanzen","Pflanzen","Pflanzen","Antwortvariable",1967,2015,48,2,"Beobachtung","no","NA","NA","NA","NA","NA","Literatur","D","NA","NA","NA"
556,"NVQC3F7J","Sys","Litza, K. et al.",2017,"Resurveying hedgerows in Northern Germany: Plant community shifts over the past 50 years","Biological Conservation 206: 226–235","10.1016/j.biocon.2016.12.003","NA","Konrad Adler","Konrad Adler","AgrarOffen","traditionell bewirtschaftete Hecken (Niederwald) zwischen landwirtschaftlichen Flächen","Feldgehölze, Gebüsche, Hecken und Gehölzkulturen","Deutschland","Schleswig-Holstein","das gesamte Schleswig-Holsteinische Moränenhochland, mit Ausnahme der östlichsten Teile","9,47E+28","5,42E+20",80,"Artenzahl","Zeit","Pflanzen","Pflanzen","Pflanzen","Antwortvariable",1967,2015,48,2,"Beobachtung","negative","NA","NA","NA","NA","NA","Literatur","D","NA","NA","NA"
487,"NYXFMFKA","non_Sys","Hölker, M.",2008,"Die Vogelgemeinschaft der ackerbaulich intensiv genutzten Feldlandschaft der Hellwegbörde","Abhandlungen aus dem Westfälischen Museum für Naturkunde","https://www.lwl.org/wmfn-download/Abhandlungen/Abh_70%281%292008.pdf","NA","Maria Sporbert","Maria Sporbert","AgrarOffen","Ackerbaulich geprägte Feldlandschaften","NA","Deutschland","Nordrhein-Westfalen","Hellwegbörde, Kreis Soest, Unna, Paderborn","7,82E+28","5,15E+20",20,"Abundanz","Zeit","Wirbeltiere","Vögel","Vögel","16 (38)",1995,2002,7,8,"Beobachtung","negative","NA","NA","NA","NA","NA","Literatur","D","NA","NA","NA"
10310,"PH6SH5I7","Sys","Röder, D. et al.",2006,"Population structure and population dynamic of Pulsatilla patens (L.) Mill. in relation to vegetation characteristics","Flora 201 (2006) 499–507","10.1016/j.flora.2005.11.001","NA","Amibeth Thompson","Konrad Adler","AgrarOffen","Kalkmagerrasen","Trockenrasen sowie Grünland trockener bis frischer Standorte","Deutschland","Bayern","Naturschutzgebiet ""Garchinger Heide"" (15 km nördlich von München)","11.65","48.3","NA","Abundanz","Zeit","Pflanzen","Farn- und Blütenpflanzen","Farn- und Blütenpflanzen","1.0",1991,2003,12,2,"Experiment","negative","Andere","Naturschutzgebiet ""Garchinger Heide""","Maht alle 2 jahre in 2/3 Flächen, keine Maht nur unregelmäßige Entfernung von Bäumen und Sträuchern auf Fläche 3","NA","Angabe zum Boden: pararendzina soils","Literatur","D","NA","NA","NA"
298,"PR2RI7BI","Sys","Wesche, K, Krause, B, Culmsee, H, Leuschner, C",2012,"Fifty years of change in Central European grassland vegetation: Large losses in species richness and animal-pollinated plants","BIOLOGICAL CONSERVATION","https://doi.org/10.1016/j.biocon.2012.02.015","NA","Denicia Kassie","Denicia Kassie","AgrarOffen","Feuchtgrünland","NA","Deutschland","NA","Weser, Aue, Helme, Elster, Nuthere","46031.0","52.5",700,"Artenzahl","Zeit","Pflanzen","Pflanzen","Pflanzen",">20",1955,2008,53,2,"Beobachtung","negative","NA","NA","NA","NA","Erste Messung 1950s/1960s","Literatur","D","NA","NA","NA"
299,"PR2RI7BI","Sys","Wesche, K, Krause, B, Culmsee, H, Leuschner, C",2012,"Fifty years of change in Central European grassland vegetation: Large losses in species richness and animal-pollinated plants","BIOLOGICAL CONSERVATION","https://doi.org/10.1016/j.biocon.2012.02.015","NA","Denicia Kassie","Denicia Kassie","AgrarOffen","Feuchtgrünland","NA","Deutschland","NA","Weser, Aue, Helme, Elster, Nuthere","46031.0","52.5",700,"ENS","Zeit","Pflanzen","Pflanzen","Pflanzen",">20",1955,2008,53,2,"Beobachtung","negative","NA","NA","NA","NA","Erste Messung 1950s/1960s","Literatur","D","NA","NA","NA"
297,"PR2RI7BI","Sys","Wesche, K, Krause, B, Culmsee, H, Leuschner, C",2012,"Fifty years of change in Central European grassland vegetation: Large losses in species richness and animal-pollinated plants","BIOLOGICAL CONSERVATION","https://doi.org/10.1016/j.biocon.2012.02.015","NA","Denicia Kassie","Denicia Kassie","AgrarOffen","Feuchtgrünland","NA","Deutschland","NA","Weser, Aue, Helme, Elster, Nuthere","46031.0","52.5",700,"Artenzahl","Zeit","Pflanzen","Pflanzen","Pflanzen",">20",1955,2008,53,2,"Beobachtung","negative","NA","NA","NA","NA","Erste Messung 1950s/1960s","Literatur","D","NA","NA","NA"
300,"PR2RI7BI","Sys","Wesche, K, Krause, B, Culmsee, H, Leuschner, C",2012,"Fifty years of change in Central European grassland vegetation: Large losses in species richness and animal-pollinated plants","BIOLOGICAL CONSERVATION","https://doi.org/10.1016/j.biocon.2012.02.015","NA","Denicia Kassie","Denicia Kassie","AgrarOffen","Feuchtgrünland","NA","Deutschland","NA","Weser, Aue, Helme, Elster, Nuthere","46031.0","52.5",700,"ENS","Zeit","Pflanzen","Pflanzen","Pflanzen",">20",1955,2008,53,2,"Beobachtung","negative","NA","NA","NA","NA","Erste Messung 1950s/1960s","Literatur","D","NA","NA","NA"
374,"PTJEPIET","Sys","Krooss, S., Schaefer, M.",1998,"The effect of different farming systems on epigeic arthropods: a five-year study on the rove beetle fauna (Coleoptera: Staphylinidae) of winter wheat","Agriculture, Ecosystems & Environment","https://doi.org/10.1016/S0167-8809(98)00093-0","NA","Annika Lidle","Leana Meder","AgrarOffen","Äcker und Ackerbrachen","Äcker und Ackerbrachen","Deutschland","Niedersachsen","Farm ""Reinshof"", 2km südlich von Göttingen","9,93E+28","5,15E+20",1,"Artenzahl","Zeit","Wirbellose","Arthropoden","Arthropoden","Antwortvariable",1990,1994,4,4,"NA","positive","Düngemitteleinsatz","NA","NA","NA","The soil of all Fields is relatively homogeneous and consists mainly of alluvial loam. Soils vary slightly on a broader scale, containing 20-40% clay, 60-70% loam and 3-10% sand, pH-values ranged from 6.8-7.3.","Literatur","D","NA","NA","NA"
156,"PZUBIAQX","NA","Raskin",2000,"Renaturierung eines Heidemoores im Hohen Venn: Ergebnisse einer fünfjährigen ökologischen Effizienzkontrolle","Naturschutz und Landschaftsplanung","NA","NA","Maria Sporbert","Maria Sporbert","AgrarOffen","Offenland, Heidemoor","Offenland, Heidemoor","Deutschland","Nordrhein-Westfalen","Hohes Venn, Eifel","6,32E+28","5,05E+20",50,"Artenzahl","Zeit","Wirbellose","Arthropoden","Arthropoden","Antwortvariable",1992,1998,6,2,"Beobachtung","positive","NA","NA","NA","NA","NA","Literatur","D","NA","NA","NA"
153,"PZUBIAQX","NA","Raskin",2000,"Renaturierung eines Heidemoores im Hohen Venn: Ergebnisse einer fünfjährigen ökologischen Effizienzkontrolle","Naturschutz und Landschaftsplanung","NA","NA","Maria Sporbert","Maria Sporbert","AgrarOffen","Offenland, Heidemoor","Offenland, Heidemoor","Deutschland","Nordrhein-Westfalen","Hohes Venn, Eifel","6,32E+28","5,05E+20",50,"Abundanz","Zeit","Pflanzen","Pflanzen","Pflanzen",">20",1992,1998,6,2,"Beobachtung","no","NA","NA","NA","NA","NA","Literatur","D","NA","NA","NA"
155,"PZUBIAQX","NA","Raskin",2000,"Renaturierung eines Heidemoores im Hohen Venn: Ergebnisse einer fünfjährigen ökologischen Effizienzkontrolle","Naturschutz und Landschaftsplanung","NA","NA","Maria Sporbert","Maria Sporbert","AgrarOffen","Offenland, Heidemoor","Offenland, Heidemoor","Deutschland","Nordrhein-Westfalen","Hohes Venn, Eifel","6,32E+28","5,05E+20",50,"Artenzahl","Zeit","Wirbellose","Arthropoden","Arthropoden","Antwortvariable",1992,1998,6,2,"Beobachtung","no","NA","NA","NA","NA","NA","Literatur","D","NA","NA","NA"
157,"PZUBIAQX","NA","Raskin",2000,"Renaturierung eines Heidemoores im Hohen Venn: Ergebnisse einer fünfjährigen ökologischen Effizienzkontrolle","Naturschutz und Landschaftsplanung","NA","NA","Maria Sporbert","Maria Sporbert","AgrarOffen","Offenland, Heidemoor","Offenland, Heidemoor","Deutschland","Nordrhein-Westfalen","Hohes Venn, Eifel","6,32E+28","5,05E+20",50,"Artenzahl","Zeit","Wirbellose","Arthropoden","Arthropoden","Antwortvariable",1992,1998,6,2,"Beobachtung","positive","NA","NA","NA","NA","NA","Literatur","D","NA","NA","NA"
159,"PZUBIAQX","NA","Raskin",2000,"Renaturierung eines Heidemoores im Hohen Venn: Ergebnisse einer fünfjährigen ökologischen Effizienzkontrolle","Naturschutz und Landschaftsplanung","NA","NA","Maria Sporbert","Maria Sporbert","AgrarOffen","Offenland, Heidemoor","Offenland, Heidemoor","Deutschland","Nordrhein-Westfalen","Hohes Venn, Eifel","6,32E+28","5,05E+20",50,"Artenzahl","Zeit","Wirbellose","Arthropoden","Arthropoden","Antwortvariable",1992,1998,6,2,"Beobachtung","no","NA","NA","NA","NA","NA","Literatur","D","NA","NA","NA"
158,"PZUBIAQX","NA","Raskin",2000,"Renaturierung eines Heidemoores im Hohen Venn: Ergebnisse einer fünfjährigen ökologischen Effizienzkontrolle","Naturschutz und Landschaftsplanung","NA","NA","Maria Sporbert","Maria Sporbert","AgrarOffen","Offenland, Heidemoor","Offenland, Heidemoor","Deutschland","Nordrhein-Westfalen","Hohes Venn, Eifel","6,32E+28","5,05E+20",50,"Artenzahl","Zeit","Wirbellose","Arthropoden","Arthropoden","Antwortvariable",1992,1998,6,2,"Beobachtung","positive","NA","NA","NA","NA","NA","Literatur","D","NA","NA","NA"
160,"PZUBIAQX","NA","Raskin",2000,"Renaturierung eines Heidemoores im Hohen Venn: Ergebnisse einer fünfjährigen ökologischen Effizienzkontrolle","Naturschutz und Landschaftsplanung","NA","NA","Maria Sporbert","Maria Sporbert","AgrarOffen","Offenland, Heidemoor","Offenland, Heidemoor","Deutschland","Nordrhein-Westfalen","Hohes Venn, Eifel","6,32E+28","5,05E+20",50,"Artenzahl","Zeit","Wirbellose","Arthropoden","Arthropoden","Antwortvariable",1992,1998,6,2,"Beobachtung","no","NA","NA","NA","NA","NA","Literatur","D","NA","NA","NA"
154,"PZUBIAQX","NA","Raskin",2000,"Renaturierung eines Heidemoores im Hohen Venn: Ergebnisse einer fünfjährigen ökologischen Effizienzkontrolle","Naturschutz und Landschaftsplanung","NA","NA","Maria Sporbert","Maria Sporbert","AgrarOffen","Offenland, Heidemoor","Offenland, Heidemoor","Deutschland","Nordrhein-Westfalen","Hohes Venn, Eifel","6,32E+28","5,05E+20",50,"Artenzahl","Zeit","Wirbeltiere","Vögel","Vögel","Antwortvariable",1992,1998,6,2,"Beobachtung","negative","NA","NA","NA","NA","NA","Literatur","D","NA","NA","NA"
131,"PZUBIAQX","NA","Raskin",2000,"Renaturierung eines Heidemoores im Hohen Venn: Ergebnisse einer fünfjährigen ökologischen Effizienzkontrolle","Naturschutz und Landschaftsplanung","NA","NA","Maria Sporbert","Maria Sporbert","AgrarOffen","Offenland, Heidemoor","Offenland, Heidemoor","Deutschland","Nordrhein-Westfalen","Hohes Venn, Eifel","6,33E+26","5,06E+20",15,"Artenzahl","Zeit","Wirbellose","Arthropoden","Arthropoden","Antwortvariable",1992,1998,6,2,"Beobachtung","negative","NA","NA","NA","NA","NA","Literatur","D","NA","NA","NA"
10440,"Q3RDFEMM","Sys","Römermann, C. et al.",2009,"Substitutes for grazing in semi-natural grasslands - Do mowing or mulching represent valuable alternatives to maintain vegetation structure?","Journal of Vegetation Science 20: 1086–1098","10.1111/j.1654-1103.2009.01106.x","NA","Amibeth Thompson","Konrad Adler","AgrarOffen","kalkhaltiges Grasland (Gentiano-Koelerietum)","Trockenrasen sowie Grünland trockener bis frischer Standorte","Deutschland","Baden-Württemberg","St. Johann","9,21E+28","4,81E+28","NA","ENS","Zeit","Pflanzen","Farn- und Blütenpflanzen","Farn- und Blütenpflanzen",">20",1974,2004,30,30,"Experiment","negative","NA","NA","klassische Beweidung und verschiedene alternative Managements durch Mulchen und Mähen","NA","NA","Literatur","D","NA","NA","NA"
10293,"Q4E8K8D2","Sys","Koch, M. et al.",2017,"Taxonomic and functional vegetation changes after shifting management from traditional herding to fenced grazing in temperate grassland communities","Applied Vegetation Science 20 (2017) 259–270","10.1111/avsc.12287","NA","Denicia Kassie","Konrad Adler","AgrarOffen","Mosaiklandschaft aus trockenen und feuchten, halbnatürlichen Grünlandflächen","Trockenrasen sowie Grünland trockener bis frischer Standorte, Waldfreie Niedermoore und Sümpfe, Grünland nasser bis feuchter Standorte","Deutschland","Mecklenburg-Vorpommern","Naturschutzgebiet Kösterbeck nahe der Stadt Rostock","1,22E+30","54061.0","NA","ENS","Zeit","Pflanzen","Farn- und Blütenpflanzen","Farn- und Blütenpflanzen",">20",1991,2014,23,2,"Beobachtung","positive","Andere","Naturschutzgebiet ""Kösterbeck""","Freilandbeweidung in zeitweise eingezäunten Gebieten (vorher traditionelle Schafsbeweidung + gelegentlichem Mähen)","NA","NA","Literatur","D","NA","NA","NA"
58,"Q84JUIXB","NA","Knörzer",1985,"Entstehung und Verschwinden der niederrheinischen Salbeiwiesen","Natur und Landschaft","NA","NA","Maria Sporbert","Maria Sporbert, Leana Meder","AgrarOffen","Salbeiwiesen","Salbeiwiesen","Deutschland","Nordrhein-Westfalen","Grimlinghausen","6,76E+28","5,12E+20",5,"Abundanz","Zeit","Pflanzen","Pflanzen","Pflanzen",">20",1955,1985,30,2,"Beobachtung","negative","NA","NA","NA","NA","Anzahl Messungen 2-4","Literatur","D","NA","NA","NA"
123,"QBKFD7KT","NA","Gottschalk",2017,"Landnutzungsveränderungen am Spitzberg bei Tübingen: Auswirkungen auf Tagfalter und Widderchen","Naturschutz und Landschaftsplanung","NA","NA","Maria Sporbert","Maria Sporbert","AgrarOffen","Grünland, Acker","NA","Deutschland","Baden-Württemberg","westl. Teil Spitzberg, nördl. Hirschau (Tübingen)","9,00E+28","4,85E+20",1,"Abundanz","Zeit","Wirbellose","Arthropoden","Arthropoden",">20",1966,2017,51,2,"Beobachtung","negative","NA","NA","NA","NA","NA","Literatur","D","NA","NA","NA"
10454,"QNXIWDGR","Sys","Jerrentrup, JS et al.",2015,"Little grazer species effect on the vegetation in a rotational grazing system","Agriculture, Ecosystems and Environment 202 (2015) 243–250","10.1016/j.agee.2015.01.007","NA","Denicia Kassie","Konrad Adler","AgrarOffen","moderat-artenreicher Lolio-Cynosuretum","Trockenrasen sowie Grünland trockener bis frischer Standorte","Deutschland","Niedersachsen","Relliehausen","9,70E+30","5,18E+20","NA","ENS","Zeit","Pflanzen","Farn- und Blütenpflanzen","Farn- und Blütenpflanzen","NA",2007,2012,5,6,"Experiment","negative","NA","NA","Einführung von Rinder-, Schaf- und gemischter Beweidung, sowie Düngung","NA","NA","Literatur","D","NA","NA","NA"
10455,"QNXIWDGR","Sys","Jerrentrup, JS et al.",2015,"Little grazer species effect on the vegetation in a rotational grazing system","Agriculture, Ecosystems and Environment 202 (2015) 243–250","10.1016/j.agee.2015.01.007","NA","Denicia Kassie","Konrad Adler","AgrarOffen","moderat-artenreicher Lolio-Cynosuretum","Trockenrasen sowie Grünland trockener bis frischer Standorte","Deutschland","Niedersachsen","Relliehausen","9,70E+30","5,18E+20","NA","ENS","Zeit","Pflanzen","Farn- und Blütenpflanzen","Farn- und Blütenpflanzen","NA",2007,2012,5,6,"Experiment","negative","NA","NA","Einführung von Rinder-, Schaf- und gemischter Beweidung, sowie Düngung","NA","NA","Literatur","D","NA","NA","NA"
10452,"QNXIWDGR","Sys","Jerrentrup, JS et al.",2015,"Little grazer species effect on the vegetation in a rotational grazing system","Agriculture, Ecosystems and Environment 202 (2015) 243–250","10.1016/j.agee.2015.01.007","NA","Denicia Kassie","Konrad Adler","AgrarOffen","moderat-artenreicher Lolio-Cynosuretum","Trockenrasen sowie Grünland trockener bis frischer Standorte","Deutschland","Niedersachsen","Relliehausen","9,70E+30","5,18E+20","NA","Artenzahl","Zeit","Pflanzen","Farn- und Blütenpflanzen","Farn- und Blütenpflanzen","NA",2007,2012,5,6,"Experiment","positive","NA","NA","Einführung von Rinder-, Schaf- und gemischter Beweidung, sowie Düngung","NA","NA","Literatur","D","NA","NA","NA"
10453,"QNXIWDGR","Sys","Jerrentrup, JS et al.",2015,"Little grazer species effect on the vegetation in a rotational grazing system","Agriculture, Ecosystems and Environment 202 (2015) 243–250","10.1016/j.agee.2015.01.007","NA","Denicia Kassie","Konrad Adler","AgrarOffen","moderat-artenreicher Lolio-Cynosuretum","Trockenrasen sowie Grünland trockener bis frischer Standorte","Deutschland","Niedersachsen","Relliehausen","9,70E+30","5,18E+20","NA","Artenzahl","Zeit","Pflanzen","Farn- und Blütenpflanzen","Farn- und Blütenpflanzen","NA",2007,2012,5,6,"Experiment","negative to positive","NA","NA","Einführung von Rinder-, Schaf- und gemischter Beweidung, sowie Düngung","NA","NA","Literatur","D","NA","NA","NA"
10243,"QQC4XMAM","NA","Tonkin et al.",2016,"Anthropogenic land-use stress alters community concordance at the river-riparian interface","Ecological Indicators, 65, 133-141.","NA","NA","Lena Hartmann","Lena Hartmann","AgrarOffen","NA","NA","Deutschland","Hessen","Kinzig river","9,11E+30","5,02E+20","NA","Artenzahl","Zeit","Pflanzen","Farn- und Blütenpflanzen","Farn- und Blütenpflanzen","NA",2010,2012,2,3,"Beobachtung","no","NA","NA","NA","NA","NA","Literatur","D","NA","NA","NA"
10241,"QQC4XMAM","NA","Tonkin et al.",2016,"Anthropogenic land-use stress alters community concordance at the river-riparian interface","Ecological Indicators, 65, 133-141.","NA","NA","Lena Hartmann","Lena Hartmann","AgrarOffen","NA","NA","Deutschland","Hessen","Kinzig river","9,11E+30","5,02E+20","NA","Artenzahl","Zeit","Wirbellose","Arthropoden","Arthropoden","NA",2010,2012,2,3,"Beobachtung","no","NA","NA","NA","NA","NA","Literatur","D","NA","NA","NA"
10240,"QQC4XMAM","NA","Tonkin et al.",2016,"Anthropogenic land-use stress alters community concordance at the river-riparian interface","Ecological Indicators, 65, 133-141.","NA","NA","Lena Hartmann","Lena Hartmann","AgrarOffen","NA","NA","Deutschland","Hessen","Kinzig river","9,11E+30","5,02E+20","NA","Artenzahl","Zeit","Wirbellose","Arthropoden","Arthropoden","NA",2010,2012,2,3,"Beobachtung","negative","NA","NA","NA","NA","NA","Literatur","D","NA","NA","NA"
458,"QRMNR2AU","non_Sys","Albrecht, H. et al",2020,"Development of the arable vegetation 23 years after conversion from conventional to organic farming – experiences from a farm-scale case studyin southern Germany","Tuexenia 40: 291–308","https://www.tuexenia.de/publications/tuexenia/Tuexenia_2020_NS_040_0291-0308.pdf","NA","Maria Sporbert","Maria Sporbert","AgrarOffen","Äcker und Ackerbrachen","NA","Deutschland","Bayern","Scheyern Research Station, Süd-Bayern","1,14E+28","4,85E+18",5,"Artenzahl","Zeit","Pflanzen","Pflanzen","Pflanzen","Antwortvariable",1991,2015,24,4,"Beobachtung","positive","NA","NA","NA","NA","NA","Literatur","D","NA","NA","NA"
10434,"QWNCSQV4","non_Sys","Ziersche, TM et al.",2020,"Long-term monitoring of insects in agricultural landscapes","Mitteilungen der DGaaE 22 (2020)","nicht vorhanden","NA","Amibeth Thompson","Konrad Adler","AgrarOffen","Feldversuchsgebiet umgeben von landwirtschaftlichen Feldern","Äcker und Ackerbrachen","Deutschland","Sachsen-Anhalt","Quedlinburg","1,11E+30","5,18E+23","NA","Abundanz","Zeit","Wirbellose","Arthropoden","Arthropoden",">20",1985,2018,33,34,"Beobachtung","positive","NA","NA","NA","NA","NA","Literatur","D","NA","NA","NA"
71,"RCNZYIQ2","Sys","Meyer, S. et al.",2013,"Dramatic losses of specialist arable plants in Central Germany since the 1950s/60s – a cross-regional analysis","Diversity and Distributions","10.1111/ddi.12102","NA","Maria Sporbert","Maria Sporbert, Leana Meder","AgrarOffen","arable plant community","Äcker und Ackerbrachen","Deutschland","Niedersachsen, Sachsen-Anhalt, Brandenburg, Thüringen","NA","11882.0","52054.0",400,"Abundanz","Zeit","Pflanzen","Pflanzen","Pflanzen",">20",1950,2009,59,2,"Beobachtung","negative","NA","NA","NA","NA","NA","Literatur","D","NA","NA","NA"
70,"RCNZYIQ2","Sys","Meyer, S. et al.",2013,"Dramatic losses of specialist arable plants in Central Germany since the 1950s/60s – a cross-regional analysis","Diversity and Distributions","10.1111/ddi.12102","NA","Maria Sporbert","Maria Sporbert, Leana Meder","AgrarOffen","arable plant community","Äcker und Ackerbrachen","Deutschland","Niedersachsen, Sachsen-Anhalt, Brandenburg, Thüringen","NA","11882.0","52054.0",400,"Artenzahl","Zeit","Pflanzen","Pflanzen","Pflanzen","Antwortvariable",1950,2009,59,2,"Beobachtung","negative","NA","NA","NA","NA","NA","Literatur","D","NA","NA","NA"
10,"RCP477YD","NA","Bönsel",2007,"Erfolgskontrollen nach Revitalisierung von Feldsöllen in Mecklenburg-Vorpommern: Auswirkungen auf Rotbauchunke, Laubfrosch und Libellen","Natur und Landschaft","NA","NA","Maria Sporbert","Maria Sporbert, Leana Meder","AgrarOffen","Feldsölle","Feldsölle","Deutschland","Mecklenburg-Vorpommern","Selow, Brünkendorf, Groß Viegeln","1,20E+26","5,40E+20",50,"Abundanz","Zeit","Wirbeltiere","Amphibien","Amphibien","2.0",2001,2005,4,2,"Beobachtung","positive","NA","NA","Ackerrandstreifen","NA","NA","Literatur","D","NA","NA","NA"
11,"RCP477YD","NA","Bönsel",2007,"Erfolgskontrollen nach Revitalisierung von Feldsöllen in Mecklenburg-Vorpommern: Auswirkungen auf Rotbauchunke, Laubfrosch und Libellen","Natur und Landschaft","NA","NA","Maria Sporbert","Maria Sporbert, Leana Meder","AgrarOffen","Feldsölle","Feldsölle","Deutschland","Mecklenburg-Vorpommern","Selow, Brünkendorf, Groß Viegeln","1,20E+26","5,40E+20",50,"Abundanz","Zeit","Wirbellose","Arthropoden","Arthropoden",">20",2001,2005,4,2,"Beobachtung","positive","NA","NA","Ackerrandstreifen","NA","NA","Literatur","D","NA","NA","NA"
10340,"RMWAMA6F","Sys","Strobl, K. et al.",2020,"Positive trends in plant, dragonfly, and butterfly diversity of rewetted montane peatlands","Restoration Ecology Vol. 28, No. 4, pp. 796–806","10.1111/rec.12957","NA","Denicia Kassie","Konrad Adler","AgrarOffen","Moore, Übergangsmoore und saure Niedermoore, welche ab frühen 19.Jh immer mehr zerstört und ab den 1990 Jahren wieder renaturiert wurden","Hoch-, Zwischen- und Übergangsmoore, Waldfreie Niedermoore und Sümpfe, Grünland nasser bis feuchter Standorte","Deutschland","Bayern","Fichtelgebirge","1,20E+20","5,00E+30","NA","Artenzahl","Zeit seit Restoration","Wirbellose","Arthropoden","Arthropoden","Antwortvariable",1998,2015,17,2,"Beobachtung","positive to negative","NA","NA","NA","NA","Angabe zum Boden in Supplementary Material Fig.1, Tab.2","Literatur","D","NA","NA","NA"
10339,"RMWAMA6F","Sys","Strobl, K. et al.",2020,"Positive trends in plant, dragonfly, and butterfly diversity of rewetted montane peatlands","Restoration Ecology Vol. 28, No. 4, pp. 796–806","10.1111/rec.12957","NA","Denicia Kassie","Konrad Adler","AgrarOffen","Moore, Übergangsmoore und saure Niedermoore, welche ab frühen 19.Jh immer mehr zerstört und ab den 1990 Jahren wieder renaturiert wurden","Hoch-, Zwischen- und Übergangsmoore, Waldfreie Niedermoore und Sümpfe, Grünland nasser bis feuchter Standorte","Deutschland","Bayern","Fichtelgebirge","1,20E+20","5,00E+30","NA","Artenzahl","Zeit seit Restoration","Wirbellose","Arthropoden","Arthropoden","Antwortvariable",1998,2015,17,2,"Beobachtung","positive","NA","NA","NA","NA","Angabe zum Boden in Supplementary Material Fig.1, Tab.2","Literatur","D","NA","NA","NA"
10338,"RMWAMA6F","Sys","Strobl, K. et al.",2020,"Positive trends in plant, dragonfly, and butterfly diversity of rewetted montane peatlands","Restoration Ecology Vol. 28, No. 4, pp. 796–806","10.1111/rec.12957","NA","Denicia Kassie","Konrad Adler","AgrarOffen","Moore, Übergangsmoore und saure Niedermoore, welche ab frühen 19.Jh immer mehr zerstört und ab den 1990 Jahren wieder renaturiert wurden","Hoch-, Zwischen- und Übergangsmoore, Waldfreie Niedermoore und Sümpfe, Grünland nasser bis feuchter Standorte","Deutschland","Bayern","Fichtelgebirge","1,20E+20","5,00E+30","NA","Artenzahl","Zeit seit Restoration","Pflanzen","Farn- und Blütenpflanzen","Farn- und Blütenpflanzen","Antwortvariable",1998,2015,17,2,"Beobachtung","positive to negative","NA","NA","Moorrestaurierung und Schutz","NA","Angabe zum Boden in Supplementary Material Fig.1, Tab.2","Literatur","D","NA","NA","NA"
105,"RPDVXNGC","NA","Suttner",2016,"Hat die Problemart Senecio aquaticus (Wasser-Greiskraut) im Grünland zugenommen?: Auswertung der Biotopkartierungen 1984-1995 und 1999-2013 in Bayern","Natur und Landschaft","NA","NA","Maria Sporbert","Maria Sporbert, Leana Meder","AgrarOffen","Grünland","Fließende Gewässer","Deutschland","Bayern","NA","1,14E+28","4,89E+28",150,"Abundanz","Zeit","Pflanzen","Pflanzen","Pflanzen","1.0",1984,2013,29,2,"Beobachtung","no","NA","NA","NA","NA","NA","Literatur","D","NA","NA","NA"
12,"RRZEFTM6","NA","Brunzel",2008,"Deutliche Veränderungen von Tagfalterzönosen als Folge von Ausbreitungsprozessen: erste Ergebnisse eines Monitorings über 17 Jahre","Natur und Landschaft","NA","NA","Maria Sporbert","Maria Sporbert, Leana Meder","AgrarOffen","NA","Moor-Heide-Birkenbruch-Komplexe, magere Wiesen und Weiden, Bostgrasrasen, Kleinseggen -und Bergwiesen-Komplexe, Steinbrüche, Pionierrasen, Waldmantel- und -saum Komplexe","Deutschland","Nordrhein-Westfalen, Deutschland","50km südl. Dortmund","7,46E+28","5,15E+16",50,"Abundanz","Zeit","Wirbellose","Arthropoden","Arthropoden",">20",1989,2006,17,13,"Beobachtung","positive","NA","NA","NA","NA","NA","Literatur","D","NA","NA","NA"
10568,"S8A8TRAN","Sys","Engelhardt, E. K. et al.",2022,"Consistent signals of a warming climate in occupancy changes of three insect taxa over 40 years in central Europe","Global Change Biology 28, 3998-4012","10.1111/gcb.16200","NA","Maria Sporbert","Daniel Petry","AgrarOffen","NA","NA","Deutschland","Bayern","Daten von gesamt Bayern, in 5x5km grid cells unterteilt","1,14E+28","4,89E+28","NA","Abundanz","NA","Wirbellose","Arthropoden","Tagfalter","124 selektiert",1980,2019,39,40,"Beobachtung","positive","NA","NA","NA","NA","NA","Literatur","D","NA","NA","NA"
10567,"S8A8TRAN","Sys","Engelhardt, E. K. et al.",2022,"Consistent signals of a warming climate in occupancy changes of three insect taxa over 40 years in central Europe","Global Change Biology 28, 3998-4012","10.1111/gcb.16200","NA","Maria Sporbert","Daniel Petry","AgrarOffen","NA","NA","Deutschland","Bayern","Daten von gesamt Bayern, in 5x5km grid cells unterteilt","1,14E+28","4,89E+28","NA","Abundanz","NA","Wirbellose","Arthropoden","Libellen","63 selektiert",1980,2019,39,40,"Beobachtung","negative","NA","NA","NA","NA","NA","Literatur","D","NA","NA","NA"
10570,"S8A8TRAN","Sys","Engelhardt, E. K. et al.",2022,"Consistent signals of a warming climate in occupancy changes of three insect taxa over 40 years in central Europe","Global Change Biology 28, 3998-4012","10.1111/gcb.16200","NA","Maria Sporbert","Daniel Petry","AgrarOffen","NA","NA","Deutschland","Bayern","Daten von gesamt Bayern, in 5x5km grid cells unterteilt","1,14E+28","4,89E+26","NA","Abundanz","NA","Wirbellose","Arthropoden","Libellen","63 selektiert",1980,2019,39,40,"Beobachtung","positive","NA","NA","NA","NA","NA","Literatur","D","NA","NA","NA"
10566,"S8A8TRAN","Sys","Engelhardt, E. K. et al.",2022,"Consistent signals of a warming climate in occupancy changes of three insect taxa over 40 years in central Europe","Global Change Biology 28, 3998-4012","10.1111/gcb.16200","NA","Maria Sporbert","Daniel Petry","AgrarOffen","NA","NA","Deutschland","Bayern","Daten von gesamt Bayern, in 5x5km grid cells unterteilt","1,14E+28","4,89E+28","NA","Abundanz","NA","Wirbellose","Arthropoden","Heuschrecken","49 selektiert",1980,2019,39,40,"Beobachtung","negative","NA","NA","NA","NA","NA","Literatur","D","NA","NA","NA"
10565,"S8A8TRAN","Sys","Engelhardt, E. K. et al.",2022,"Consistent signals of a warming climate in occupancy changes of three insect taxa over 40 years in central Europe","Global Change Biology 28, 3998-4012","10.1111/gcb.16200","NA","Maria Sporbert","Daniel Petry","AgrarOffen","NA","NA","Deutschland","Bayern","Daten von gesamt Bayern, in 5x5km grid cells unterteilt","1,14E+28","4,89E+28","NA","Abundanz","NA","Wirbellose","Arthropoden","Tagfalter","124 selektiert",1980,2019,39,40,"Beobachtung","negative","NA","NA","NA","NA","NA","Literatur","D","NA","NA","NA"
10569,"S8A8TRAN","Sys","Engelhardt, E. K. et al.",2022,"Consistent signals of a warming climate in occupancy changes of three insect taxa over 40 years in central Europe","Global Change Biology 28, 3998-4012","10.1111/gcb.16200","NA","Maria Sporbert","Daniel Petry","AgrarOffen","NA","NA","Deutschland","Bayern","Daten von gesamt Bayern, in 5x5km grid cells unterteilt","1,14E+26","4,89E+28","NA","Abundanz","NA","Wirbellose","Arthropoden","Heuschrecken","49 selektiert",1980,2019,39,40,"Beobachtung","positive","NA","NA","NA","NA","NA","Literatur","D","NA","NA","NA"
10332,"S9PCRPBY","Sys","Sliwinski, K. et al.",2019,"Habitat requirements of the European brown hare (Lepus europaeus Pallas 1778) in an intensively used agriculture region (Lower Saxony, Germany)","BMC Ecology 19:31","10.1186/s12898-019-0247-7","NA","Denicia Kassie","Konrad Adler","AgrarOffen","NA","NA","Deutschland","Niedersachsen","NA","NA","NA","NA","Abundanz","Zeit","Wirbeltiere","Säuger","Säuger","1.0",1991,2015,24,25,"Beobachtung","negative","NA","NA","NA","NA","NA","Literatur","D","NA","NA","NA"
121,"SRMDBZQE","NA","Dorda",1998,"Populationsdynamik der Elster im ländlichen Raum: Ergebnisse einer nach 20 Jahren wiederholten Bestandsdichteuntersuchung im Bliesgau (Saarland)","Naturschutz und Landschaftsplanung","NA","NA","Maria Sporbert","Maria Sporbert","AgrarOffen","Offenland, Kulturlandschaft","NA","Deutschland","Saarland","Bliesdgau","7,18E+28","4,92E+20",5,"Abundanz","Zeit","Wirbeltiere","Vögel","Vögel","1.0",1972,1996,24,2,"Beobachtung","no","NA","NA","NA","NA","NA","Literatur","D","NA","NA","NA"
96,"TAL2ISKV","NA","Schmidt",1984,"Der Einfluss des Mulchens auf die Entwicklung von Ackerbrachen - Ergebnisse aus 15jaehrigen Dauerflaechenbeobachtungen","Natur und Landschaft","NA","NA","Maria Sporbert","Maria Sporbert, Leana Meder","AgrarOffen","Ackerbrache","NA","Deutschland","Niedersachsen","Neuer Botanischer Garten Göttingen","9,96E+28","5,16E+20",1,"Abundanz","Zeit","Pflanzen","Pflanzen","Pflanzen","10.0",1969,1983,14,15,"Experiment","no","NA","NA","Mulchen","NA","Versuchsflächen","Literatur","D","NA","NA","NA"
94,"TECSZ9VH","NA","Schiefer",1983,"Ergebnisse der Landschaftspflegeversuche in Baden-Wuerttemberg: Wirkungen des Mulchens auf Pflanzenbestand und Streuzersetzung","Natur und Landschaft","NA","NA","Maria Sporbert","Maria Sporbert, Leana Meder","AgrarOffen","Halbtrockenrasen und Glatthaferwiesen","NA","Deutschland","Baden-Württemberg","Ettenheim-Münster, Rangendingen, St. Johann","8,32E+28","4,82E+20",100,"Abundanz","Zeit","Pflanzen","Pflanzen","Pflanzen",">20",1975,1982,7,2,"Experiment","positive","NA","NA","Mulchen","NA","Versuchsflächen","Literatur","D","NA","NA","NA"
95,"TECSZ9VH","NA","Schiefer",1983,"Ergebnisse der Landschaftspflegeversuche in Baden-Wuerttemberg: Wirkungen des Mulchens auf Pflanzenbestand und Streuzersetzung","Natur und Landschaft","NA","NA","Maria Sporbert","Maria Sporbert, Leana Meder","AgrarOffen","Halbtrockenrasen und Glatthaferwiesen","NA","Deutschland","Baden-Württemberg","Ettenheim-Münster, Rangendingen, St. Johann","8,32E+28","4,82E+20",100,"Abundanz","Zeit","Pflanzen","Pflanzen","Pflanzen",">20",1975,1982,7,2,"Experiment","negative","NA","NA","Mulchen","NA","Versuchsflächen","Literatur","D","NA","NA","NA"
10451,"TVM5HT5W","non_Sys","Hofmann, S. et al.",2020,"Effects of different restoration treatments on long-term development of plant diversity and functional trait composition in calcareous grasslands","Tuexenia 40: 175-200","10.14471/2020.40.006","NA","Denicia Kassie","Konrad Adler","AgrarOffen","ehemalige Ackerfläche, die nun restauriert wird","Äcker und Ackerbrachen","Deutschland","Bayern","im Umkreis des Naturschutzgebietes ""Garchinger Heide""","11653.0","4,83E+30","NA","Artenzahl","Zeit","Pflanzen","Farn- und Blütenpflanzen","Farn- und Blütenpflanzen","NA",1993,2014,21,11,"Experiment","positive","NA","NA","Kombination aus topsoil-removal und hay transfer Managements ab 1993","Kombination aus topsoil-removal und hay transfer Managements ab 1993","NA","Literatur","D","NA","NA","NA"
10449,"TVM5HT5W","non_Sys","Hofmann, S. et al.",2020,"Effects of different restoration treatments on long-term development of plant diversity and functional trait composition in calcareous grasslands","Tuexenia 40: 175-200","10.14471/2020.40.006","NA","Denicia Kassie","Konrad Adler","AgrarOffen","ehemalige Ackerfläche, die nun restauriert wird","Äcker und Ackerbrachen","Deutschland","Bayern","im Umkreis des Naturschutzgebietes ""Garchinger Heide""","11653.0","4,83E+30","NA","Abundanz","Zeit","Pflanzen","Moose","Moose","NA",1993,2014,21,11,"Experiment","positive","NA","NA","Kombination aus topsoil-removal und hay transfer Managements ab 1993","Kombination aus topsoil-removal und hay transfer Managements ab 1993","NA","Literatur","D","NA","NA","NA"
10448,"TVM5HT5W","non_Sys","Hofmann, S. et al.",2020,"Effects of different restoration treatments on long-term development of plant diversity and functional trait composition in calcareous grasslands","Tuexenia 40: 175-200","10.14471/2020.40.006","NA","Denicia Kassie","Konrad Adler","AgrarOffen","ehemalige Ackerfläche, die nun restauriert wird","Äcker und Ackerbrachen","Deutschland","Bayern","im Umkreis des Naturschutzgebietes ""Garchinger Heide""","11653.0","4,83E+30","NA","Abundanz","Zeit","Pflanzen","Farn- und Blütenpflanzen","Farn- und Blütenpflanzen","NA",1993,2014,21,11,"Experiment","positive","NA","NA","Kombination aus topsoil-removal und hay transfer Managements ab 1993","Kombination aus topsoil-removal und hay transfer Managements ab 1993","NA","Literatur","D","NA","NA","NA"
10450,"TVM5HT5W","non_Sys","Hofmann, S. et al.",2020,"Effects of different restoration treatments on long-term development of plant diversity and functional trait composition in calcareous grasslands","Tuexenia 40: 175-200","10.14471/2020.40.006","NA","Denicia Kassie","Konrad Adler","AgrarOffen","ehemalige Ackerfläche, die nun restauriert wird","Äcker und Ackerbrachen","Deutschland","Bayern","im Umkreis des Naturschutzgebietes ""Garchinger Heide""","11653.0","4,83E+30","NA","Artenzahl","Zeit","Pflanzen","Farn- und Blütenpflanzen","Farn- und Blütenpflanzen","NA",1993,2014,21,11,"Experiment","positive","NA","NA","Kombination aus topsoil-removal und hay transfer Managements ab 1993","Kombination aus topsoil-removal und hay transfer Managements ab 1993","NA","Literatur","D","NA","NA","NA"
60,"TYTG8U8R","NA","Kostrzewa",1988,"Die Beeintraechtigung von Greifvogelhabitaten durch anthropogene Einfluesse: Untersuchungen in der Niederrheinischen Bucht","Natur und Landschaft","NA","NA","Maria Sporbert","Maria Sporbert, Leana Meder","AgrarOffen","Wald, Waldrand, Offenland","Wald, Waldrand, Offenland","Deutschland","Nordrhein-Westfalen","Niederrheinische Bucht","6,59E+28","5,09E+20",20,"Abundanz","Zeit","Wirbeltiere","Vögel","Vögel","8.0",1981,1986,5,2,"Beobachtung","negative","NA","NA","NA","NA","NA","Literatur","D","NA","NA","NA"
101,"TZ8RW2IT","NA","Sorg",2019,"Bestandsrückgänge von Insekten in Schutzgebieten: bisherige Erkenntnisse aus einem laufenden Forschungsprogramm","Natur und Landschaft","NA","NA","Maria Sporbert","Maria Sporbert, Leana Meder","AgrarOffen","FFH-Gebiete, Offenlandhabitate, Ackerrand, Saumstrukturen","NA","Deutschland","Brandenburg, Nordrhein-Westfalen, Rheinland-Pfalz","NA","10751.0","50911.0",500,"Abundanz","Zeit","Wirbellose","Arthropoden","Arthropoden","?",1989,2016,27,5,"Beobachtung","negative","NA","NA","NA","NA","siehe Original: Hallmann et al 2017","Literatur","D","NA","NA","NA"
110,"U5ZQC2Z8","NA","Wolf",1984,"Vegetationsentwicklung in aufgegebenen Feuchtwiesen und Auswirkungen von Pflegemassnahmen auf Pflanzenbestand und Boden","Natur und Landschaft","NA","NA","Maria Sporbert","Maria Sporbert, Leana Meder","AgrarOffen","Feuchtwiesen","Feuchtgrünland","Deutschland","Rheinland-Pfalz","Kausen, Breitenau","7,87E+28","5,07E+20",50,"Artenzahl","Zeit, Mahd, Mulchen","Pflanzen","Pflanzen","Pflanzen","Antwortvariable",1974,1983,9,10,"Experiment, Beobachtung","positive","NA","NA","Pflegearbeiten, Mahd, Düngung, Brache","NA","NA","Literatur","D","NA","NA","NA"
98,"U9GQQMXR","NA","Schuch",2019,"Drastische Biomasseverluste bei Zikaden verschiedener Grasländer in Deutschland innerhalb von sechs Jahrzehnten","Natur und Landschaft","NA","NA","Maria Sporbert","Maria Sporbert, Leana Meder","AgrarOffen","Trockenrasen, Feuchtgrünland","NA","Deutschland","Niedersachsen","Fundorte Ostdeutschland s. frühere Veröffentlichungen Schuch und Wesche","9,16E+28","5,28E+28",150,"Artenzahl","Zeit","Wirbellose","Arthropoden","Arthropoden","Antwortvariable",1951,2009,58,2,"Beobachtung","negative","NA","NA","NA","NA","NA","Literatur","D","NA","NA","NA"
99,"U9GQQMXR","NA","Schuch",2019,"Drastische Biomasseverluste bei Zikaden verschiedener Grasländer in Deutschland innerhalb von sechs Jahrzehnten","Natur und Landschaft","NA","NA","Maria Sporbert","Maria Sporbert, Leana Meder","AgrarOffen","Trockenrasen, Feuchtgrünland","NA","Deutschland","Niedersachsen","Fundorte Ostdeutschland s. frühere Veröffentlichungen Schuch und Wesche","9,16E+28","5,28E+28",150,"Abundanz","Zeit","Wirbellose","Arthropoden","Arthropoden","Antwortvariable",1951,2009,58,2,"Beobachtung","negative","NA","NA","NA","NA","NA","Literatur","D","NA","NA","NA"
97,"U9GQQMXR","NA","Schuch",2019,"Drastische Biomasseverluste bei Zikaden verschiedener Grasländer in Deutschland innerhalb von sechs Jahrzehnten","Natur und Landschaft","NA","NA","Maria Sporbert","Maria Sporbert, Leana Meder","AgrarOffen","Trockenrasen, Feuchtgrünland","NA","Deutschland","Niedersachsen","Fundorte Ostdeutschland s. frühere Veröffentlichungen Schuch und Wesche","9,16E+28","5,28E+28",150,"Abundanz","Zeit","Wirbellose","Arthropoden","Arthropoden","Antwortvariable",1951,2009,58,2,"Beobachtung","negative","NA","NA","NA","NA","NA","Literatur","D","NA","NA","NA"
10443,"UDC4JT8A","Sys","Irmler, U.",2018,"Which carabid species (Coleoptera: Carabidae) profit from organic farming after a succession of 15 years?","Agriculture, Ecosystems and Environment 263 (2018) 1–6","10.1016/j.agee.2018.02.019","NA","Denicia Kassie","Konrad Adler","AgrarOffen","Ackerflächen und angrenzende Habitate","Äcker und Ackerbrachen","Deutschland","Schleswig-Holstein","Gutshof Ritzerau","1,06E+28","5,37E+28","NA","Artenzahl","Zeit","Wirbellose","Arthropoden","Arthropoden","Antwortvariable",2001,2016,15,9,"Beobachtung","positive","NA","NA","konservative Bewirtschaftung bis 2001, ab 2001 Umstellung, ab 2004 organische Landwirtschaft","Änderung der Bewirtschaftung zwischen 2001 und 2004","NA","Literatur","D","NA","NA","NA"
472,"UE2BV6AB","non_Sys","Kudernatsch, T. et al.",2016,"Vegetationsveränderungen alpiner Kalk-Magerrasen im Nationalpark Berchtesgaden während der letzten drei Jahrzehnte","Tuexenia 36: 205–221","https://www.zobodat.at/pdf/Tuexenia_NS_36_0205-0221.pdf","NA","Maria Sporbert","Maria Sporbert","AgrarOffen","Blaugras-Horstseggenrasen, Polsterseggenrasen","NA","Deutschland","Bayern","im NO des Nationalparks zwischen Hohem Brett (2.331 m NN) und Kahlersberg (2.350 m NN)","1,30E+28","4,76E+20",5,"Artenzahl","Zeit","Pflanzen","Pflanzen","Pflanzen","Antwortvariable",1980,2014,34,2,"Beobachtung","positive","Nationalpark Berchtesgaden","NA","NA","NA","NA","Literatur","D","NA","NA","NA"
10662,"UH4E8K9B","NA","Blohm T., Heise G.",2009,"Windkraftnutzung und Bestandsentwicklung des Abendseglers, Nyctalus noctula (Schreber, 1774), in der Uckermark","Nyctalus (N.F.), Band 14(2009), Heft 1-2, S. 14-26","NA","NA","NA","Anneka","AgrarOffen","NA","Bauwerke","Deutschland","Mecklenburg-Vorpommern","Kieker","1,36E+28","5,34E+28","NA","Abundanz","Jahr","Wirbeltiere","Säuger","NA","1.0",1996,2008,12,12,"Beobachtung","positive","NA","NA","NA","NA","NA","Literatur","NA","NA","NA","NA"
68,"UJ8R263H","NA","Manz",1990,"Bestandsveraenderungen rheinland-pfaelzischer Borstgrasrasen","Natur und Landschaft","NA","NA","Maria Sporbert","Maria Sporbert, Leana Meder","AgrarOffen","NA","Borstgrasrasen","Deutschland","Rheinland-Pfalz","NA","7,45E+26","4,99E+28",100,"Abundanz","Zeit","Pflanzen","Pflanzen","Pflanzen","2.0",1900,1987,87,2,"Beobachtung","negative","NA","NA","NA","NA","NA","Literatur","D","NA","NA","NA"
51,"UL946NX7","NA","Irmler",2020,"Entwicklung der Lebensgemeinschaften nach der Umstellung vom konventionellen zum ökologischen Landbau","Natur und Landschaft","NA","NA","Maria Sporbert","Maria Sporbert, Leana Meder","AgrarOffen","NA","Äcker und Ackerbrachen","Deutschland","Schleswig-Holstein","NA","9,82E+28","5,42E+28",100,"Artenzahl","Zeit","Wirbellose","Arthropoden","Arthropoden","Antwortvariable",2001,2016,15,3,"Beobachtung","positive","NA","NA","Extensivierung","NA","viel nützliche Literaturangaben","Literatur","D","NA","NA","NA"
52,"UL946NX7","NA","Irmler",2020,"Entwicklung der Lebensgemeinschaften nach der Umstellung vom konventionellen zum ökologischen Landbau","Natur und Landschaft","NA","NA","Maria Sporbert","Maria Sporbert, Leana Meder","AgrarOffen","NA","Äcker und Ackerbrachen","Deutschland","Schleswig-Holstein","NA","9,82E+28","5,42E+28",100,"Abundanz","Zeit","Wirbeltiere","Vögel","Vögel","17.0",2001,2018,17,18,"Beobachtung","positive","NA","NA","Extensivierung","NA","viel nützliche Literaturangaben","Literatur","D","NA","NA","NA"
48,"UL946NX7","NA","Irmler",2020,"Entwicklung der Lebensgemeinschaften nach der Umstellung vom konventionellen zum ökologischen Landbau","Natur und Landschaft","NA","NA","Maria Sporbert","Maria Sporbert, Leana Meder","AgrarOffen","NA","Äcker und Ackerbrachen","Deutschland","Schleswig-Holstein","NA","9,82E+28","5,42E+28",100,"Artenzahl","Zeit","Pflanzen","Pflanzen","Pflanzen","Antwortvariable",2001,2013,12,7,"Beobachtung","positive","NA","NA","Extensivierung","NA","viel nützliche Literaturangaben","Literatur","D","NA","NA","NA"
50,"UL946NX7","NA","Irmler",2020,"Entwicklung der Lebensgemeinschaften nach der Umstellung vom konventionellen zum ökologischen Landbau","Natur und Landschaft","NA","NA","Maria Sporbert","Maria Sporbert, Leana Meder","AgrarOffen","NA","Äcker und Ackerbrachen","Deutschland","Schleswig-Holstein","NA","9,82E+28","5,42E+28",100,"Abundanz","Zeit","Wirbellose","Andere_Wirbellose","Regenwürmer","2.0",2001,2010,9,10,"Beobachtung","positive","NA","NA","Extensivierung","NA","viel nützliche Literaturangaben","Literatur","D","NA","NA","NA"
49,"UL946NX7","NA","Irmler",2020,"Entwicklung der Lebensgemeinschaften nach der Umstellung vom konventionellen zum ökologischen Landbau","Natur und Landschaft","NA","NA","Maria Sporbert","Maria Sporbert, Leana Meder","AgrarOffen","NA","Äcker und Ackerbrachen","Deutschland","Schleswig-Holstein","NA","9,82E+28","5,42E+28",100,"Abundanz","Zeit","Pflanzen","Pflanzen","Pflanzen","10.0",2001,2013,12,7,"Beobachtung","positive","NA","NA","Extensivierung","NA","viel nützliche Literaturangaben","Literatur","D","NA","NA","NA"
10444,"USQ9AGRF","non_Sys","Heinrich, W. et al.",2016,"Ergebnisse von Dauerflächenbeobachtungen im Naturschutzgebiet „Leutratal und Cospoth“ bei Jena (Thüringen) – Strukturwandlungen im Teucrio-Seslerietum (Dauerbeobachtungsfläche S)","VERNATE 35/2016 S. 117-181","nicht vorhanden","NA","Amibeth Thompson","Konrad Adler","AgrarOffen","Gamander-Blaugras-Trockenrasen (Teucrio-Seslerietum)","Trockenrasen sowie Grünland trockener bis frischer Standorte","Deutschland","Thüringen","NSG ""Leutratal und Cospoth"" bei Jena","1,16E+30","50869.0","NA","Artenzahl","Zeit","Pflanzen","Farn- und Blütenpflanzen","Farn- und Blütenpflanzen","Antwortvariable",1972,2008,36,10,"Beobachtung","positive","Andere","NSG ""Leutratal und Cospoth""","NA","NA","NA","Literatur","D","NA","NA","NA"
201,"V2564ZC4","NA","Meier",2018,"Federgras-Bestände in Mitteldeutschland. - Teil I. Aktuelle Situation und Bestandentwicklung","Hercynia","NA","NA","Emilia Schlotfeldt","Emilia Schlotfeldt","AgrarOffen","Trockenrasen","Trockenrasen","Deutschland","Sachsen-Anhalt, Thüringen","NA","11389.0","51513.0",150,"Abundanz","Zeit","Pflanzen","Pflanzen","Pflanzen",">20",1996,2017,21,3,"Beobachtung","no","NA","NA","NA","NA","NA","Literatur","D","NA","NA","NA"
119,"V3IPXL5J","NA","Brunzel",2011,"Veränderungen von Tagfaltergemeinschaften: Einfluss klimatischer Faktoren auf Artenhäufigkeiten im westlichen Weserbergland und im Märkischen Sauerland","Naturschutz und Landschaftsplanung","NA","NA","Maria Sporbert","Maria Sporbert","AgrarOffen","Pionierrasen in Steinbrüchen, magere Weiden, Feuchtwiesen, Niedermoore, Laubwälder, Heiden Übergangsmoore","NA","Deutschland","Nordrhein-Westfalen","Westliches Weserbergland, Märkisches Sauerland","8,66E+28","5,17E+20",100,"Abundanz","Zeit","Wirbellose","Arthropoden","Arthropoden",">20",2000,2010,10,11,"Beobachtung","negative","NA","NA","NA","NA","NA","Literatur","D","NA","NA","NA"
126,"V4YDTX4U","NA","Kettermann",2018,"Auswirkungen des globalen Wandels auf Heuschrecken: Besiedlung von Steinbrüchen der Westfälischen Bucht (NW-Deutschland) durch die Blauflügelige Sandschrecke","Naturschutz und Landschaftsplanung","NA","NA","Maria Sporbert","Maria Sporbert","AgrarOffen","Offenland, Steinbrüche","Offenland, Steinbrüche","Deutschland","Nordrhein-Westfalen","Kalksteinbrüche in südöstlichen Westfälischen Bucht","7,92E+28","5,19E+20",50,"Abundanz","Zeit","Wirbellose","Arthropoden","Arthropoden","1.0",1990,2016,26,2,"Beobachtung","positive","NA","NA","NA","NA","NA","Literatur","D","NA","NA","NA"
10258,"V6A4VBGZ","Sys","Beil, M. et al.",2014,"Community structure and diversity of vegetation and flower-visiting wild bees (Hymenoptera: Apoidea) in sandy dry grassland: Are there congruent characteristics?","Phytocoenologia Vol. 44 (2014), Issue 3-4, 175–192","10.1127/0340-269X/2014/0044-0587","NA","Amibeth Thompson","Konrad Adler","AgrarOffen","verschiedene Sukzessionsstufen des Sand-Trockenrasens","Trockenrasen sowie Grünland trockener bis frischer Standorte","Deutschland","Hessen","Hessisches Oberrheintal nahe Darmstadt (NSGs ""Ehemaliger August-Euler-Flugplatz von Darmstadt"" und ""Griesheimer Düne und Eichwäldchen"")","8,58E+19","49.85","NA","Artenzahl","Zeit","Pflanzen","Farn- und Blütenpflanzen","Farn- und Blütenpflanzen","Antwortvariable",2004,2005,1,2,"Beobachtung","negative","Andere","Naturschutzgebiete ""Ehemaliger August-Euler-Flugplatz von Darmstadt"" und ""Griesheimer Düne und Eichenwäldchen"" (FFH, Natura 2000 Netzwerk)","extensive jährliche Beweidung durch Schafe","NA","NA","Literatur","D","NA","NA","NA"
24,"V8F5I2CM","NA","Eischeid",2006,"Entwicklung einer halboffenen Weidelandschaft im Großraum Hamburg","Natur und Landschaft","NA","NA","Maria Sporbert","Maria Sporbert, Leana Meder","AgrarOffen","NA","halboffene Weidelandschaft","Deutschland","Schleswig-Holstein","NA","9,82E+28","5,42E+28",100,"Artenzahl","Zeit","Wirbeltiere","Amphibien","Amphibien","Antwortvariable",2000,2003,3,2,"Beobachtung","positive","NA","NA","Mahdregime","NA","E+E Vorhaben ""Halboffene Weidelandschaft Höltigbaum""","Literatur","D","NA","NA","NA"
23,"V8F5I2CM","NA","Eischeid",2006,"Entwicklung einer halboffenen Weidelandschaft im Großraum Hamburg","Natur und Landschaft","NA","NA","Maria Sporbert","Maria Sporbert, Leana Meder","AgrarOffen","NA","halboffene Weidelandschaft","Deutschland","Schleswig-Holstein","NA","9,82E+28","5,42E+28",100,"Abundanz","Zeit","Wirbellose","Arthropoden","Arthropoden","1.0",2000,2003,3,2,"Beobachtung","positive","NA","NA","Mahdregime","NA","E+E Vorhaben ""Halboffene Weidelandschaft Höltigbaum""","Literatur","D","NA","NA","NA"
22,"V8F5I2CM","NA","Eischeid",2006,"Entwicklung einer halboffenen Weidelandschaft im Großraum Hamburg","Natur und Landschaft","NA","NA","Maria Sporbert","Maria Sporbert, Leana Meder","AgrarOffen","NA","halboffene Weidelandschaft","Deutschland","Schleswig-Holstein","NA","9,82E+28","5,42E+28",100,"Abundanz","Zeit","Pflanzen","Pflanzen","Pflanzen","1.0",2000,2003,3,2,"Beobachtung","positive","NA","NA","Mahdregime","NA","E+E Vorhaben ""Halboffene Weidelandschaft Höltigbaum""","Literatur","D","NA","NA","NA"
21,"V8F5I2CM","NA","Eischeid",2006,"Entwicklung einer halboffenen Weidelandschaft im Großraum Hamburg","Natur und Landschaft","NA","NA","Maria Sporbert","Maria Sporbert, Leana Meder","AgrarOffen","NA","halboffene Weidelandschaft","Deutschland","Schleswig-Holstein","NA","9,82E+28","5,42E+28",100,"Abundanz","Zeit","Wirbellose","Arthropoden","Arthropoden","1.0",2000,2003,3,2,"Beobachtung","positive","NA","NA","Mahdregime","NA","E+E Vorhaben ""Halboffene Weidelandschaft Höltigbaum""","Literatur","D","NA","NA","NA"
20,"V8F5I2CM","NA","Eischeid",2006,"Entwicklung einer halboffenen Weidelandschaft im Großraum Hamburg","Natur und Landschaft","NA","NA","Maria Sporbert","Maria Sporbert, Leana Meder","AgrarOffen","NA","halboffene Weidelandschaft","Deutschland","Schleswig-Holstein","NA","9,82E+28","5,42E+28",100,"Abundanz","Zeit","Pflanzen","Pflanzen","Pflanzen","10.0",2000,2003,3,2,"Beobachtung","positive","NA","NA","Mahdregime","NA","E+E Vorhaben ""Halboffene Weidelandschaft Höltigbaum""","Literatur","D","NA","NA","NA"
478,"VBCP6AHU","non_Sys","Meisel, K.",1983,"Zum Nachweis von Grünlandveränderungen durch Vegetationserhebungen","Tuexenia NS3: 407-415","https://www.tuexenia.de/publications/tuexenia/Tuexenia_1983_NS_003_0407-0415.pdf","NA","Maria Sporbert","Maria Sporbert","AgrarOffen","Grünland","NA","Deutschland","Niedersachsen","Seitenkanal bei Braunschweig","1,04E+28","5,23E+16",10,"Abundanz","Zeit","Pflanzen","Pflanzen","Pflanzen",">20",1946,1982,36,2,"Beobachtung","negative","NA","NA","NA","NA","NA","Literatur","D","NA","NA","NA"
477,"VBCP6AHU","non_Sys","Meisel, K.",1983,"Zum Nachweis von Grünlandveränderungen durch Vegetationserhebungen","Tuexenia NS3: 407-415","https://www.tuexenia.de/publications/tuexenia/Tuexenia_1983_NS_003_0407-0415.pdf","NA","Maria Sporbert","Maria Sporbert","AgrarOffen","Grünland","NA","Deutschland","Niedersachsen","Seitenkanal bei Braunschweig","1,04E+28","5,23E+16",10,"Artenzahl","Zeit","Pflanzen","Pflanzen","Pflanzen","Antwortvariable",1946,1982,36,2,"Beobachtung","negative","NA","NA","NA","NA","NA","Literatur","D","NA","NA","NA"
59,"VFZNR3HP","NA","Koch",1996,"Zur Entwicklung und Pflege von Kalkmagerrasen: Untersuchungen zur Vegetationsentwicklung und zum Samenpotential im Naturschutzgebiet Silberberg, Landkreis Osnabrueck","Natur und Landschaft","NA","NA","Maria Sporbert","Maria Sporbert, Leana Meder","AgrarOffen","NA","Kalkmagerrasen","Deutschland","Niedersachsen","NSG Silberberg","8,49E+28","5,12E+20",5,"Abundanz","Zeit","Pflanzen","Pflanzen","Pflanzen",">20",1932,1992,60,4,"Beobachtung","no","Andere","NSG Silberberg","NA","NA","NA","Literatur","D","NA","NA","NA"
294,"VKY98JWF","Sys","Kiehl, K., Pfadenhauer, J.",2007,"Establishment and persistence of target species in newly created calcareous grasslands on former arable fields","Plant Ecology (formerly Vegetatio 1948-1996)","https://doi.org/10.1007/s11258-006-9164-x","NA","Annika Lidle","Leana Meder","AgrarOffen","calcareous grasslands on former arable fields","NA","Deutschland","Bayern","Nähe NSG ""Garchinger Heide"", nördlich von München","11.65","48.3","NA","Artenzahl","Zeit, treatment: topsoil-removal","Pflanzen","Pflanzen","Pflanzen","Antwortvariable",1993,2002,9,10,"Experiment","positive","NA","NA","NA","NA","Pararendzina","Literatur","D","NA","NA","NA"
78,"VUQCHP5Q","NA","Müller",2021,"Der nationale Bericht 2019 zu Lebensraumtypen und Arten der FFH-Richtlinie - ein Überblick über die Ergebnisse","Natur und Landschaft","NA","NA","Maria Sporbert","Maria Sporbert, Leana Meder","AgrarOffen","atlantisch, kontinental, alpin","atlantisch, kontinental, alpin","Deutschland","NA","alpin, atlantisch, kontinental","NA","NA","NA","Abundanz","Zeit","Pflanzen","Pflanzen","Pflanzen","2.0",2013,2019,6,2,"Beobachtung","negative","NA","NA","NA","NA","NA","Literatur","D","NA","NA","NA"
76,"VUQCHP5Q","NA","Müller",2021,"Der nationale Bericht 2019 zu Lebensraumtypen und Arten der FFH-Richtlinie - ein Überblick über die Ergebnisse","Natur und Landschaft","NA","NA","Maria Sporbert","Maria Sporbert, Leana Meder","AgrarOffen","atlantisch, kontinental, alpin","atlantisch, kontinental, alpin","Deutschland","NA","alpin, atlantisch, kontinental","NA","NA","NA","Abundanz","Zeit","Wirbeltiere","Säuger","Säuger","5.0",2013,2019,6,2,"Beobachtung","negative","NA","NA","NA","NA","NA","Literatur","D","NA","NA","NA"
77,"VUQCHP5Q","NA","Müller",2021,"Der nationale Bericht 2019 zu Lebensraumtypen und Arten der FFH-Richtlinie - ein Überblick über die Ergebnisse","Natur und Landschaft","NA","NA","Maria Sporbert","Maria Sporbert, Leana Meder","AgrarOffen","atlantisch, kontinental, alpin","atlantisch, kontinental, alpin","Deutschland","NA","alpin, atlantisch, kontinental","NA","NA","NA","Abundanz","Zeit","Wirbellose","Arthropoden","Arthropoden","1.0",2013,2019,6,2,"Beobachtung","negative","NA","NA","NA","NA","NA","Literatur","D","NA","NA","NA"
75,"VUQCHP5Q","NA","Müller",2021,"Der nationale Bericht 2019 zu Lebensraumtypen und Arten der FFH-Richtlinie - ein Überblick über die Ergebnisse","Natur und Landschaft","NA","NA","Maria Sporbert","Maria Sporbert, Leana Meder","AgrarOffen","atlantisch, kontinental, alpin","atlantisch, kontinental, alpin","Deutschland","NA","alpin, atlantisch, kontinental","NA","NA","NA","Abundanz","Zeit","Wirbellose","Arthropoden","Arthropoden","1.0",2013,2019,6,2,"Beobachtung","negative","NA","NA","NA","NA","NA","Literatur","D","NA","NA","NA"
10314,"W35X2UGT","Sys","Schuch, S. et al.",2012,"Long-term population trends in three grassland insect groups: A comparative analysis of 1951 and 2009","Journal of Applied Entomology 136: 321-331","10.1111/j.1439-0418.2011.01645.x","NA","Denicia Kassie","Konrad Adler","AgrarOffen","unterschiedliche Ausprägungen von bewirtschaftetem Grünland (trocken bis feucht)","Waldfreie Niedermoore und Sümpfe, Grünland nasser bis feuchter Standorte, Trockenrasen sowie Grünland trockener bis frischer Standorte","Deutschland","Niedersachsen","nahe Stolzenau und Leese","9,09E+30","52509.0","NA","Artenzahl","Zeit","Wirbellose","Arthropoden","Arthropoden","Antwortvariable",1951,2009,58,2,"Beobachtung","no","NA","NA","NA","NA","genaue Lebensraumbeschreibungen aller Plots siehe Tab.1","Literatur","D","NA","NA","NA"
10312,"W35X2UGT","Sys","Schuch, S. et al.",2012,"Long-term population trends in three grassland insect groups: A comparative analysis of 1951 and 2009","Journal of Applied Entomology 136: 321-331","10.1111/j.1439-0418.2011.01645.x","NA","Denicia Kassie","Konrad Adler","AgrarOffen","unterschiedliche Ausprägungen von bewirtschaftetem Grünland (trocken bis feucht)","Waldfreie Niedermoore und Sümpfe, Grünland nasser bis feuchter Standorte, Trockenrasen sowie Grünland trockener bis frischer Standorte","Deutschland","Niedersachsen","nahe Stolzenau und Leese","9,09E+30","52509.0","NA","Artenzahl","Zeit","Wirbellose","Arthropoden","Arthropoden","Antwortvariable",1951,2009,58,2,"Beobachtung","positive","NA","NA","NA","NA","genaue Lebensraumbeschreibungen aller Plots siehe Tab.1","Literatur","D","NA","NA","NA"
10313,"W35X2UGT","Sys","Schuch, S. et al.",2012,"Long-term population trends in three grassland insect groups: A comparative analysis of 1951 and 2009","Journal of Applied Entomology 136: 321-331","10.1111/j.1439-0418.2011.01645.x","NA","Denicia Kassie","Konrad Adler","AgrarOffen","unterschiedliche Ausprägungen von bewirtschaftetem Grünland (trocken bis feucht)","Waldfreie Niedermoore und Sümpfe, Grünland nasser bis feuchter Standorte, Trockenrasen sowie Grünland trockener bis frischer Standorte","Deutschland","Niedersachsen","nahe Stolzenau und Leese","9,09E+30","52509.0","NA","Artenzahl","Zeit","Wirbellose","Arthropoden","Arthropoden","Antwortvariable",1951,2009,58,2,"Beobachtung","positive","NA","NA","NA","NA","genaue Lebensraumbeschreibungen aller Plots siehe Tab.1","Literatur","D","NA","NA","NA"
10317,"W35X2UGT","Sys","Schuch, S. et al.",2012,"Long-term population trends in three grassland insect groups: A comparative analysis of 1951 and 2009","Journal of Applied Entomology 136: 321-331","10.1111/j.1439-0418.2011.01645.x","NA","Denicia Kassie","Konrad Adler","AgrarOffen","unterschiedliche Ausprägungen von bewirtschaftetem Grünland (trocken bis feucht)","Waldfreie Niedermoore und Sümpfe, Grünland nasser bis feuchter Standorte, Trockenrasen sowie Grünland trockener bis frischer Standorte","Deutschland","Niedersachsen","nahe Stolzenau und Leese","9,09E+30","52509.0","NA","ENS","Zeit","Wirbellose","Arthropoden","Arthropoden","Antwortvariable",1951,2009,58,2,"Beobachtung","positive","NA","NA","NA","NA","genaue Lebensraumbeschreibungen aller Plots siehe Tab.1","Literatur","D","NA","NA","NA"
10315,"W35X2UGT","Sys","Schuch, S. et al.",2012,"Long-term population trends in three grassland insect groups: A comparative analysis of 1951 and 2009","Journal of Applied Entomology 136: 321-331","10.1111/j.1439-0418.2011.01645.x","NA","Denicia Kassie","Konrad Adler","AgrarOffen","unterschiedliche Ausprägungen von bewirtschaftetem Grünland (trocken bis feucht)","Waldfreie Niedermoore und Sümpfe, Grünland nasser bis feuchter Standorte, Trockenrasen sowie Grünland trockener bis frischer Standorte","Deutschland","Niedersachsen","nahe Stolzenau und Leese","9,09E+30","52509.0","NA","ENS","Zeit","Wirbellose","Arthropoden","Arthropoden","Antwortvariable",1951,2009,58,2,"Beobachtung","negative","NA","NA","NA","NA","genaue Lebensraumbeschreibungen aller Plots siehe Tab.1","Literatur","D","NA","NA","NA"
10316,"W35X2UGT","Sys","Schuch, S. et al.",2012,"Long-term population trends in three grassland insect groups: A comparative analysis of 1951 and 2009","Journal of Applied Entomology 136: 321-331","10.1111/j.1439-0418.2011.01645.x","NA","Denicia Kassie","Konrad Adler","AgrarOffen","unterschiedliche Ausprägungen von bewirtschaftetem Grünland (trocken bis feucht)","Waldfreie Niedermoore und Sümpfe, Grünland nasser bis feuchter Standorte, Trockenrasen sowie Grünland trockener bis frischer Standorte","Deutschland","Niedersachsen","nahe Stolzenau und Leese","9,09E+30","52509.0","NA","ENS","Zeit","Wirbellose","Arthropoden","Arthropoden","Antwortvariable",1951,2009,58,2,"Beobachtung","positive","NA","NA","NA","NA","genaue Lebensraumbeschreibungen aller Plots siehe Tab.1","Literatur","D","NA","NA","NA"
10272,"W5389F7J","Sys","Filz, KJ et al.",2013,"Missing the target? A critical view on butterfly conservation efforts on calcareous grasslands in south-western Germany","Biodivers Conserv (2013) 22:2223–2241","10.1007/s10531-012-0413-0","NA","Denicia Kassie","Konrad Adler","AgrarOffen","Weinbergsbrachen und Kalkmagerrasen","Äcker und Ackerbrachen, Trockenrasen sowie Grünland trockener bis frischer Standorte","Deutschland","Rheinland-Pfalz","Trier","6,64E+19","49759.0","NA","Artenzahl","Zeit","Wirbellose","Arthropoden","Arthropoden","Antwortvariable",1972,2011,39,2,"Beobachtung","negative","NA","NA","Kalkmagerrasenflächen als Naturschutzgebiete","NA","Tabelle enthält auch Daten für die einzelnen Spezies","Literatur","D","NA","NA","NA"
1,"W9C4JCCD","neo","Alberternst",2009,"Auswirkungen invasiver Arten und Vorsorge: Sofortmaßnahmen und Management am Beispiel von vier unterschiedlich weit verbreiteten Neophyten","Natur und Landschaft","NA","NA","Maria Sporbert","Maria Sporbert, Leana Meder","AgrarOffen","NA","NA","Deutschland","NA","NA","10279.0","51415.0",700,"Abundanz","Zeit","Pflanzen","Pflanzen","Pflanzen","3.0",1950,2006,56,3,"Beobachtung","positive","NA","NA","NA","NA","NA","Literatur","D","NA","NA","NA"
10311,"WB3CWSCG","Sys","Rosenthal, G.",2010,"Secondary succession in a fallow central European wet grassland","Flora 205 (2010) 153–160","10.1016/j.flora.2009.02.003","NA","Amibeth Thompson","Konrad Adler","AgrarOffen","feuchte Grünland- und Schilfvegetation (bis zum Start des Experiments eine extensiv als Heuwiese genutzte Calthion-Gesellschaft)","Waldfreie Niedermoore und Sümpfe, Grünland nasser bis feuchter Standorte","Deutschland","Bremen","Oerenstreek im NSG Borgfelder Wümmewiesen nahe Bremen","8,94E+30","5,31E+20","NA","Artenzahl","Zeit","Pflanzen","Farn- und Blütenpflanzen","Farn- und Blütenpflanzen","Antwortvariable",1983,2006,23,12,"Experiment","negative","Andere","Naturschutzgebiet ""Borgfelder Wümmewiesen""","NA","Einstellung der Mahd (vorher Nutzung als Heuwiese mit 2 Schnitten pro Jahr) im Jahre 1983, 1985 und 1992 (je nach Plot)","Angabe zum Boden: ""fen soils""","Literatur","D","NA","NA","NA"
474,"WHZAMPTQ","non_Sys","Kutzelnigg, H.",1984,"Veränderungen der Ackerwildkrautflora im Gebiet um Moers/Niederrhein seit 1950 und ihre Ursachen","Tuexenia 4: 81–102","https://www.tuexenia.de/publications/tuexenia/Tuexenia_1984_NS_004_0081-0102.pdf","NA","Maria Sporbert","Maria Sporbert","AgrarOffen","Äcker und Ackerbrachen","NA","Deutschland","Nordrhein-Westfalen","Moers/Niederrhein, Linksniederrheinische Nie­derterrassenebene, MTBs 4505 Moers und 4405 Rheinberg, weitere Auf­nahmen aus 4404 Issum, 4506 Duisburg und 4605 Krefeld.","7,56E+28","5,15E+28",150,"Abundanz","Zeit","Pflanzen","Pflanzen","Pflanzen",">20",1950,1980,30,2,"Beobachtung","negative","NA","NA","NA","NA","NA","Literatur","D","NA","NA","NA"
473,"WHZAMPTQ","non_Sys","Kutzelnigg, H.",1984,"Veränderungen der Ackerwildkrautflora im Gebiet um Moers/Niederrhein seit 1950 und ihre Ursachen","Tuexenia 4: 81–102","https://www.tuexenia.de/publications/tuexenia/Tuexenia_1984_NS_004_0081-0102.pdf","NA","Maria Sporbert","Maria Sporbert","AgrarOffen","Äcker und Ackerbrachen","NA","Deutschland","Nordrhein-Westfalen","Moers/Niederrhein, Linksniederrheinische Nie­derterrassenebene, MTBs 4505 Moers und 4405 Rheinberg, weitere Auf­nahmen aus 4404 Issum, 4506 Duisburg und 4605 Krefeld.","6,67E+28","5,15E+20",5,"Artenzahl","Zeit","Pflanzen","Pflanzen","Pflanzen","Antwortvariable",1950,1980,30,2,"Beobachtung","no","NA","NA","NA","NA","NA","Literatur","D","NA","NA","NA"
10235,"WMZN8WDF","NA","Ryslavy, T.",2017,"Zur Bestandssituation ausgewählter Vogelarten in Brandenburg _ Jahresbericht 2013,2014 & 2015","Naturschutz und Landschaftspflege in Brandenburg","NA","NA","Lena Hartmann","Lena Hartmann","AgrarOffen","NA","NA","Deutschland","Brandenburg","Region Potsdam,Frankfurt (Oder) und Cottbus","1,39E+30","5,21E+30","NA","Abundanz","Zeit","Wirbeltiere","Vögel","Vögel",">20",2013,2015,2,3,"Beobachtung","no","NA","NA","NA","NA","Wie soll der Trend angegeben werden, wenn jede der untersuchten Arten einen eigenen Trend hat?","Literatur","D","NA","NA","NA"
10285,"WV3G4AIU","non_Sys","Hussein, MLA et al.",2020,"Artenvielfalt, Verbreitung und Abundanzdynamik der Schnellkäfer (Col., Elateridae) in Sachsen-Anhalt mittels Pheromonfallen (2009 – 2018)","Mitt. Dtsch. Ges. allg. angew. Ent. 22: 113-119","nicht vorhanden","NA","Amibeth Thompson","Konrad Adler","AgrarOffen","NA","NA","Deutschland","Sachsen-Anhalt","Poppau (Altmarkkreis Salzwedel), Bornum (Landkreis Anhalt-Zerbst), Quedlinburg (Landkreis Harz), Dederstedt (Landkreis Mansfeld-Südharz)","1,11E+28","5,27E+28","NA","Abundanz","Zeit","Wirbellose","Arthropoden","Arthropoden","4.0",2009,2018,9,10,"Beobachtung","no","NA","NA","NA","NA","NA","Literatur","D","NA","NA","NA"
10337,"XL5BIABT","Sys","Stanik, N. et al.",2021,"Extreme droughts in oligotrophic mountain grasslands cause substantial species abundance changes and amplify community filtering","Applied Vegetation Science 24:e12617.","10.1111/avsc.12617","NA","Amibeth Thompson","Konrad Adler","AgrarOffen","oligotrophe montane Nardus-Grünlandflächen (Nardetalia strictae)","Gebirgsrasen (subalpine bis alpine Stufe)","Deutschland","Hessen","Berg Wasserkuppe in der Rhön","9,93E+19","5,05E+20","NA","ENS","Zeit","Pflanzen","Farn- und Blütenpflanzen","Farn- und Blütenpflanzen","Antwortvariable",2017,2020,3,4,"Experiment","positive","Andere","Biosphärenreservat Rhön","NA","NA","Angabe zum Boden: skeletal brown earth with 47.1% (SD 2.1) silt, 47.0% (SD 2.6) clay, and 5.9% (SD 1.1) sand","Literatur","D","NA","NA","NA"
10336,"XL5BIABT","Sys","Stanik, N. et al.",2021,"Extreme droughts in oligotrophic mountain grasslands cause substantial species abundance changes and amplify community filtering","Applied Vegetation Science 24:e12617.","10.1111/avsc.12617","NA","Amibeth Thompson","Konrad Adler","AgrarOffen","oligotrophe montane Nardus-Grünlandflächen (Nardetalia strictae)","Gebirgsrasen (subalpine bis alpine Stufe)","Deutschland","Hessen","Berg Wasserkuppe in der Rhön","9,93E+19","5,05E+20","NA","Artenzahl","Zeit","Pflanzen","Farn- und Blütenpflanzen","Farn- und Blütenpflanzen","Antwortvariable",2017,2020,3,4,"Experiment","no","Andere","Biosphärenreservat Rhön","NA","NA","Angabe zum Boden: skeletal brown earth with 47.1% (SD 2.1) silt, 47.0% (SD 2.6) clay, and 5.9% (SD 1.1) sand","Literatur","D","NA","NA","NA"
904,"XWF6H9Y7","NA","Baasch, A., Engst, K., Schmeide, R., May, K., Tischew, S.",2016,"Enhancing success in grassland restoration by adding regionally propagated target species","Ecological Engineering","NA","NA","Annika Lidle","Leana Meder","AgrarOffen","NA","Trockenrasen sowie Grünland trockener bis frischer Standorte","Deutschland","Sachsen-Anhalt","Wittenberg (Umland)","46246.0","5,19E+28","NA","Abundanz","Zeit","Pflanzen","Pflanzen","Pflanzen",">20",2010,2015,5,5,"Experiment","no","Andere","Natura 2000 - ""Küchenholzgraben bei Zahna""","Wiederansiedlung/Auswilderung","NA","Im Abstract sprechen die Autor:innen von einem moderatem Anstieg der Species cover, allerdings wird das im Text nicht mehr erwähnt und auh die Abbildung zeigt irgendwie kein eindeutiges Muster (höchstens unimodal pos-neg, aber das auch nicht einheitlich),","Literatur","D","NA","NA","NA"
905,"XWF6H9Y7","NA","Baasch, A., Engst, K., Schmeide, R., May, K., Tischew, S.",2016,"Enhancing success in grassland restoration by adding regionally propagated target species","Ecological Engineering","NA","NA","Annika Lidle","Leana Meder","AgrarOffen","NA","Trockenrasen sowie Grünland trockener bis frischer Standorte","Deutschland","Sachsen-Anhalt","Wittenberg (Umland)","46246.0","5,19E+28","NA","Artenzahl","Zeit","Pflanzen","Pflanzen","Pflanzen",">20",2010,2015,5,5,"Experiment","positive","Andere","Natura 2000 - ""Küchenholzgraben bei Zahna""","Wiederansiedlung/Auswilderung","NA","NA","Literatur","D","NA","NA","NA"
44,"XYWHBZ6X","NA","Hellberg",2003,"Vegetationsentwicklung in Feuchtwiesen bei Brache und Vernässung - Erfahrungen aus nordwestdeutschen Flussniederungen","Natur und Landschaft","NA","NA","Maria Sporbert","Maria Sporbert, Leana Meder","AgrarOffen","Feuchtwiesen","Feuchtwiesen","Deutschland","Niedersachsen","Ostetal/ Wümmewiesen","9,33E+28","5,31E+18",20,"Abundanz","Zeit","Pflanzen","Pflanzen","Pflanzen","27.0",1973,2001,28,3,"Beobachtung","no","Andere","NSG Borgfelder Wümmewiesen","Vernässung durch Stauhaltung, Wiedermahd von Feuchtgrünlandbrachen","NA","NA","Literatur","D","NA","NA","NA"
293,"XZ3TNC36","Sys","Poptcheva, K., Schwartze, P., Vogel, A., Kleinebecker, T., Hölzel, N.",2009,"Changes in wet meadow vegetation after 20 years of different management in a field experiment (north-west Germany)","Agriculture, Ecosystems & Environment","https://doi.org/10.1016/J.AGEE.2009.06.004","NA","Annika Lidle","Leana Meder","AgrarOffen","Frischwiesenvegetation","NA","Deutschland","Nordrhein-Westfalen","Münsterland","7,58E+28","5,19E+20",50,"Abundanz","Zeit, Düngung","Pflanzen","Pflanzen","Pflanzen","keine Details",1987,2007,20,4,"Experiment","positive","NA","NA","Mahdregime, Monitoring, Düngemitteleinsatz (verschiedene Stufen)","NA","Histosol, Rigosol, Gleyic Podzol, Eutric Gleysol","Literatur","D","NA","NA","NA"
460,"Y94MQK4I","non_Sys","Ant, H. & Wedeck, H.",1996,"Änderungen in der Artenzusammensetzung der Ackerunkraut­ vegetation sowie der Schneckenfauna auf Kalkböden nördlich von Hamm (Westfalen) zwischen 1969 und 1994","Tuexenia 16: 497-507","https://www.tuexenia.de/publications/tuexenia/Tuexenia_1996_NS_016_0497-0507.pdf","NA","Maria Sporbert","Maria Sporbert","AgrarOffen","Kalkäcker","NA","Deutschland","Nordrhein-Westfalen","nördlich von Hamm, Umgebung des Kurricker Berges und der Dorfbau­ erschaft Henneberg","7,76E+28","5,17E+20",10,"Artenzahl","Zeit","Wirbellose","Andere_Wirbellose","Landschnecken","Antwortvariable",1950,1994,44,2,"Beobachtung","negative","NA","NA","NA","NA","NA","Literatur","D","NA","NA","NA"
459,"Y94MQK4I","non_Sys","Ant, H. & Wedeck, H.",1996,"Änderungen in der Artenzusammensetzung der Ackerunkraut­ vegetation sowie der Schneckenfauna auf Kalkböden nördlich von Hamm (Westfalen) zwischen 1969 und 1994","Tuexenia 16: 497-507","https://www.tuexenia.de/publications/tuexenia/Tuexenia_1996_NS_016_0497-0507.pdf","NA","Maria Sporbert","Maria Sporbert","AgrarOffen","Kalkäcker","NA","Deutschland","Nordrhein-Westfalen","nördlich von Hamm, Umgebung des Kurricker Berges und der Dorfbau­ erschaft Henneberg","7,76E+28","5,17E+20",10,"Artenzahl","Zeit","Pflanzen","Pflanzen","Pflanzen","Antwortvariable",1969,1991,22,2,"Beobachtung","negative","NA","NA","NA","NA","NA","Literatur","D","NA","NA","NA"
542,"YAJXFX5P","Sys","Riesch, F. et al.",2020,"Grazing by wild red deer maintains characteristic vegetation of semi-natural open habitats: Evidence from a three-year exclusion experiment","Appl Veg Sci. 23:522–538","10.1111/avsc.12505","NA","Konrad Adler","Konrad Adler","AgrarOffen","Grünland (Verbund Arrhenatherion elatioris)","Trockenrasen sowie Grünland trockener bis frischer Standorte","Deutschland","Bayern","US Army Garisson Truppenübungsplatz Grafenwöhr","1,18E+28","4,97E+28","NA","ENS","Zeit","Pflanzen","Pflanzen","Pflanzen","Antwortvariable",2014,2018,4,2,"Experiment","negative","NA","NA","ab 2015 verschiedene Managements (abbrennen, mähen, kein Management, Details im Text) hier nur Ergebnisse der Kontrollplots","NA","Angabe zum Boden: calcareous soils (Grünland) und highly acidic, sandy soils (Heide)","Literatur","D","NA","NA","NA"
492,"YAJXFX5P","Sys","Riesch, F. et al.",2020,"Grazing by wild red deer maintains characteristic vegetation of semi-natural open habitats: Evidence from a three-year exclusion experiment","Appl Veg Sci. 23:522–538","10.1111/avsc.12505","NA","Konrad Adler","Konrad Adler","AgrarOffen","Grünland (Verbund Arrhenatherion elatioris)","Trockenrasen sowie Grünland trockener bis frischer Standorte","Deutschland","Bayern","US Army Garisson Truppenübungsplatz Grafenwöhr","1,18E+28","4,97E+28","NA","Artenzahl","Zeit","Pflanzen","Pflanzen","Pflanzen","Antwortvariable",2014,2018,4,2,"Experiment","negative","NA","NA","ab 2015 verschiedene Managements (abbrennen, mähen, kein Management, Details im Text) hier nur Ergebnisse der Kontrollplots","NA","Angabe zum Boden: calcareous soils (Grünland) und highly acidic, sandy soils (Heide)","Literatur","D","NA","NA","NA"
543,"YAJXFX5P","Sys","Riesch, F. et al.",2020,"Grazing by wild red deer maintains characteristic vegetation of semi-natural open habitats: Evidence from a three-year exclusion experiment","Appl Veg Sci. 23:522–538","10.1111/avsc.12505","NA","Konrad Adler","Konrad Adler","AgrarOffen","Grünland (Verbund Arrhenatherion elatioris)","Trockenrasen sowie Grünland trockener bis frischer Standorte","Deutschland","Bayern","US Army Garisson Truppenübungsplatz Grafenwöhr","1,18E+28","4,97E+28","NA","ENS","Zeit","Pflanzen","Pflanzen","Pflanzen","Antwortvariable",2014,2018,4,2,"Experiment","positive","NA","NA","ab 2015 verschiedene Managements (abbrennen, mähen, kein Management, Details im Text) hier nur Ergebnisse der Kontrollplots","NA","Angabe zum Boden: calcareous soils (Grünland) und highly acidic, sandy soils (Heide)","Literatur","D","NA","NA","NA"
10262,"YGMKNXWW","Sys","Bornkamm, R.",2006,"Fifty years vegetation development of a xerothermic calcareous grassland in Central Europe after heavy disturbance","Flora 201 (2006) 249–267","10.1016/j.flora.2005.06.012","NA","Denicia Kassie","Konrad Adler","AgrarOffen","xerothermer Kalkmagerrasen (Grünland), Gentiano – Koelerietum pyramidatae (Mesobromion alliance)","Trockenrasen sowie Grünland trockener bis frischer Standorte","Deutschland","Niedersachsen","unterer Bereich des Südhang Feldbornberg","9,98E+19","51.55","NA","ENS","Zeit","Pflanzen","Farn- und Blütenpflanzen","Farn- und Blütenpflanzen","Antwortvariable",1953,2003,50,51,"Beobachtung, Experiment","no","NA","NA","verschiedene Störungen über den Zeitraum der Beobachtung (Feuer, Beweidung, Menschen….)","Entfernung der Vegetation zu Beginn der Beobachtung","Angabe zum Boden: skeleton-rich calcareous Rendzina soil developed on lower Muschelkalk","Literatur","D","NA","NA","NA"
10263,"YGMKNXWW","Sys","Bornkamm, R.",2006,"Fifty years vegetation development of a xerothermic calcareous grassland in Central Europe after heavy disturbance","Flora 201 (2006) 249–267","10.1016/j.flora.2005.06.012","NA","Denicia Kassie","Konrad Adler","AgrarOffen","xerothermer Kalkmagerrasen (Grünland), Gentiano – Koelerietum pyramidatae (Mesobromion alliance)","Trockenrasen sowie Grünland trockener bis frischer Standorte","Deutschland","Niedersachsen","unterer Bereich des Südhang Feldbornberg","9,98E+19","51.55","NA","ENS","Zeit","Pflanzen","Farn- und Blütenpflanzen","Farn- und Blütenpflanzen","Antwortvariable",1953,2003,50,51,"Beobachtung, Experiment","no","NA","NA","verschiedene Störungen über den Zeitraum der Beobachtung (Feuer, Beweidung, Menschen….)","Entfernung der Vegetation zu Beginn der Beobachtung","Angabe zum Boden: skeleton-rich calcareous Rendzina soil developed on lower Muschelkalk","Literatur","D","NA","NA","NA"
10261,"YGMKNXWW","Sys","Bornkamm, R.",2006,"Fifty years vegetation development of a xerothermic calcareous grassland in Central Europe after heavy disturbance","Flora 201 (2006) 249–267","10.1016/j.flora.2005.06.012","NA","Denicia Kassie","Konrad Adler","AgrarOffen","xerothermer Kalkmagerrasen (Grünland), Gentiano – Koelerietum pyramidatae (Mesobromion alliance)","Trockenrasen sowie Grünland trockener bis frischer Standorte","Deutschland","Niedersachsen","unterer Bereich des Südhang Feldbornberg","9,98E+19","51.55","NA","Artenzahl","Zeit","Pflanzen","Farn- und Blütenpflanzen","Farn- und Blütenpflanzen","Antwortvariable",1953,2003,50,51,"Beobachtung, Experiment","no","NA","NA","verschiedene Störungen über den Zeitraum der Beobachtung (Feuer, Beweidung, Menschen….)","Entfernung der Vegetation zu Beginn der Beobachtung","Angabe zum Boden: skeleton-rich calcareous Rendzina soil developed on lower Muschelkalk","Literatur","D","NA","NA","NA"
170,"YKAXBJKI","NA","Berthold, P",2003,"Die Veränderung der Brutvogelfauna in zwei süddeutschen Dorfgemeindebereichen in den letzten fünf bzw. drei Jahrzehnten oder: verlorene Paradiese?","J. Ornithol. 144, 385±410 (2003)","NA","NA","Sarah Olberg","Johanna Henze","AgrarOffen","Gebiet um den Bodensee","Grün- und Freiflächen","Deutschland","Baden-Württemberg","um Billafingen bei Owinge, Möggingen, Bodensee","9,13E+28","4,78E+20",10,"Abundanz","Zeit","Wirbeltiere","Vögel","Vögel",">20",1954,2002,48,48,"Beobachtung","negative","NA","NA","NA","NA","NA","Literatur","D","NA","NA","NA"
172,"YKAXBJKI","NA","Berthold, P",2003,"Die Veränderung der Brutvogelfauna in zwei süddeutschen Dorfgemeindebereichen in den letzten fünf bzw. drei Jahrzehnten oder: verlorene Paradiese?","J. Ornithol. 144, 385±410 (2003)","NA","NA","Sarah Olberg","Johanna Henze","AgrarOffen","Gebiet um den Bodensee","Grün- und Freiflächen","Deutschland","Baden-Württemberg","um Billafingen bei Owinge, Möggingen, Bodensee","9,13E+28","4,78E+20",10,"Artenzahl","Zeit","Wirbeltiere","Vögel","Vögel",">20",1954,2002,48,48,"Beobachtung","negative","NA","NA","NA","NA","NA","Literatur","D","NA","NA","NA"
171,"YKAXBJKI","NA","Berthold, P",2003,"Die Veränderung der Brutvogelfauna in zwei süddeutschen Dorfgemeindebereichen in den letzten fünf bzw. drei Jahrzehnten oder: verlorene Paradiese?","J. Ornithol. 144, 385±410 (2003)","NA","NA","Sarah Olberg","Johanna Henze","AgrarOffen","Gebiet um den Bodensee","Grün- und Freiflächen","Deutschland","Baden-Württemberg","um Billafingen bei Owinge, Möggingen, Bodensee","9,13E+28","4,78E+20",10,"Abundanz","Zeit","Wirbeltiere","Vögel","Vögel",">20",1954,2002,48,48,"Beobachtung","negative","NA","NA","NA","NA","NA","Literatur","D","NA","NA","NA"
10426,"YU7JSAZ5","NA","Thiele H. U. , H. Lehmann",1959,"Die Vögel des Niederbergischen Landes","Jahresbericht des Naturwissenschaftlichen Vereins in Wuppertal, Heft 18, 1959, Seite 43","NA","NA","Maria Sporbert","Anneka Bücher","AgrarOffen","NA","Grün- und Freiflächen","Deutschland","Nordrhein-Westfalen","Wuppertal","7,14E+26","5,13E+28","NA","Abundanz","Zeit","Wirbeltiere","Vögel","Vögel","1.0",1944,1949,5,5,"Beobachtung","negative to positive","NA","NA","Kriegsende","NA","NA","Literatur","D","NA","NA","NA"
135,"YU7JSAZ5","NA","Thiele",2016,"Bestandsdynamik von Moor-Schmetterlingen in Mecklenburg-Vorpommern über 125 Jahre: anthropogen und klimatisch bedingte Ursachen der Bestandsschwankungen tyrphobionter und -philer Arten","Naturschutz und Landschaftsplanung","NA","NA","Maria Sporbert","Maria Sporbert","AgrarOffen","Hochmoor","Hochmoor","Deutschland","Mecklenburg-Vorpommern","närstoffarme Moore","1,25E+26","5,38E+28",100,"Abundanz","Zeit","Wirbellose","Arthropoden","Arthropoden","9.0",1900,1991,91,4,"Beobachtung","negative","NA","NA","NA","NA","Managementempfehlungen","Literatur","D","NA","NA","NA"
213,"Z4WRX8KG","NA","Wolf",2013,"Zur Entwicklung von Fragmenten borealer Moorvegetation nach ihrer Verpflanzung - Ergebnisse eines Experiments in der Lausitz","Hercynia","NA","NA","Emilia Schlotfeldt","Emilia Schlotfeldt","AgrarOffen","Hochmoor","NA","Deutschland","Sachsen","Lausitz, ehemaliges NSG „Altteicher Moor und Große Jeseritzen“ und wiedervernässter Waldmoor-Ersatzstandort FFH-Gebiet „Trebendorfer Tiergarten“.","1,46E+28","5,15E+20",20,"Abundanz","Zeit","Pflanzen","Pflanzen","Pflanzen","9.0",2005,2012,7,3,"Experiment","negative","NA","NA","NA","NA","NA","Literatur","D","NA","NA","NA"
212,"Z4WRX8KG","NA","Wolf",2013,"Zur Entwicklung von Fragmenten borealer Moorvegetation nach ihrer Verpflanzung - Ergebnisse eines Experiments in der Lausitz","Hercynia","NA","NA","Emilia Schlotfeldt","Emilia Schlotfeldt","AgrarOffen","Hochmoor","NA","Deutschland","Sachsen","Lausitz, ehemaliges NSG „Altteicher Moor und Große Jeseritzen“ und wiedervernässter Waldmoor-Ersatzstandort FFH-Gebiet „Trebendorfer Tiergarten“.","1,46E+28","5,15E+20",20,"Abundanz","Zeit","Pflanzen","Moose","Moose","5.0",2005,2012,7,3,"Experiment","negative to positive","NA","NA","NA","NA","NA","Literatur","D","NA","NA","NA"
9,"ZGUQZDAR","NA","Bohn",1987,"Beobachtungen zur spontanen Gruenlandregeneration auf Fichtenraeumungsflaechen im Naturschutzgebiet Rotes Moor/Hohe Rhoen","Natur und Landschaft","NA","NA","Maria Sporbert","Maria Sporbert, Leana Meder","AgrarOffen","Grünland, nach Fichtenräumung","Grünland nasser bis feuchter Standorte","Deutschland","Hessen","NSG ""Rotes Moor"", Hohe Rhön","9,98E+28","5,05E+20",1,"Abundanz","Zeit","Pflanzen","Pflanzen","Pflanzen",">20",1982,1986,4,2,"Beobachtung","positive","Andere","NSG Rotes Moor","Mahdregime (Beseitigung Fichten)","NA","NA","Literatur","D","NA","NA","NA"
10356,"ZVXC3I83","NA","Hacker, H.",1995,"Bestandsentwicklung und -rückgang einheimischer Schmetterlinge in diesem Jahrhundert, dargestellt am Beispiel des Landkreises Lichtenfels (nördlichster Frankenjura)","Beiträge zur bayerischen Entomofaunistik 1:97-149","NA","NA","Maria Sporbert","Daniel Petry","AgrarOffen","Verschiedene: Waldkomplexe, Seen, landwirtschaftlich genutzte Flächen","NA","Deutschland","Bayern","Landkreis Lichtenfels","11109.0","5,01E+20","NA","Artenzahl","NA","Wirbellose","Arthropoden","Arthropoden",">100",1900,1980,80,2,"Beobachtung","negative","NA","NA","NA","NA","Verschiedene Gebiete: Sollen sie eingefügt werden? (alle in Lichtenfels, aber in Publikation einzeln beschrieben)","Literatur","D","NA","NA","NA"
10269,"LJRVLY6M","non_Sys","Belde, M. et al.",2000,"Long-term development of yield affecting weeds after the change from conventional to integrated and organic farming","Zeitschrift für Pflanzenkrankheiten und Pflanzenschutz, Sonderheft XVII, 291-301","nicht vorhanden","NA","Denicia Kassie","Konrad Adler","AgrarOffen","Ackerflächen mit Halmfrucht-Kulturen (Sommergerste und - weizen, Winterroggen und - weizen)","Äcker und Ackerbrachen","Deutschland","Bayern","Scheyern","1,15E+28","4,85E+28","NA","Abundanz","Zeit","Pflanzen","Farn- und Blütenpflanzen","Farn- und Blütenpflanzen",">20",1992,1998,6,7,"Beobachtung","positive","NA","NA","NA","NA","NA","Literatur","D","NA","NA","NA"
194,"5EDY3ZBA","NA","Mahn",1966,"Beobachtungen über die Vegetaions- und Bodenentwicklung eines durch Brand gestörten Silikattrockenrasenstandortes","Archiv Naturschutz und Landschaftsforschung","NA","NA","Charlotta Wiechmann","Charlotta Wiechmann","AgrarOffen","Silikattrockenrasen","Silikattrockenrasen","Deutschland","Sachsen-Anhalt","Porphyrkuppe in den Lunzbergen, Saaletal, 6km NW von Halle","1,19E+28","5,15E+20",5,"Abundanz","Zeit","Pflanzen","Pflanzen","Pflanzen",">20",1959,1964,5,3,"Beobachtung","positive","NA","NA","NA","NA","Anzahl Messungen 3-10","Literatur","D","NA","NA","NA"
10270,"Engler2002","non_Sys","Engler, B. et al.",2002,"Documentation of a serious decline in House sparrow Passer domesticus populations in Germany on the basis of ornithological literature, 1850-2000","Die Vogelwarte 41: 196-210","nicht vorhanden","NA","Amibeth Thompson","Konrad Adler","AgrarOffen","NA","NA","Deutschland","NA","NA","NA","NA","NA","Abundanz","Zeit","Wirbeltiere","Vögel","Vögel","1.0",1985,2000,15,3,"Beobachtung","negative","NA","NA","NA","NA","NA","Literatur","D","NA","NA","NA"
10447,"Heinrich1998","non_Sys","Heinrich, W. et al.",1998,"Das Naturschutzgebiet „Leutratal"" bei Jena Struktur- und Sukzessionsforschung in Grasland-Ökosystemen","Naturschutzreport Heft 14/ 1998","nicht vorhanden","NA","Amibeth Thompson","Konrad Adler","AgrarOffen","Frischer Trespen-Halbtrockenrasen, Typischer Halbtrockenrasen, Blaugras-Trockenrasen","Trockenrasen sowie Grünland trockener bis frischer Standorte","Deutschland","Thüringen","NSG ""Leutratal""","1,16E+30","50869.0","NA","Artenzahl","Zeit","Pflanzen","Farn- und Blütenpflanzen","Farn- und Blütenpflanzen","Antwortvariable",1972,1996,24,7,"Beobachtung","positive","Andere","NSG ""Leutratal""","NA","NA","Angabe zum Boden: Kalkton-Rendzina, Ton-Rendzina, Kalk-Syrosem, Fels-Rendzina (Tab. 7.1)","Literatur","D","NA","NA","NA"
179,"2FGZXCQF","non_Sys","Eber, G.",1966,"Die Saatkrähenbestände in Nordrhein-Westfalen in den Jahren 1956-1965","Abhandlungen aus dem Westfälischen Museum für Naturkunde","https://www.lwl.org/wmfn-download/Abhandlungen/Abh_28%282%291966.pdf","NA","Maria Sporbert","Maria Sporbert","AgrarOffen","gesamtes Bundesland","NA","Deutschland","Nordrhein-Westfalen","NA","7,56E+28","5,15E+28",150,"Abundanz","Zeit","Wirbeltiere","Vögel","Vögel","1.0",1952,1965,13,13,"Beobachtung","negative","NA","NA","NA","NA","NA","Literatur","D","NA","NA","NA"
189,"7D6UINFM","korr","Hempel",1975,"Der Rückgang der Moorfetthenne (Sedum villosum L.) in den Bezirken Dresden, Karl-Marx-Stadt und Leipzig","Archiv Naturschutz und Landschaftsforschung","NA","NA","Charlotta Wiechmann","Charlotta Wiechmann","AgrarOffen","Feuchtgrünland","Feuchtgrünland","Deutschland","Sachsen","NA","1,33E+28","5,11E+28",100,"Abundanz","Zeit","Pflanzen","Pflanzen","Pflanzen","1.0",1900,1960,60,4,"Beobachtung","negative","NA","NA","NA","NA","NA","Literatur","D","NA","NA","NA"
195,"CTSMKZSZ","NA","Militzer",1971,"Zur Verbreitung synanthroper Arten in der Oberlausitz seit 1940","Archiv Naturschutz und Landschaftsforschung","NA","NA","Charlotta Wiechmann","Charlotta Wiechmann","AgrarOffen","Ruderalstandorte","Ruderalstandorte","Deutschland","Sachsen","Oberlausitz","1,46E+28","5,13E+20",30,"Abundanz","Zeit","Pflanzen","Pflanzen","Pflanzen","14.0",1940,1966,26,2,"Beobachtung","positive","NA","NA","NA","NA","Startjahr 1940 (früheste Sichtung 1819), Messungen 2-untersch.","Literatur","D","NA","NA","NA"
100,"KKITY65A","NA","Schüz",1961,"Folgerungen des Naturschutzes aus den Storchbestandsaufnahmen","Natur und Landschaft","NA","NA","Maria Sporbert","Maria Sporbert, Leana Meder","AgrarOffen","Offenland, Kulturlandschaft","NA","Deutschland, Schweiz, Dänemark, Schweden, Niederlande","Bayern, Baden-Württemberg, Bremen, Hamburg, Hessen, Niedersachsen, Rheinland-Pfalz, Schleswig-Holstein, Thüringen","NA","10279.0","51415.0",700,"Abundanz","Zeit","Wirbeltiere","Vögel","Vögel","1.0",1934,1958,24,2,"Beobachtung","negative","NA","NA","NA","NA","NA","Literatur","D","NA","NA","NA"
196,"KURW6KPF","NA","Müller",1971,"Zum Vorkommen und zur Ökologie der Großtrappe in der Magdeburger Börde","Archiv Naturschutz und Landschaftsforschung","NA","NA","Charlotta Wiechmann","Charlotta Wiechmann","AgrarOffen","Offenland, Kulturlandschaft","Offenland, Kulturlandschaft","Deutschland","Sachsen-Anhalt","Magdeburger Börde","1,15E+28","5,21E+20",20,"Abundanz","Zeit","Wirbeltiere","Vögel","Vögel","1.0",1929,1969,40,5,"Beobachtung","positive to negative","NA","NA","NA","NA","NA","Literatur","D","NA","NA","NA"
188,"UBCZ83MB","NA","Helmecke",1975,"Auswertung von Dauerflächenbeobachtungen in Phytozönosen","Archiv Naturschutz und Landschaftsforschung","NA","NA","Charlotta Wiechmann","Charlotta Wiechmann","AgrarOffen","Halbtrockenrasen","Halbtrockenrasen","Deutschland","Thüringen","Mitteldeutschland, Leutratal bei Jena","1,15E+28","5,09E+20",10,"Abundanz","NA","Pflanzen","Pflanzen","Pflanzen",">20",1969,1974,5,9,"Beobachtung","no","NA","NA","NA","NA","NA","Literatur","D","NA","NA","NA"
197,"XPWAD5WL","NA","Runge",1963,"Die Vegetationsentwicklung auf einer Brandstelle in einer Bergheide","Archiv Naturschutz und Landschaftsforschung","NA","NA","Charlotta Wiechmann","Charlotta Wiechmann","AgrarOffen","Bergheide","Bergheide","Deutschland","Nordrhein-Westfalen","Nordwestdeutschland, Sauerland, Rheinisches Schiefergebirge, bei Stesse im Kreis Meschede, Naturschutzgebiet ""Auf der Lake""","7,88E+28","5,11E+20",10,"Abundanz","Zeit","Pflanzen","Pflanzen","Pflanzen","16.0",1959,1962,3,4,"Beobachtung","positive","Andere","NSG Auf der Lake","NA","NA","NA","Literatur","D","NA","NA","NA"
200,"5IS5WVWL","NA","Wagner",2006,"„Grenzen des Entkusselns“ oder: Zum Einfluß der Moorbirke (Betula pubescens) auf Regenerationsprozesse in Hochmooren","Archiv Naturschutz und Landschaftsforschung","NA","NA","Charlotta Wiechmann","Charlotta Wiechmann","AgrarOffen","Hochmoor","Hochmoor","Deutschland","Schleswig-Holstein","Jungmoränengebiet: Dosenmoor, Kaltenhofer Moor","1,01E+28","5,44E+20",50,"Abundanz","Zeit","Pflanzen","Moose","Moose","2.0",1985,1989,4,2,"Beobachtung","positive","NA","NA","NA","NA","NA","Literatur","D","NA","NA","NA"
10291,"D4URBSFM","Sys","Karg, J. et al.",2015,"Restoration of subalpine species-rich grasslands: Short-term vs long-term changes in the density and diversity of above-ground insects","Pol. J. Ecol. (2015) 63: 142–158","10.3161/15052249PJE2015.63.1.013","NA","Denicia Kassie","Konrad Adler","AgrarOffen","vorwiegend Wiesen/Grünland und Hochstaudengemeinschaften in einem Bachtal","Waldfreie Niedermoore und Sümpfe, Grünland nasser bis feuchter Standorte, Wald- und Ufersäume, Staudenfluren","Deutschland","Bayern","Ökologische Feldstation der Bayerische Akademie für Naturschutz und Landschaftspflege (ANL) in Laufen","1,35E+20","4,86E+30","NA","Artenzahl","Zeit","Wirbellose","Arthropoden","Arthropoden",">20",1992,2005,13,2,"Beobachtung","positive","NA","NA","Wiedereinführung der extensiven Grünlandbewirtschaftung (Einstellung der Düngung, nur noch 2 Mahten pro Jahr)","NA","Plots inkl. Bodentypen und Vegetationstypen sowie Nutzungshistorie werden in Tab.1 beschrieben","Literatur","D","NA","NA","NA"
10290,"D4URBSFM","Sys","Karg, J. et al.",2015,"Restoration of subalpine species-rich grasslands: Short-term vs long-term changes in the density and diversity of above-ground insects","Pol. J. Ecol. (2015) 63: 142–158","10.3161/15052249PJE2015.63.1.013","NA","Denicia Kassie","Konrad Adler","AgrarOffen","vorwiegend Wiesen/Grünland und Hochstaudengemeinschaften in einem Bachtal","Waldfreie Niedermoore und Sümpfe, Grünland nasser bis feuchter Standorte, Wald- und Ufersäume, Staudenfluren","Deutschland","Bayern","Ökologische Feldstation der Bayerische Akademie für Naturschutz und Landschaftspflege (ANL) in Laufen","1,35E+20","4,86E+30","NA","Abundanz","Zeit","Wirbellose","Arthropoden","Arthropoden",">20",1992,2005,13,2,"Beobachtung","positive","NA","NA","Wiedereinführung der extensiven Grünlandbewirtschaftung (Einstellung der Düngung, nur noch 2 Mahten pro Jahr)","NA","Plots inkl. Bodentypen und Vegetationstypen sowie Nutzungshistorie werden in Tab.1 beschrieben","Literatur","D","NA","NA","NA"
10250,"K3F9HPRW","Sys","Augenstein, B. et al.",2012,"Directional temporal shifts in community structure of butterflies and ground beetles in fragmented oligotrophic grasslands of Central Europe","Basic and Applied Ecology 13: 715–724","nicht vorhanden","NA","Denicia Kassie","Konrad Adler","AgrarOffen","Nährstoffarme Kalkmagerrasen","Trockenrasen sowie Grünland trockener bis frischer Standorte","Deutschland, Luxemburg","Rheinland-Pfalz","Luxemburger Gutland und Eifel (u.a. Bitburger Gutland)","6,67E+28","5,02E+28","NA","Abundanz","Zeit","Wirbellose","Arthropoden","Arthropoden","1.0",1987,2011,24,2,"Beobachtung","positive","NA","NA","NA","NA","Angabe zum Boden: ""lacustrine areas (Negendank 1975) and form small habitat patches restricted to marl stone"", rohe Spezieslisten als Datengrundlage gibt es im Suppliment","Literatur","D","NA","NA","NA"
10442,"KEBWUAG4","Sys","Irmler, U.",2010,"Changes in earthworm populations during conversion from conventional to organic farming","Agriculture, Ecosystems and Environment 135 (2010) 194–198","10.1016/j.agee.2009.09.008","NA","Denicia Kassie","Konrad Adler","AgrarOffen","landwirtschaftliche Fläche","Äcker und Ackerbrachen","Deutschland","Schleswig-Holstein","Ökologischer Landbau Hof Ritzerau","1,06E+28","5,37E+28","NA","Abundanz","Zeit","Wirbellose","Andere_Wirbellose","Andere_Wirbellose","1.0",2001,2008,7,8,"Beobachtung","positive","NA","NA","konservative Bewirtschaftung bis 2001, ab 2001 Umstellung, ab 2004 organische Landwirtschaft","Änderung der Bewirtschaftung zwischen 2001 und 2004","Angabe zum Boden: mainly eutric Cambisols and haplic Luvisols,","Literatur","D","NA","NA","NA"
10292,"KIGI6UA3","Sys","Knapp, S. et al.",2016,"Dispersal traits as indicators of vegetation dynamics in long-term old-field succession","Ecological Indicators 65 (2016) 44–54","10.1016/j.ecolind.2015.10.003","NA","Amibeth Thompson","Konrad Adler","AgrarOffen","ehemaliges Ackerland (Mais, Getreide, Klee) umgeben von intensiv genutzter Landwirtschaftsfläche (Acker- und/oder Grünlandbewirtschaftung)","Äcker und Ackerbrachen","Deutschland","Bayern, Sachsen-Anhalt","Bad Lauchstädt, Gimritz, Zoeberitz und Bayreuth","12225.0","54055.0","NA","Artenzahl","Zeit","Pflanzen","Farn- und Blütenpflanzen","Farn- und Blütenpflanzen",">20",1987,2015,28,28,"Beobachtung","negative to positive","NA","NA","zwischen 1987 und 1995 letzte Pflügung der Flächen, danach kein Management um natürliche Sukzession zu ermöglichen","NA","Angabe zum Boden siehe Tab.1","Literatur","D","NA","NA","NA"
10322,"KYR3L2G5","non_Sys","Schwabe, A. et al.",2004,"Auswirkungen von Schaf-Erstbeweidung auf die Vegetation primär basenreicher Sand-Ökosysteme","NNA-Berichte 1/2004","nicht vorhanden","NA","Amibeth Thompson","Konrad Adler","AgrarOffen","verschiedene Sukzessionsstufen und Ruderalisierungsstadien des Sand-Trockenrasens","Trockenrasen sowie Grünland trockener bis frischer Standorte","Deutschland","Hessen","NSG ""Ehemaliger Euler-Flugplatz bei Darmstadt"", NSG ""Griesheimer Düne und Eichwäldchen""","8,57E+28","4,98E+28","NA","Artenzahl","Zeit","Pflanzen","Farn- und Blütenpflanzen","Farn- und Blütenpflanzen","Antwortvariable",2000,2002,2,3,"Experiment","positive","Andere","Naturschutzgebiet ""Ehemaliger Euler-Flugplatz bei Darmstadt"" und Naturschutzgebiet ""Griesheimer Düne und Eichwäldchen""","NA","NA","Angabe zum Boden: basenreiche Sande","Literatur","D","NA","NA","NA"
10321,"KYR3L2G5","non_Sys","Schwabe, A. et al.",2004,"Auswirkungen von Schaf-Erstbeweidung auf die Vegetation primär basenreicher Sand-Ökosysteme","NNA-Berichte 1/2004","nicht vorhanden","NA","Amibeth Thompson","Konrad Adler","AgrarOffen","verschiedene Sukzessionsstufen und Ruderalisierungsstadien des Sand-Trockenrasens","Trockenrasen sowie Grünland trockener bis frischer Standorte","Deutschland","Hessen","NSG ""Ehemaliger Euler-Flugplatz bei Darmstadt"", NSG ""Griesheimer Düne und Eichwäldchen""","8,57E+28","4,98E+28","NA","Artenzahl","Zeit","Pflanzen","Farn- und Blütenpflanzen","Farn- und Blütenpflanzen","Antwortvariable",1999,2003,4,5,"Experiment","no","Andere","Naturschutzgebiet ""Ehemaliger Euler-Flugplatz bei Darmstadt"" und Naturschutzgebiet ""Griesheimer Düne und Eichwäldchen""","NA","NA","Angabe zum Boden: basenreiche Sande","Literatur","D","NA","NA","NA"
10305,"LU5MISRE","Sys","Meyer, S. et al.",2015,"Detecting long-term losses at the plant community level - arable fields in Germany revisited","Applied Vegetation Science 18 (2015) 432–442","10.1111/avsc.12168","NA","Denicia Kassie","Konrad Adler","AgrarOffen","Ackerflächen mit unterschiedlichen Pflanzengemeinschaften, Klima und Bodentypen","Äcker und Ackerbrachen","Deutschland","Niedersachsen, Sachsen-Anhalt, Brandenburg, Thüringen","Reese, Berkhof, Nedlitz, Luckau, Göttingen, Erzhausen, Halle/Saale, Hachelbich, Plaue, Saaletal","1,24E+28","5,11E+26","NA","Artenzahl","Zeit","Pflanzen","Farn- und Blütenpflanzen","Farn- und Blütenpflanzen","Antwortvariable",1950,2009,59,2,"Beobachtung","negative","NA","NA","NA","NA","Angabe zum Boden: ""Four areas had lime-poor sandy soils, three lime-poor loamy soils, and three calcareous soils""","Literatur","D","NA","NA","NA"
882,"MJUGJWPS","NA","Hannig, Karsten et al.",2018,"Zur Verbreitung, Biologie und Bestandsentwicklung des Dungkäfers Trichonotulus scrofa (Fabricius, 1787) in Nordrhein-Westfalen (Coleoptera: Scarabaeidae)","Natur und Heimat","NA","NA","Maria Sporbert","Antonio Kind","AgrarOffen","NA","Trockenrasen sowie Grünland trockener bis frischer Standorte","Deutschland","Nordrhein-Westfalen","NA","7,56E+28","5,15E+28",150,"Abundanz","Zeit","Wirbellose","Arthropoden","Arthropoden","1.0",1900,2017,117,3,"Beobachtung","negative to positive","NA","NA","NA","NA","Metastudie mit wenig verlässlichen Daten und keiner Transparenz zur Auswertung der Daten. Studie hat wenig Aussagekraft. Beprobte Jahre ließen sich nicht ermitteln.","Literatur","D","NA","NA","NA"
290,"Nentwig1988","Sys","Nentwig, W.",1988,"Augmentation of beneficial arthropods by strip-management. 1. Succession of predacious arthropods and long-term change in the ratio of phytophagous and predacious arthropods in a meadow","Oecologia","https://doi.org/10.1007/BF00397876","NA","Annika Lidle","Leana Meder","AgrarOffen","Weide","NA","Deutschland","Hessen","Botanischer Garten der Universität Marburg","8,81E+28","5,08E+20",1,"Abundanz","Zeit, strip-managed vs mown vs not-mown area","Wirbellose","Arthropoden","Arthropoden",">20",1982,1986,4,4,"Experiment","positive","NA","NA","Mahdregime (strip-management)","NA","Linyphidae: biomass decrease in strip management, Lycosidae: biomass increase in strip management, overall diversity increased with strip management, presumeably through aerial dispersal, Information über vorherrschende Böden: roter Sandstein, nährstoffar","Literatur","D","NA","NA","NA"
291,"Nentwig1988","Sys","Nentwig, W.",1988,"Augmentation of beneficial arthropods by strip-management. 1. Succession of predacious arthropods and long-term change in the ratio of phytophagous and predacious arthropods in a meadow","Oecologia","https://doi.org/10.1007/BF00397876","NA","Annika Lidle","Leana Meder","AgrarOffen","Weide","NA","Deutschland","Hessen","Botanischer Garten der Universität Marburg","8,81E+28","5,08E+20",1,"Abundanz","Zeit, strip-managed vs mown vs not-mown area","Wirbellose","Arthropoden","Arthropoden",">20",1982,1986,4,4,"Experiment","negative","NA","NA","Mahdregime (strip-management)","NA","Carabidae more dominant in mown areas, Information über vorherrschende Böden: roter Sandstein, nährstoffarm, sauer","Literatur","D","NA","NA","NA"
907,"UUQJIFFH","NA","Albrecht, H. et al",1989,"Untersuchungen zur Veränderung der Segetalflora an sieben bayerischen Ackerstandorten zwischen den Erhebungszeiträumen 1951/68 und 1986/88","Dissertationes Botanicae 141","NA","NA","Maria Sporbert","Maria Sporbert","AgrarOffen","Acker","Äcker und Ackerbrachen","Deutschland","Bayern","195 Äcker in 7 bayerischen Landschaften","1,14E+28","4,89E+28",150,"Artenzahl","Zeit","Pflanzen","Pflanzen","Pflanzen","Antwortvariable",1951,1988,4,2,"Beobachtung","negative","NA","NA","NA","NA","NA","Literatur","D","NA","NA","NA"
