{
  "biodiversity_level": {
    "precision": 0.2826086956521739,
    "recall": 0.582089552238806,
    "f1": 0.38048780487804873,
    "support": 67
  },
  "ecosystem_type.term": {
    "precision": 0.15087719298245614,
    "recall": 0.8113207547169812,
    "f1": 0.25443786982248523,
    "support": 53
  },
  "habitat": {
    "precision": 0.6726190476190477,
    "recall": 0.8188405797101449,
    "f1": 0.738562091503268,
    "support": 138
  },
  "taxa.german_name": {
    "precision": 0.20057306590257878,
    "recall": 0.30303030303030304,
    "f1": 0.2413793103448276,
    "support": 231
  },
  "taxa.scientific_name": {
    "precision": 0.20481927710843373,
    "recall": 0.34517766497461927,
    "f1": 0.25708884688090733,
    "support": 197
  },
  "taxa.species_group": {
    "precision": 0.3611111111111111,
    "recall": 0.6132075471698113,
    "f1": 0.45454545454545453,
    "support": 106
  },
  "AVG": {
    "precision": 0.3121013983959669,
    "recall": 0.5789444003067777,
    "f1": 0.3877502296624986,
    "support": 132.0
  },
  "ALL": {
    "precision": 0.2741046831955923,
    "recall": 0.5025252525252525,
    "f1": 0.3547237076648841,
    "support": 792
  }
}