{
  "biodiversity_level": {
    "precision": 0.1891891891891892,
    "recall": 0.31343283582089554,
    "f1": 0.23595505617977527,
    "support": 67
  },
  "ecosystem_type.term": {
    "precision": 0.14204545454545456,
    "recall": 0.4716981132075472,
    "f1": 0.2183406113537118,
    "support": 53
  },
  "habitat": {
    "precision": 0.7926829268292683,
    "recall": 0.47101449275362317,
    "f1": 0.5909090909090908,
    "support": 138
  },
  "taxa.german_name": {
    "precision": 0.10622710622710622,
    "recall": 0.12554112554112554,
    "f1": 0.11507936507936509,
    "support": 231
  },
  "taxa.scientific_name": {
    "precision": 0.15789473684210525,
    "recall": 0.25888324873096447,
    "f1": 0.19615384615384615,
    "support": 197
  },
  "taxa.species_group": {
    "precision": 0.3697478991596639,
    "recall": 0.41509433962264153,
    "f1": 0.39111111111111113,
    "support": 106
  },
  "AVG": {
    "precision": 0.2929645521321313,
    "recall": 0.3426106926127996,
    "f1": 0.29125818013115007,
    "support": 132.0
  },
  "ALL": {
    "precision": 0.21678966789667897,
    "recall": 0.2967171717171717,
    "f1": 0.2505330490405117,
    "support": 792
  }
}