{
  "biodiversity_level": {
    "precision": 0.21904761904761905,
    "recall": 0.34328358208955223,
    "f1": 0.26744186046511625,
    "support": 67
  },
  "ecosystem_type.term": {
    "precision": 0.11057692307692307,
    "recall": 0.4339622641509434,
    "f1": 0.17624521072796936,
    "support": 53
  },
  "habitat": {
    "precision": 0.5182481751824818,
    "recall": 0.5144927536231884,
    "f1": 0.5163636363636364,
    "support": 138
  },
  "taxa.german_name": {
    "precision": 0.14600550964187328,
    "recall": 0.22943722943722944,
    "f1": 0.17845117845117844,
    "support": 231
  },
  "taxa.scientific_name": {
    "precision": 0.1014799154334038,
    "recall": 0.2436548223350254,
    "f1": 0.14328358208955225,
    "support": 197
  },
  "taxa.species_group": {
    "precision": 0.46534653465346537,
    "recall": 0.44339622641509435,
    "f1": 0.45410628019323673,
    "support": 106
  },
  "AVG": {
    "precision": 0.2601174461726277,
    "recall": 0.3680378130085056,
    "f1": 0.2893152913817815,
    "support": 132.0
  },
  "ALL": {
    "precision": 0.1910598413842826,
    "recall": 0.3345959595959596,
    "f1": 0.2432308398347866,
    "support": 792
  }
}