{
  "biodiversity_level": {
    "precision": 0.3114754098360656,
    "recall": 0.2835820895522388,
    "f1": 0.29687499999999994,
    "support": 67
  },
  "ecosystem_type.term": {
    "precision": 0.30158730158730157,
    "recall": 0.3584905660377358,
    "f1": 0.3275862068965517,
    "support": 53
  },
  "habitat": {
    "precision": 0.638095238095238,
    "recall": 0.4855072463768116,
    "f1": 0.551440329218107,
    "support": 138
  },
  "taxa.german_name": {
    "precision": 0.15053763440860216,
    "recall": 0.06060606060606061,
    "f1": 0.08641975308641975,
    "support": 231
  },
  "taxa.scientific_name": {
    "precision": 0.20786516853932585,
    "recall": 0.18781725888324874,
    "f1": 0.19733333333333336,
    "support": 197
  },
  "taxa.species_group": {
    "precision": 0.4772727272727273,
    "recall": 0.39622641509433965,
    "f1": 0.4329896907216495,
    "support": 106
  },
  "AVG": {
    "precision": 0.34780557995654343,
    "recall": 0.29537160609173924,
    "f1": 0.3154407188760102,
    "support": 132.0
  },
  "ALL": {
    "precision": 0.336734693877551,
    "recall": 0.25,
    "f1": 0.2869565217391304,
    "support": 792
  }
}