{
  "biodiversity_level": {
    "precision": 0.27941176470588236,
    "recall": 0.2835820895522388,
    "f1": 0.28148148148148144,
    "support": 67
  },
  "ecosystem_type.term": {
    "precision": 0.35384615384615387,
    "recall": 0.4339622641509434,
    "f1": 0.3898305084745763,
    "support": 53
  },
  "habitat": {
    "precision": 0.6764705882352942,
    "recall": 0.5,
    "f1": 0.5750000000000001,
    "support": 138
  },
  "taxa.german_name": {
    "precision": 0.2,
    "recall": 0.11255411255411256,
    "f1": 0.14404432132963987,
    "support": 231
  },
  "taxa.scientific_name": {
    "precision": 0.23943661971830985,
    "recall": 0.25888324873096447,
    "f1": 0.24878048780487802,
    "support": 197
  },
  "taxa.species_group": {
    "precision": 0.4823529411764706,
    "recall": 0.3867924528301887,
    "f1": 0.42931937172774864,
    "support": 106
  },
  "AVG": {
    "precision": 0.37191967794701847,
    "recall": 0.329295694636408,
    "f1": 0.3447426951363874,
    "support": 132.0
  },
  "ALL": {
    "precision": 0.3453996983408748,
    "recall": 0.28914141414141414,
    "f1": 0.3147766323024055,
    "support": 792
  }
}