{
  "biodiversity_level": {
    "precision": 0.27835051546391754,
    "recall": 0.40298507462686567,
    "f1": 0.32926829268292684,
    "support": 67
  },
  "ecosystem_type.term": {
    "precision": 0.23448275862068965,
    "recall": 0.6415094339622641,
    "f1": 0.3434343434343434,
    "support": 53
  },
  "habitat": {
    "precision": 0.6766917293233082,
    "recall": 0.6521739130434783,
    "f1": 0.6642066420664207,
    "support": 138
  },
  "taxa.german_name": {
    "precision": 0.3274336283185841,
    "recall": 0.16017316017316016,
    "f1": 0.21511627906976744,
    "support": 231
  },
  "taxa.scientific_name": {
    "precision": 0.29775280898876405,
    "recall": 0.26903553299492383,
    "f1": 0.2826666666666667,
    "support": 197
  },
  "taxa.species_group": {
    "precision": 0.40268456375838924,
    "recall": 0.5660377358490566,
    "f1": 0.47058823529411764,
    "support": 106
  },
  "AVG": {
    "precision": 0.3695660007456088,
    "recall": 0.4486524751082914,
    "f1": 0.38421340986904046,
    "support": 132.0
  },
  "ALL": {
    "precision": 0.3693251533742331,
    "recall": 0.380050505050505,
    "f1": 0.37461107654013687,
    "support": 792
  }
}