{
  "biodiversity_level": {
    "precision": 0.35353535353535354,
    "recall": 0.5223880597014925,
    "f1": 0.4216867469879518,
    "support": 67
  },
  "ecosystem_type.term": {
    "precision": 0.20786516853932585,
    "recall": 0.6981132075471698,
    "f1": 0.3203463203463203,
    "support": 53
  },
  "habitat": {
    "precision": 0.6518987341772152,
    "recall": 0.7463768115942029,
    "f1": 0.6959459459459459,
    "support": 138
  },
  "taxa.german_name": {
    "precision": 0.2328767123287671,
    "recall": 0.0735930735930736,
    "f1": 0.11184210526315791,
    "support": 231
  },
  "taxa.scientific_name": {
    "precision": 0.34177215189873417,
    "recall": 0.27411167512690354,
    "f1": 0.30422535211267604,
    "support": 197
  },
  "taxa.species_group": {
    "precision": 0.35294117647058826,
    "recall": 0.5660377358490566,
    "f1": 0.4347826086956522,
    "support": 106
  },
  "AVG": {
    "precision": 0.35681488282499735,
    "recall": 0.48010342723531646,
    "f1": 0.381471513225284,
    "support": 132.0
  },
  "ALL": {
    "precision": 0.3660287081339713,
    "recall": 0.38636363636363635,
    "f1": 0.3759213759213759,
    "support": 792
  }
}