{
  "biodiversity_level": {
    "precision": 0.2,
    "recall": 0.31343283582089554,
    "f1": 0.24418604651162795,
    "support": 67
  },
  "ecosystem_type.term": {
    "precision": 0.09663865546218488,
    "recall": 0.4339622641509434,
    "f1": 0.15807560137457047,
    "support": 53
  },
  "habitat": {
    "precision": 0.7558139534883721,
    "recall": 0.47101449275362317,
    "f1": 0.5803571428571429,
    "support": 138
  },
  "taxa.german_name": {
    "precision": 0.16387959866220736,
    "recall": 0.21212121212121213,
    "f1": 0.18490566037735848,
    "support": 231
  },
  "taxa.scientific_name": {
    "precision": 0.16,
    "recall": 0.2436548223350254,
    "f1": 0.19315895372233402,
    "support": 197
  },
  "taxa.species_group": {
    "precision": 0.3142857142857143,
    "recall": 0.41509433962264153,
    "f1": 0.3577235772357724,
    "support": 106
  },
  "AVG": {
    "precision": 0.28176965364974643,
    "recall": 0.34821332780072356,
    "f1": 0.286401163679801,
    "support": 132.0
  },
  "ALL": {
    "precision": 0.21404109589041095,
    "recall": 0.31565656565656564,
    "f1": 0.25510204081632654,
    "support": 792
  }
}