{
  "organism_trends.Antwortvariable": {
    "precision": 0.2822085889570552,
    "recall": 0.696969696969697,
    "f1": 0.4017467248908297,
    "support": 132
  },
  "organism_trends.Hauptgruppe_RoteListen": {
    "precision": 0.29375,
    "recall": 0.8173913043478261,
    "f1": 0.432183908045977,
    "support": 115
  },
  "organism_trends.Lebensraum": {
    "precision": 0.26409495548961426,
    "recall": 0.8018018018018018,
    "f1": 0.39732142857142855,
    "support": 111
  },
  "organism_trends.Trend": {
    "precision": 0.19854721549636803,
    "recall": 0.6165413533834586,
    "f1": 0.30036630036630035,
    "support": 133
  },
  "AVG": {
    "precision": 0.2596501899857594,
    "recall": 0.733176039125696,
    "f1": 0.3829045904686339,
    "support": 122.75
  },
  "ALL": {
    "precision": 0.25573065902578795,
    "recall": 0.7270875763747454,
    "f1": 0.37837837837837834,
    "support": 491
  }
}