{
  "biodiversity_level": {
    "precision": 0.3870967741935484,
    "recall": 0.5373134328358209,
    "f1": 0.45,
    "support": 67
  },
  "ecosystem_type.term": {
    "precision": 0.23870967741935484,
    "recall": 0.6981132075471698,
    "f1": 0.35576923076923084,
    "support": 53
  },
  "habitat": {
    "precision": 0.673469387755102,
    "recall": 0.717391304347826,
    "f1": 0.6947368421052631,
    "support": 138
  },
  "taxa.german_name": {
    "precision": 0.36470588235294116,
    "recall": 0.1341991341991342,
    "f1": 0.19620253164556964,
    "support": 231
  },
  "taxa.scientific_name": {
    "precision": 0.23979591836734693,
    "recall": 0.23857868020304568,
    "f1": 0.2391857506361323,
    "support": 197
  },
  "taxa.species_group": {
    "precision": 0.38372093023255816,
    "recall": 0.6226415094339622,
    "f1": 0.4748201438848922,
    "support": 106
  },
  "AVG": {
    "precision": 0.38124976172014186,
    "recall": 0.4913728780944931,
    "f1": 0.40178574984018134,
    "support": 132.0
  },
  "ALL": {
    "precision": 0.37264150943396224,
    "recall": 0.398989898989899,
    "f1": 0.3853658536585366,
    "support": 792
  }
}