{
  "biodiversity_level": {
    "precision": 0.2777777777777778,
    "recall": 0.29850746268656714,
    "f1": 0.28776978417266186,
    "support": 67
  },
  "ecosystem_type.term": {
    "precision": 0.29850746268656714,
    "recall": 0.37735849056603776,
    "f1": 0.3333333333333333,
    "support": 53
  },
  "habitat": {
    "precision": 0.6736842105263158,
    "recall": 0.463768115942029,
    "f1": 0.5493562231759658,
    "support": 138
  },
  "taxa.german_name": {
    "precision": 0.2518518518518518,
    "recall": 0.1471861471861472,
    "f1": 0.18579234972677597,
    "support": 231
  },
  "taxa.scientific_name": {
    "precision": 0.24390243902439024,
    "recall": 0.25380710659898476,
    "f1": 0.24875621890547261,
    "support": 197
  },
  "taxa.species_group": {
    "precision": 0.4838709677419355,
    "recall": 0.42452830188679247,
    "f1": 0.45226130653266333,
    "support": 106
  },
  "AVG": {
    "precision": 0.37159911826813974,
    "recall": 0.3275259374777597,
    "f1": 0.3428782026411455,
    "support": 132.0
  },
  "ALL": {
    "precision": 0.3493253373313343,
    "recall": 0.29419191919191917,
    "f1": 0.31939684715558603,
    "support": 792
  }
}