{
  "biodiversity_level": {
    "precision": 0.3431372549019608,
    "recall": 0.5223880597014925,
    "f1": 0.4142011834319526,
    "support": 67
  },
  "ecosystem_type.term": {
    "precision": 0.2348993288590604,
    "recall": 0.660377358490566,
    "f1": 0.3465346534653465,
    "support": 53
  },
  "habitat": {
    "precision": 0.6923076923076923,
    "recall": 0.717391304347826,
    "f1": 0.7046263345195729,
    "support": 138
  },
  "taxa.german_name": {
    "precision": 0.4,
    "recall": 0.17316017316017315,
    "f1": 0.2416918429003021,
    "support": 231
  },
  "taxa.scientific_name": {
    "precision": 0.281767955801105,
    "recall": 0.25888324873096447,
    "f1": 0.2698412698412698,
    "support": 197
  },
  "taxa.species_group": {
    "precision": 0.379746835443038,
    "recall": 0.5660377358490566,
    "f1": 0.4545454545454546,
    "support": 106
  },
  "AVG": {
    "precision": 0.38864317788547603,
    "recall": 0.4830396467133464,
    "f1": 0.4052401231173164,
    "support": 132.0
  },
  "ALL": {
    "precision": 0.38415366146458585,
    "recall": 0.40404040404040403,
    "f1": 0.3938461538461538,
    "support": 792
  }
}