{
  "biodiversity_level": {
    "precision": 0.2465753424657534,
    "recall": 0.26865671641791045,
    "f1": 0.2571428571428571,
    "support": 67
  },
  "ecosystem_type.term": {
    "precision": 0.27472527472527475,
    "recall": 0.4716981132075472,
    "f1": 0.3472222222222222,
    "support": 53
  },
  "habitat": {
    "precision": 0.7195121951219512,
    "recall": 0.427536231884058,
    "f1": 0.5363636363636364,
    "support": 138
  },
  "taxa.german_name": {
    "precision": 0.15476190476190477,
    "recall": 0.05627705627705628,
    "f1": 0.08253968253968254,
    "support": 231
  },
  "taxa.scientific_name": {
    "precision": 0.34951456310679613,
    "recall": 0.18274111675126903,
    "f1": 0.24,
    "support": 197
  },
  "taxa.species_group": {
    "precision": 0.5,
    "recall": 0.4056603773584906,
    "f1": 0.4479166666666667,
    "support": 106
  },
  "AVG": {
    "precision": 0.3741815466969467,
    "recall": 0.30209493531605525,
    "f1": 0.31853084415584415,
    "support": 132.0
  },
  "ALL": {
    "precision": 0.3737957610789981,
    "recall": 0.24494949494949494,
    "f1": 0.2959572845156369,
    "support": 792
  }
}