{
  "biodiversity_level": {
    "precision": 0.2698412698412698,
    "recall": 0.2537313432835821,
    "f1": 0.26153846153846155,
    "support": 67
  },
  "ecosystem_type.term": {
    "precision": 0.40350877192982454,
    "recall": 0.4339622641509434,
    "f1": 0.41818181818181815,
    "support": 53
  },
  "habitat": {
    "precision": 0.6770833333333334,
    "recall": 0.47101449275362317,
    "f1": 0.5555555555555555,
    "support": 138
  },
  "taxa.german_name": {
    "precision": 0.18248175182481752,
    "recall": 0.10822510822510822,
    "f1": 0.1358695652173913,
    "support": 231
  },
  "taxa.scientific_name": {
    "precision": 0.22522522522522523,
    "recall": 0.25380710659898476,
    "f1": 0.2386634844868735,
    "support": 197
  },
  "taxa.species_group": {
    "precision": 0.4948453608247423,
    "recall": 0.4528301886792453,
    "f1": 0.47290640394088673,
    "support": 106
  },
  "AVG": {
    "precision": 0.3754976188298688,
    "recall": 0.3289284172819145,
    "f1": 0.34711921482016445,
    "support": 132.0
  },
  "ALL": {
    "precision": 0.3392857142857143,
    "recall": 0.2878787878787879,
    "f1": 0.3114754098360656,
    "support": 792
  }
}