{
  "biodiversity_level": {
    "precision": 0.2638888888888889,
    "recall": 0.2835820895522388,
    "f1": 0.27338129496402874,
    "support": 67
  },
  "ecosystem_type.term": {
    "precision": 0.26865671641791045,
    "recall": 0.33962264150943394,
    "f1": 0.29999999999999993,
    "support": 53
  },
  "habitat": {
    "precision": 0.6530612244897959,
    "recall": 0.463768115942029,
    "f1": 0.5423728813559322,
    "support": 138
  },
  "taxa.german_name": {
    "precision": 0.1323529411764706,
    "recall": 0.07792207792207792,
    "f1": 0.09809264305177112,
    "support": 231
  },
  "taxa.scientific_name": {
    "precision": 0.20772946859903382,
    "recall": 0.2182741116751269,
    "f1": 0.21287128712871284,
    "support": 197
  },
  "taxa.species_group": {
    "precision": 0.4056603773584906,
    "recall": 0.4056603773584906,
    "f1": 0.4056603773584906,
    "support": 106
  },
  "AVG": {
    "precision": 0.32189160282176504,
    "recall": 0.29813823565989955,
    "f1": 0.30539641397648926,
    "support": 132.0
  },
  "ALL": {
    "precision": 0.2988338192419825,
    "recall": 0.2588383838383838,
    "f1": 0.2774018944519621,
    "support": 792
  }
}