{
  "organism_trends.Antwortvariable": {
    "precision": 0.175,
    "recall": 0.42424242424242425,
    "f1": 0.247787610619469,
    "support": 132
  },
  "organism_trends.Hauptgruppe_RoteListen": {
    "precision": 0.25970149253731345,
    "recall": 0.7565217391304347,
    "f1": 0.3866666666666667,
    "support": 115
  },
  "organism_trends.Lebensraum": {
    "precision": 0.1976401179941003,
    "recall": 0.6036036036036037,
    "f1": 0.2977777777777778,
    "support": 111
  },
  "organism_trends.Trend": {
    "precision": 0.16435185185185186,
    "recall": 0.5338345864661654,
    "f1": 0.2513274336283186,
    "support": 133
  },
  "AVG": {
    "precision": 0.1991733655958164,
    "recall": 0.579550588360657,
    "f1": 0.295889872173058,
    "support": 122.75
  },
  "ALL": {
    "precision": 0.197054698457223,
    "recall": 0.5723014256619144,
    "f1": 0.2931664058424622,
    "support": 491
  }
}