{
  "organism_trends.Antwortvariable": {
    "precision": 0.2916666666666667,
    "recall": 0.7424242424242424,
    "f1": 0.4188034188034188,
    "support": 132
  },
  "organism_trends.Hauptgruppe_RoteListen": {
    "precision": 0.29102167182662536,
    "recall": 0.8173913043478261,
    "f1": 0.4292237442922374,
    "support": 115
  },
  "organism_trends.Lebensraum": {
    "precision": 0.24512534818941503,
    "recall": 0.7927927927927928,
    "f1": 0.37446808510638296,
    "support": 111
  },
  "organism_trends.Trend": {
    "precision": 0.20388349514563106,
    "recall": 0.631578947368421,
    "f1": 0.3082568807339449,
    "support": 133
  },
  "AVG": {
    "precision": 0.2579242954570845,
    "recall": 0.7460468217333205,
    "f1": 0.38268803223399606,
    "support": 122.75
  },
  "ALL": {
    "precision": 0.2545454545454545,
    "recall": 0.7413441955193483,
    "f1": 0.37896928682977615,
    "support": 491
  }
}