{
  "biodiversity_level": {
    "precision": 0.2,
    "recall": 0.26865671641791045,
    "f1": 0.22929936305732485,
    "support": 67
  },
  "ecosystem_type.term": {
    "precision": 0.07608695652173914,
    "recall": 0.1320754716981132,
    "f1": 0.09655172413793103,
    "support": 53
  },
  "habitat": {
    "precision": 0.4573643410852713,
    "recall": 0.427536231884058,
    "f1": 0.44194756554307113,
    "support": 138
  },
  "taxa.german_name": {
    "precision": 0.34444444444444444,
    "recall": 0.1341991341991342,
    "f1": 0.19314641744548286,
    "support": 231
  },
  "taxa.scientific_name": {
    "precision": 0.13953488372093023,
    "recall": 0.06091370558375635,
    "f1": 0.08480565371024736,
    "support": 197
  },
  "taxa.species_group": {
    "precision": 0.36923076923076925,
    "recall": 0.4528301886792453,
    "f1": 0.4067796610169492,
    "support": 106
  },
  "AVG": {
    "precision": 0.26444356583385903,
    "recall": 0.2460352414103696,
    "f1": 0.24208839748516775,
    "support": 132.0
  },
  "ALL": {
    "precision": 0.28363047001620745,
    "recall": 0.22095959595959597,
    "f1": 0.248403122782115,
    "support": 792
  }
}