{
  "biodiversity_level": {
    "precision": 0.26126126126126126,
    "recall": 0.43283582089552236,
    "f1": 0.3258426966292135,
    "support": 67
  },
  "ecosystem_type.term": {
    "precision": 0.28125,
    "recall": 0.5094339622641509,
    "f1": 0.3624161073825503,
    "support": 53
  },
  "habitat": {
    "precision": 0.6486486486486487,
    "recall": 0.5217391304347826,
    "f1": 0.5783132530120482,
    "support": 138
  },
  "taxa.german_name": {
    "precision": 0.12589928057553956,
    "recall": 0.15151515151515152,
    "f1": 0.137524557956778,
    "support": 231
  },
  "taxa.scientific_name": {
    "precision": 0.16901408450704225,
    "recall": 0.2436548223350254,
    "f1": 0.1995841995841996,
    "support": 197
  },
  "taxa.species_group": {
    "precision": 0.4752475247524752,
    "recall": 0.4528301886792453,
    "f1": 0.463768115942029,
    "support": 106
  },
  "AVG": {
    "precision": 0.32688679995749453,
    "recall": 0.3853348460206463,
    "f1": 0.3445748217511364,
    "support": 132.0
  },
  "ALL": {
    "precision": 0.2640163098878695,
    "recall": 0.32702020202020204,
    "f1": 0.2921601804850536,
    "support": 792
  }
}