{
  "biodiversity_level": {
    "precision": 0.205607476635514,
    "recall": 0.3283582089552239,
    "f1": 0.2528735632183908,
    "support": 67
  },
  "ecosystem_type.term": {
    "precision": 0.14655172413793102,
    "recall": 0.32075471698113206,
    "f1": 0.20118343195266272,
    "support": 53
  },
  "habitat": {
    "precision": 0.8125,
    "recall": 0.47101449275362317,
    "f1": 0.5963302752293579,
    "support": 138
  },
  "taxa.german_name": {
    "precision": 0.12142857142857143,
    "recall": 0.1471861471861472,
    "f1": 0.13307240704500978,
    "support": 231
  },
  "taxa.scientific_name": {
    "precision": 0.15666666666666668,
    "recall": 0.23857868020304568,
    "f1": 0.1891348088531187,
    "support": 197
  },
  "taxa.species_group": {
    "precision": 0.3023255813953488,
    "recall": 0.36792452830188677,
    "f1": 0.3319148936170213,
    "support": 106
  },
  "AVG": {
    "precision": 0.29084667004400533,
    "recall": 0.3123027957301765,
    "f1": 0.2840848966525935,
    "support": 132.0
  },
  "ALL": {
    "precision": 0.22134387351778656,
    "recall": 0.2828282828282828,
    "f1": 0.24833702882483366,
    "support": 792
  }
}