{
  "biodiversity_level": {
    "precision": 0.225,
    "recall": 0.26865671641791045,
    "f1": 0.2448979591836735,
    "support": 67
  },
  "ecosystem_type.term": {
    "precision": 0.15492957746478872,
    "recall": 0.20754716981132076,
    "f1": 0.1774193548387097,
    "support": 53
  },
  "habitat": {
    "precision": 0.4528301886792453,
    "recall": 0.34782608695652173,
    "f1": 0.39344262295081966,
    "support": 138
  },
  "taxa.german_name": {
    "precision": 0.24752475247524752,
    "recall": 0.10822510822510822,
    "f1": 0.15060240963855423,
    "support": 231
  },
  "taxa.scientific_name": {
    "precision": 0.2621359223300971,
    "recall": 0.13705583756345177,
    "f1": 0.18,
    "support": 197
  },
  "taxa.species_group": {
    "precision": 0.336283185840708,
    "recall": 0.3584905660377358,
    "f1": 0.3470319634703196,
    "support": 106
  },
  "AVG": {
    "precision": 0.27978393779834776,
    "recall": 0.2379669141686748,
    "f1": 0.24889905168034612,
    "support": 132.0
  },
  "ALL": {
    "precision": 0.29094076655052264,
    "recall": 0.21085858585858586,
    "f1": 0.24450951683748173,
    "support": 792
  }
}