{
  "biodiversity_level": {
    "precision": 0.28,
    "recall": 0.417910447761194,
    "f1": 0.3353293413173653,
    "support": 67
  },
  "ecosystem_type.term": {
    "precision": 0.20382165605095542,
    "recall": 0.6037735849056604,
    "f1": 0.30476190476190473,
    "support": 53
  },
  "habitat": {
    "precision": 0.6689655172413793,
    "recall": 0.7028985507246377,
    "f1": 0.6855123674911662,
    "support": 138
  },
  "taxa.german_name": {
    "precision": 0.2916666666666667,
    "recall": 0.15151515151515152,
    "f1": 0.19943019943019943,
    "support": 231
  },
  "taxa.scientific_name": {
    "precision": 0.25654450261780104,
    "recall": 0.24873096446700507,
    "f1": 0.2525773195876289,
    "support": 197
  },
  "taxa.species_group": {
    "precision": 0.38311688311688313,
    "recall": 0.5566037735849056,
    "f1": 0.4538461538461538,
    "support": 106
  },
  "AVG": {
    "precision": 0.3473525376156143,
    "recall": 0.44690541215975904,
    "f1": 0.3719095477390697,
    "support": 132.0
  },
  "ALL": {
    "precision": 0.3460207612456747,
    "recall": 0.3787878787878788,
    "f1": 0.3616636528028933,
    "support": 792
  }
}