{
  "biodiversity_level": {
    "precision": 0.2916666666666667,
    "recall": 0.417910447761194,
    "f1": 0.34355828220858897,
    "support": 67
  },
  "ecosystem_type.term": {
    "precision": 0.20606060606060606,
    "recall": 0.6415094339622641,
    "f1": 0.3119266055045871,
    "support": 53
  },
  "habitat": {
    "precision": 0.6558441558441559,
    "recall": 0.7318840579710145,
    "f1": 0.6917808219178082,
    "support": 138
  },
  "taxa.german_name": {
    "precision": 0.16312056737588654,
    "recall": 0.09956709956709957,
    "f1": 0.12365591397849462,
    "support": 231
  },
  "taxa.scientific_name": {
    "precision": 0.17777777777777778,
    "recall": 0.20304568527918782,
    "f1": 0.18957345971563985,
    "support": 197
  },
  "taxa.species_group": {
    "precision": 0.37267080745341613,
    "recall": 0.5660377358490566,
    "f1": 0.44943820224719105,
    "support": 106
  },
  "AVG": {
    "precision": 0.3111900968630849,
    "recall": 0.4433257433983027,
    "f1": 0.3516555475953849,
    "support": 132.0
  },
  "ALL": {
    "precision": 0.3036093418259023,
    "recall": 0.3611111111111111,
    "f1": 0.32987312572087657,
    "support": 792
  }
}