{
  "biodiversity_level": {
    "precision": 0.27450980392156865,
    "recall": 0.208955223880597,
    "f1": 0.23728813559322032,
    "support": 67
  },
  "ecosystem_type.term": {
    "precision": 0.23684210526315788,
    "recall": 0.16981132075471697,
    "f1": 0.19780219780219777,
    "support": 53
  },
  "habitat": {
    "precision": 0.734375,
    "recall": 0.34057971014492755,
    "f1": 0.46534653465346537,
    "support": 138
  },
  "taxa.german_name": {
    "precision": 0.12686567164179105,
    "recall": 0.0735930735930736,
    "f1": 0.09315068493150684,
    "support": 231
  },
  "taxa.scientific_name": {
    "precision": 0.233502538071066,
    "recall": 0.233502538071066,
    "f1": 0.233502538071066,
    "support": 197
  },
  "taxa.species_group": {
    "precision": 0.5,
    "recall": 0.33962264150943394,
    "f1": 0.4044943820224719,
    "support": 106
  },
  "AVG": {
    "precision": 0.35101585314959727,
    "recall": 0.22767741799230254,
    "f1": 0.2719307455123214,
    "support": 132.0
  },
  "ALL": {
    "precision": 0.3039568345323741,
    "recall": 0.21338383838383837,
    "f1": 0.2507418397626113,
    "support": 792
  }
}