{
  "biodiversity_level": {
    "precision": 0.27419354838709675,
    "recall": 0.2537313432835821,
    "f1": 0.2635658914728682,
    "support": 67
  },
  "ecosystem_type.term": {
    "precision": 0.23333333333333334,
    "recall": 0.2641509433962264,
    "f1": 0.24778761061946902,
    "support": 53
  },
  "habitat": {
    "precision": 0.6486486486486487,
    "recall": 0.34782608695652173,
    "f1": 0.4528301886792453,
    "support": 138
  },
  "taxa.german_name": {
    "precision": 0.16339869281045752,
    "recall": 0.10822510822510822,
    "f1": 0.13020833333333334,
    "support": 231
  },
  "taxa.scientific_name": {
    "precision": 0.2564102564102564,
    "recall": 0.25380710659898476,
    "f1": 0.25510204081632654,
    "support": 197
  },
  "taxa.species_group": {
    "precision": 0.4605263157894737,
    "recall": 0.330188679245283,
    "f1": 0.3846153846153845,
    "support": 106
  },
  "AVG": {
    "precision": 0.3394184658965444,
    "recall": 0.25965487795095105,
    "f1": 0.28901824158943784,
    "support": 132.0
  },
  "ALL": {
    "precision": 0.30483870967741933,
    "recall": 0.23863636363636365,
    "f1": 0.26770538243626063,
    "support": 792
  }
}