{
  "biodiversity_level": {
    "precision": 0.19047619047619047,
    "recall": 0.23880597014925373,
    "f1": 0.2119205298013245,
    "support": 67
  },
  "ecosystem_type.term": {
    "precision": 0.10588235294117647,
    "recall": 0.16981132075471697,
    "f1": 0.13043478260869565,
    "support": 53
  },
  "habitat": {
    "precision": 0.47191011235955055,
    "recall": 0.30434782608695654,
    "f1": 0.37004405286343606,
    "support": 138
  },
  "taxa.german_name": {
    "precision": 0.12213740458015267,
    "recall": 0.06926406926406926,
    "f1": 0.08839779005524863,
    "support": 231
  },
  "taxa.scientific_name": {
    "precision": 0.26717557251908397,
    "recall": 0.17766497461928935,
    "f1": 0.2134146341463415,
    "support": 197
  },
  "taxa.species_group": {
    "precision": 0.3163265306122449,
    "recall": 0.29245283018867924,
    "f1": 0.30392156862745096,
    "support": 106
  },
  "AVG": {
    "precision": 0.24565136058139983,
    "recall": 0.20872449851049416,
    "f1": 0.21968889301708286,
    "support": 132.0
  },
  "ALL": {
    "precision": 0.24110032362459546,
    "recall": 0.18813131313131312,
    "f1": 0.21134751773049643,
    "support": 792
  }
}