{
  "biodiversity_level": {
    "precision": 0.18518518518518517,
    "recall": 0.22388059701492538,
    "f1": 0.2027027027027027,
    "support": 67
  },
  "ecosystem_type.term": {
    "precision": 0.15384615384615385,
    "recall": 0.1509433962264151,
    "f1": 0.1523809523809524,
    "support": 53
  },
  "habitat": {
    "precision": 0.45132743362831856,
    "recall": 0.3695652173913043,
    "f1": 0.40637450199203184,
    "support": 138
  },
  "taxa.german_name": {
    "precision": 0.3013698630136986,
    "recall": 0.09523809523809523,
    "f1": 0.14473684210526316,
    "support": 231
  },
  "taxa.scientific_name": {
    "precision": 0.1206896551724138,
    "recall": 0.03553299492385787,
    "f1": 0.05490196078431373,
    "support": 197
  },
  "taxa.species_group": {
    "precision": 0.39361702127659576,
    "recall": 0.3490566037735849,
    "f1": 0.37,
    "support": 106
  },
  "AVG": {
    "precision": 0.26767255202039425,
    "recall": 0.2040361507613638,
    "f1": 0.22184949332754397,
    "support": 132.0
  },
  "ALL": {
    "precision": 0.29723991507430997,
    "recall": 0.17676767676767677,
    "f1": 0.2216943784639747,
    "support": 792
  }
}