{
  "biodiversity_level": {
    "precision": 0.20535714285714285,
    "recall": 0.34328358208955223,
    "f1": 0.25698324022346364,
    "support": 67
  },
  "ecosystem_type.term": {
    "precision": 0.13740458015267176,
    "recall": 0.33962264150943394,
    "f1": 0.1956521739130435,
    "support": 53
  },
  "habitat": {
    "precision": 0.8051948051948052,
    "recall": 0.4492753623188406,
    "f1": 0.5767441860465117,
    "support": 138
  },
  "taxa.german_name": {
    "precision": 0.12167300380228137,
    "recall": 0.13852813852813853,
    "f1": 0.12955465587044535,
    "support": 231
  },
  "taxa.scientific_name": {
    "precision": 0.19784172661870503,
    "recall": 0.27918781725888325,
    "f1": 0.23157894736842105,
    "support": 197
  },
  "taxa.species_group": {
    "precision": 0.34710743801652894,
    "recall": 0.39622641509433965,
    "f1": 0.3700440528634361,
    "support": 106
  },
  "AVG": {
    "precision": 0.30242978277368915,
    "recall": 0.3243539927998647,
    "f1": 0.29342620938088687,
    "support": 132.0
  },
  "ALL": {
    "precision": 0.23625254582484725,
    "recall": 0.29292929292929293,
    "f1": 0.2615558060879369,
    "support": 792
  }
}