{
  "biodiversity_level": {
    "precision": 0.2835820895522388,
    "recall": 0.2835820895522388,
    "f1": 0.2835820895522388,
    "support": 67
  },
  "ecosystem_type.term": {
    "precision": 0.2777777777777778,
    "recall": 0.2830188679245283,
    "f1": 0.2803738317757009,
    "support": 53
  },
  "habitat": {
    "precision": 0.6464646464646465,
    "recall": 0.463768115942029,
    "f1": 0.5400843881856541,
    "support": 138
  },
  "taxa.german_name": {
    "precision": 0.10429447852760736,
    "recall": 0.0735930735930736,
    "f1": 0.08629441624365482,
    "support": 231
  },
  "taxa.scientific_name": {
    "precision": 0.21940928270042195,
    "recall": 0.2639593908629442,
    "f1": 0.23963133640552997,
    "support": 197
  },
  "taxa.species_group": {
    "precision": 0.4574468085106383,
    "recall": 0.4056603773584906,
    "f1": 0.43000000000000005,
    "support": 106
  },
  "AVG": {
    "precision": 0.33149584725555514,
    "recall": 0.29559698587221744,
    "f1": 0.3099943436937964,
    "support": 132.0
  },
  "ALL": {
    "precision": 0.29411764705882354,
    "recall": 0.26515151515151514,
    "f1": 0.2788844621513944,
    "support": 792
  }
}