{
  "biodiversity_level": {
    "precision": 0.29577464788732394,
    "recall": 0.31343283582089554,
    "f1": 0.3043478260869565,
    "support": 67
  },
  "biodiversity_variable": {
    "precision": 0.0070921985815602835,
    "recall": 0.014705882352941176,
    "f1": 0.009569377990430622,
    "support": 68
  },
  "climate": {
    "precision": 0.16393442622950818,
    "recall": 0.5,
    "f1": 0.24691358024691357,
    "support": 20
  },
  "conservation_area": {
    "precision": 0.0,
    "recall": 0.0,
    "f1": 0.0,
    "support": 2
  },
  "direct_driver": {
    "precision": 0.35555555555555557,
    "recall": 0.3404255319148936,
    "f1": 0.3478260869565218,
    "support": 94
  },
  "ecosystem_service": {
    "precision": 0.0,
    "recall": 0.0,
    "f1": 0.0,
    "support": 8
  },
  "ecosystem_type": {
    "precision": 0.23255813953488372,
    "recall": 0.18867924528301888,
    "f1": 0.20833333333333334,
    "support": 53
  },
  "end_year": {
    "precision": 0.5,
    "recall": 0.7619047619047619,
    "f1": 0.6037735849056604,
    "support": 42
  },
  "habitat": {
    "precision": 0.6218487394957983,
    "recall": 0.5362318840579711,
    "f1": 0.5758754863813229,
    "support": 138
  },
  "impulse_measure": {
    "precision": 0.0,
    "recall": 0.0,
    "f1": 0.0,
    "support": 1
  },
  "indirect_driver": {
    "precision": 0.15555555555555556,
    "recall": 0.23333333333333334,
    "f1": 0.18666666666666668,
    "support": 30
  },
  "landuse": {
    "precision": 0.22058823529411764,
    "recall": 0.6666666666666666,
    "f1": 0.3314917127071823,
    "support": 45
  },
  "location": {
    "precision": 0.005714285714285714,
    "recall": 0.006172839506172839,
    "f1": 0.005934718100890208,
    "support": 162
  },
  "management_measure": {
    "precision": 0.0,
    "recall": 0.0,
    "f1": 0.0,
    "support": 7
  },
  "method": {
    "precision": 0.4461538461538462,
    "recall": 0.6170212765957447,
    "f1": 0.5178571428571428,
    "support": 94
  },
  "natural_region": {
    "precision": 0.5,
    "recall": 0.5666666666666667,
    "f1": 0.53125,
    "support": 60
  },
  "project": {
    "precision": 0.022222222222222223,
    "recall": 0.14285714285714285,
    "f1": 0.038461538461538464,
    "support": 7
  },
  "soil": {
    "precision": 0.0,
    "recall": 0.0,
    "f1": 0.0,
    "support": 34
  },
  "spatial_extent": {
    "precision": 0.3611111111111111,
    "recall": 0.4406779661016949,
    "f1": 0.3969465648854962,
    "support": 59
  },
  "spatial_measurements": {
    "precision": 0.3076923076923077,
    "recall": 0.5217391304347826,
    "f1": 0.3870967741935484,
    "support": 23
  },
  "spatial_resolution": {
    "precision": 0.26785714285714285,
    "recall": 0.46875,
    "f1": 0.3409090909090909,
    "support": 32
  },
  "start_year": {
    "precision": 0.4307692307692308,
    "recall": 0.6666666666666666,
    "f1": 0.5233644859813084,
    "support": 42
  },
  "study_type": {
    "precision": 0.39473684210526316,
    "recall": 0.6338028169014085,
    "f1": 0.4864864864864865,
    "support": 71
  },
  "taxa": {
    "precision": 0.09375,
    "recall": 0.06493506493506493,
    "f1": 0.07672634271099744,
    "support": 231
  },
  "temporal_extent": {
    "precision": 0.2413793103448276,
    "recall": 0.4375,
    "f1": 0.3111111111111111,
    "support": 32
  },
  "temporal_extent_unit": {
    "precision": 0.3728813559322034,
    "recall": 0.6875,
    "f1": 0.4835164835164835,
    "support": 32
  },
  "temporal_measurements": {
    "precision": 0.23076923076923078,
    "recall": 0.5625,
    "f1": 0.32727272727272727,
    "support": 16
  },
  "temporal_resolution": {
    "precision": 0.19148936170212766,
    "recall": 0.45,
    "f1": 0.26865671641791045,
    "support": 20
  },
  "transformation_potential": {
    "precision": 0.0,
    "recall": 0.0,
    "f1": 0.0,
    "support": 0
  },
  "AVG": {
    "precision": 0.22135978432786563,
    "recall": 0.3386955073103389,
    "f1": 0.25897889097171445,
    "support": 51.37931034482759
  },
  "ALL": {
    "precision": 0.24256951102588686,
    "recall": 0.3395973154362416,
    "f1": 0.2829977628635347,
    "support": 1490
  }
}