{
  "organism_trends.Antwortvariable": {
    "precision": 0.2746268656716418,
    "recall": 0.696969696969697,
    "f1": 0.3940042826552463,
    "support": 132
  },
  "organism_trends.Hauptgruppe_RoteListen": {
    "precision": 0.2971246006389776,
    "recall": 0.808695652173913,
    "f1": 0.4345794392523364,
    "support": 115
  },
  "organism_trends.Lebensraum": {
    "precision": 0.24369747899159663,
    "recall": 0.7837837837837838,
    "f1": 0.37179487179487175,
    "support": 111
  },
  "organism_trends.Trend": {
    "precision": 0.1957040572792363,
    "recall": 0.6165413533834586,
    "f1": 0.29710144927536236,
    "support": 133
  },
  "AVG": {
    "precision": 0.2527882506453631,
    "recall": 0.7264976215777131,
    "f1": 0.3743700107444542,
    "support": 122.75
  },
  "ALL": {
    "precision": 0.24859550561797752,
    "recall": 0.7209775967413442,
    "f1": 0.3697127937336815,
    "support": 491
  }
}