{
  "biodiversity_level": {
    "precision": 0.20454545454545456,
    "recall": 0.26865671641791045,
    "f1": 0.23225806451612901,
    "support": 67
  },
  "ecosystem_type.term": {
    "precision": 0.06097560975609756,
    "recall": 0.09433962264150944,
    "f1": 0.07407407407407407,
    "support": 53
  },
  "habitat": {
    "precision": 0.4122137404580153,
    "recall": 0.391304347826087,
    "f1": 0.40148698884758366,
    "support": 138
  },
  "taxa.german_name": {
    "precision": 0.29545454545454547,
    "recall": 0.11255411255411256,
    "f1": 0.16300940438871472,
    "support": 231
  },
  "taxa.scientific_name": {
    "precision": 0.10891089108910891,
    "recall": 0.05583756345177665,
    "f1": 0.0738255033557047,
    "support": 197
  },
  "taxa.species_group": {
    "precision": 0.3305785123966942,
    "recall": 0.37735849056603776,
    "f1": 0.3524229074889868,
    "support": 106
  },
  "AVG": {
    "precision": 0.23544645894998598,
    "recall": 0.21667514224290563,
    "f1": 0.21617949044519882,
    "support": 132.0
  },
  "ALL": {
    "precision": 0.2520458265139116,
    "recall": 0.19444444444444445,
    "f1": 0.21952957947255883,
    "support": 792
  }
}