{
  "biodiversity_level": {
    "precision": 0.25806451612903225,
    "recall": 0.23880597014925373,
    "f1": 0.24806201550387597,
    "support": 67
  },
  "ecosystem_type.term": {
    "precision": 0.35443037974683544,
    "recall": 0.5283018867924528,
    "f1": 0.42424242424242425,
    "support": 53
  },
  "habitat": {
    "precision": 0.7611940298507462,
    "recall": 0.3695652173913043,
    "f1": 0.49756097560975604,
    "support": 138
  },
  "taxa.german_name": {
    "precision": 0.0875,
    "recall": 0.030303030303030304,
    "f1": 0.045016077170418,
    "support": 231
  },
  "taxa.scientific_name": {
    "precision": 0.35,
    "recall": 0.14213197969543148,
    "f1": 0.20216606498194947,
    "support": 197
  },
  "taxa.species_group": {
    "precision": 0.4945054945054945,
    "recall": 0.42452830188679247,
    "f1": 0.45685279187817257,
    "support": 106
  },
  "AVG": {
    "precision": 0.3842824033720181,
    "recall": 0.28893939770304417,
    "f1": 0.3123167248977661,
    "support": 132.0
  },
  "ALL": {
    "precision": 0.3812636165577342,
    "recall": 0.22095959595959597,
    "f1": 0.2797761790567546,
    "support": 792
  }
}