{
  "biodiversity_level": {
    "precision": 0.32323232323232326,
    "recall": 0.47761194029850745,
    "f1": 0.3855421686746988,
    "support": 67
  },
  "ecosystem_type.term": {
    "precision": 0.21019108280254778,
    "recall": 0.6226415094339622,
    "f1": 0.3142857142857143,
    "support": 53
  },
  "habitat": {
    "precision": 0.6713286713286714,
    "recall": 0.6956521739130435,
    "f1": 0.6832740213523132,
    "support": 138
  },
  "taxa.german_name": {
    "precision": 0.3157894736842105,
    "recall": 0.12987012987012986,
    "f1": 0.18404907975460122,
    "support": 231
  },
  "taxa.scientific_name": {
    "precision": 0.3076923076923077,
    "recall": 0.2639593908629442,
    "f1": 0.2841530054644809,
    "support": 197
  },
  "taxa.species_group": {
    "precision": 0.3772455089820359,
    "recall": 0.5943396226415094,
    "f1": 0.4615384615384615,
    "support": 106
  },
  "AVG": {
    "precision": 0.36757989462034946,
    "recall": 0.4640124611700161,
    "f1": 0.38547374184504496,
    "support": 132.0
  },
  "ALL": {
    "precision": 0.3686746987951807,
    "recall": 0.38636363636363635,
    "f1": 0.37731196054254007,
    "support": 792
  }
}