{
  "biodiversity_level": {
    "precision": 0.30303030303030304,
    "recall": 0.29850746268656714,
    "f1": 0.3007518796992481,
    "support": 67
  },
  "ecosystem_type.term": {
    "precision": 0.3333333333333333,
    "recall": 0.5094339622641509,
    "f1": 0.4029850746268656,
    "support": 53
  },
  "habitat": {
    "precision": 0.7857142857142857,
    "recall": 0.39855072463768115,
    "f1": 0.5288461538461539,
    "support": 138
  },
  "taxa.german_name": {
    "precision": 0.32941176470588235,
    "recall": 0.12121212121212122,
    "f1": 0.17721518987341775,
    "support": 231
  },
  "taxa.scientific_name": {
    "precision": 0.36363636363636365,
    "recall": 0.16243654822335024,
    "f1": 0.22456140350877196,
    "support": 197
  },
  "taxa.species_group": {
    "precision": 0.5679012345679012,
    "recall": 0.4339622641509434,
    "f1": 0.4919786096256684,
    "support": 106
  },
  "AVG": {
    "precision": 0.4471712141646782,
    "recall": 0.32068384719580234,
    "f1": 0.35438971853002094,
    "support": 132.0
  },
  "ALL": {
    "precision": 0.4416135881104034,
    "recall": 0.26262626262626265,
    "f1": 0.32937450514647665,
    "support": 792
  }
}