{
  "biodiversity_level": {
    "precision": 0.25,
    "recall": 0.2537313432835821,
    "f1": 0.2518518518518518,
    "support": 67
  },
  "ecosystem_type.term": {
    "precision": 0.19827586206896552,
    "recall": 0.4339622641509434,
    "f1": 0.27218934911242604,
    "support": 53
  },
  "habitat": {
    "precision": 0.8088235294117647,
    "recall": 0.39855072463768115,
    "f1": 0.5339805825242718,
    "support": 138
  },
  "taxa.german_name": {
    "precision": 0.3783783783783784,
    "recall": 0.12121212121212122,
    "f1": 0.1836065573770492,
    "support": 231
  },
  "taxa.scientific_name": {
    "precision": 0.39090909090909093,
    "recall": 0.2182741116751269,
    "f1": 0.2801302931596091,
    "support": 197
  },
  "taxa.species_group": {
    "precision": 0.5,
    "recall": 0.41509433962264153,
    "f1": 0.4536082474226804,
    "support": 106
  },
  "AVG": {
    "precision": 0.4210644767946999,
    "recall": 0.3068041507636827,
    "f1": 0.3292278135746481,
    "support": 132.0
  },
  "ALL": {
    "precision": 0.40076335877862596,
    "recall": 0.26515151515151514,
    "f1": 0.3191489361702128,
    "support": 792
  }
}