{
  "biodiversity_level": {
    "precision": 0.2537313432835821,
    "recall": 0.2537313432835821,
    "f1": 0.2537313432835821,
    "support": 67
  },
  "ecosystem_type.term": {
    "precision": 0.14705882352941177,
    "recall": 0.09433962264150944,
    "f1": 0.1149425287356322,
    "support": 53
  },
  "habitat": {
    "precision": 0.49038461538461536,
    "recall": 0.3695652173913043,
    "f1": 0.4214876033057851,
    "support": 138
  },
  "taxa.german_name": {
    "precision": 0.3448275862068966,
    "recall": 0.08658008658008658,
    "f1": 0.13840830449826988,
    "support": 231
  },
  "taxa.scientific_name": {
    "precision": 0.12698412698412698,
    "recall": 0.04060913705583756,
    "f1": 0.06153846153846153,
    "support": 197
  },
  "taxa.species_group": {
    "precision": 0.37037037037037035,
    "recall": 0.2830188679245283,
    "f1": 0.320855614973262,
    "support": 106
  },
  "AVG": {
    "precision": 0.2888928109598339,
    "recall": 0.18797404581280805,
    "f1": 0.21849397605583212,
    "support": 132.0
  },
  "ALL": {
    "precision": 0.32186732186732187,
    "recall": 0.16540404040404041,
    "f1": 0.21851542952460387,
    "support": 792
  }
}