{
  "biodiversity_level": {
    "precision": 0.34444444444444444,
    "recall": 0.4626865671641791,
    "f1": 0.39490445859872614,
    "support": 67
  },
  "ecosystem_type.term": {
    "precision": 0.2236024844720497,
    "recall": 0.6792452830188679,
    "f1": 0.33644859813084116,
    "support": 53
  },
  "habitat": {
    "precision": 0.704225352112676,
    "recall": 0.7246376811594203,
    "f1": 0.7142857142857142,
    "support": 138
  },
  "taxa.german_name": {
    "precision": 0.2765957446808511,
    "recall": 0.11255411255411256,
    "f1": 0.16,
    "support": 231
  },
  "taxa.scientific_name": {
    "precision": 0.2640449438202247,
    "recall": 0.23857868020304568,
    "f1": 0.2506666666666666,
    "support": 197
  },
  "taxa.species_group": {
    "precision": 0.4117647058823529,
    "recall": 0.5943396226415094,
    "f1": 0.4864864864864864,
    "support": 106
  },
  "AVG": {
    "precision": 0.3707796125687665,
    "recall": 0.46867365779018916,
    "f1": 0.39046532069473905,
    "support": 132.0
  },
  "ALL": {
    "precision": 0.3704156479217604,
    "recall": 0.38257575757575757,
    "f1": 0.3763975155279503,
    "support": 792
  }
}