{
  "biodiversity_level": {
    "precision": 0.16129032258064516,
    "recall": 0.14925373134328357,
    "f1": 0.15503875968992248,
    "support": 67
  },
  "ecosystem_type.term": {
    "precision": 0.12962962962962962,
    "recall": 0.1320754716981132,
    "f1": 0.1308411214953271,
    "support": 53
  },
  "habitat": {
    "precision": 0.4897959183673469,
    "recall": 0.34782608695652173,
    "f1": 0.4067796610169491,
    "support": 138
  },
  "taxa.german_name": {
    "precision": 0.32558139534883723,
    "recall": 0.12121212121212122,
    "f1": 0.17665615141955837,
    "support": 231
  },
  "taxa.scientific_name": {
    "precision": 0.3253012048192771,
    "recall": 0.13705583756345177,
    "f1": 0.19285714285714284,
    "support": 197
  },
  "taxa.species_group": {
    "precision": 0.44776119402985076,
    "recall": 0.2830188679245283,
    "f1": 0.3468208092485549,
    "support": 106
  },
  "AVG": {
    "precision": 0.3132266107959311,
    "recall": 0.1950736861163366,
    "f1": 0.23483227428790912,
    "support": 132.0
  },
  "ALL": {
    "precision": 0.3333333333333333,
    "recall": 0.1893939393939394,
    "f1": 0.24154589371980673,
    "support": 792
  }
}