{
  "biodiversity_level": {
    "precision": 0.28125,
    "recall": 0.26865671641791045,
    "f1": 0.2748091603053435,
    "support": 67
  },
  "ecosystem_type.term": {
    "precision": 0.25,
    "recall": 0.32075471698113206,
    "f1": 0.2809917355371901,
    "support": 53
  },
  "habitat": {
    "precision": 0.627906976744186,
    "recall": 0.391304347826087,
    "f1": 0.4821428571428572,
    "support": 138
  },
  "taxa.german_name": {
    "precision": 0.11956521739130435,
    "recall": 0.047619047619047616,
    "f1": 0.06811145510835913,
    "support": 231
  },
  "taxa.scientific_name": {
    "precision": 0.2670157068062827,
    "recall": 0.25888324873096447,
    "f1": 0.26288659793814434,
    "support": 197
  },
  "taxa.species_group": {
    "precision": 0.4787234042553192,
    "recall": 0.42452830188679247,
    "f1": 0.45,
    "support": 106
  },
  "AVG": {
    "precision": 0.33741021753284867,
    "recall": 0.28529106324365566,
    "f1": 0.30315696767198236,
    "support": 132.0
  },
  "ALL": {
    "precision": 0.32941176470588235,
    "recall": 0.2474747474747475,
    "f1": 0.28262436914203315,
    "support": 792
  }
}