{
  "organism_trends.Antwortvariable": {
    "precision": 0.14285714285714285,
    "recall": 0.5075757575757576,
    "f1": 0.22296173044925127,
    "support": 132
  },
  "organism_trends.Hauptgruppe_RoteListen": {
    "precision": 0.25203252032520324,
    "recall": 0.808695652173913,
    "f1": 0.384297520661157,
    "support": 115
  },
  "organism_trends.Lebensraum": {
    "precision": 0.20448877805486285,
    "recall": 0.7387387387387387,
    "f1": 0.32031249999999994,
    "support": 111
  },
  "organism_trends.Trend": {
    "precision": 0.13043478260869565,
    "recall": 0.47368421052631576,
    "f1": 0.20454545454545456,
    "support": 133
  },
  "AVG": {
    "precision": 0.18245330596147616,
    "recall": 0.6321735897536813,
    "f1": 0.2830293014139657,
    "support": 122.75
  },
  "ALL": {
    "precision": 0.17711962833914052,
    "recall": 0.6211812627291242,
    "f1": 0.2756439222774514,
    "support": 491
  }
}