{
  "organism_trends.Antwortvariable": {
    "precision": 0.27972027972027974,
    "recall": 0.6060606060606061,
    "f1": 0.38277511961722493,
    "support": 132
  },
  "organism_trends.Hauptgruppe_RoteListen": {
    "precision": 0.3057324840764331,
    "recall": 0.8347826086956521,
    "f1": 0.44755244755244755,
    "support": 115
  },
  "organism_trends.Lebensraum": {
    "precision": 0.28807947019867547,
    "recall": 0.7837837837837838,
    "f1": 0.4213075060532687,
    "support": 111
  },
  "organism_trends.Trend": {
    "precision": 0.20527859237536658,
    "recall": 0.5263157894736842,
    "f1": 0.29535864978902954,
    "support": 133
  },
  "AVG": {
    "precision": 0.26970270659268875,
    "recall": 0.6877356970034315,
    "f1": 0.3867484307529927,
    "support": 122.75
  },
  "ALL": {
    "precision": 0.26790024135156876,
    "recall": 0.6782077393075356,
    "f1": 0.3840830449826989,
    "support": 491
  }
}