{
  "biodiversity_level": {
    "precision": 0.3069306930693069,
    "recall": 0.4626865671641791,
    "f1": 0.369047619047619,
    "support": 67
  },
  "ecosystem_type.term": {
    "precision": 0.24666666666666667,
    "recall": 0.6981132075471698,
    "f1": 0.36453201970443344,
    "support": 53
  },
  "habitat": {
    "precision": 0.6912751677852349,
    "recall": 0.7463768115942029,
    "f1": 0.7177700348432056,
    "support": 138
  },
  "taxa.german_name": {
    "precision": 0.37623762376237624,
    "recall": 0.1645021645021645,
    "f1": 0.22891566265060243,
    "support": 231
  },
  "taxa.scientific_name": {
    "precision": 0.2304147465437788,
    "recall": 0.25380710659898476,
    "f1": 0.24154589371980675,
    "support": 197
  },
  "taxa.species_group": {
    "precision": 0.38181818181818183,
    "recall": 0.5943396226415094,
    "f1": 0.46494464944649444,
    "support": 106
  },
  "AVG": {
    "precision": 0.3722238466075909,
    "recall": 0.4866375800080351,
    "f1": 0.3977926465686936,
    "support": 132.0
  },
  "ALL": {
    "precision": 0.3646659116647792,
    "recall": 0.4065656565656566,
    "f1": 0.3844776119402985,
    "support": 792
  }
}