{
  "biodiversity_level": {
    "precision": 0.36,
    "recall": 0.26865671641791045,
    "f1": 0.3076923076923077,
    "support": 67
  },
  "ecosystem_type.term": {
    "precision": 0.22641509433962265,
    "recall": 0.22641509433962265,
    "f1": 0.22641509433962265,
    "support": 53
  },
  "habitat": {
    "precision": 0.64,
    "recall": 0.34782608695652173,
    "f1": 0.4507042253521127,
    "support": 138
  },
  "taxa.german_name": {
    "precision": 0.1569767441860465,
    "recall": 0.11688311688311688,
    "f1": 0.13399503722084366,
    "support": 231
  },
  "taxa.scientific_name": {
    "precision": 0.27391304347826084,
    "recall": 0.3197969543147208,
    "f1": 0.2950819672131148,
    "support": 197
  },
  "taxa.species_group": {
    "precision": 0.47435897435897434,
    "recall": 0.3490566037735849,
    "f1": 0.40217391304347827,
    "support": 106
  },
  "AVG": {
    "precision": 0.35527730939381735,
    "recall": 0.27143909544757955,
    "f1": 0.30267709081024663,
    "support": 132.0
  },
  "ALL": {
    "precision": 0.31155015197568386,
    "recall": 0.2588383838383838,
    "f1": 0.2827586206896551,
    "support": 792
  }
}