{
  "biodiversity_level": {
    "precision": 0.19230769230769232,
    "recall": 0.29850746268656714,
    "f1": 0.23391812865497075,
    "support": 67
  },
  "ecosystem_type.term": {
    "precision": 0.10526315789473684,
    "recall": 0.41509433962264153,
    "f1": 0.1679389312977099,
    "support": 53
  },
  "habitat": {
    "precision": 0.7976190476190477,
    "recall": 0.4855072463768116,
    "f1": 0.6036036036036037,
    "support": 138
  },
  "taxa.german_name": {
    "precision": 0.13257575757575757,
    "recall": 0.15151515151515152,
    "f1": 0.14141414141414144,
    "support": 231
  },
  "taxa.scientific_name": {
    "precision": 0.17454545454545456,
    "recall": 0.2436548223350254,
    "f1": 0.2033898305084746,
    "support": 197
  },
  "taxa.species_group": {
    "precision": 0.35537190082644626,
    "recall": 0.4056603773584906,
    "f1": 0.37885462555066085,
    "support": 106
  },
  "AVG": {
    "precision": 0.2929471684615225,
    "recall": 0.3333232333157813,
    "f1": 0.28818654350492684,
    "support": 132.0
  },
  "ALL": {
    "precision": 0.22232734153263956,
    "recall": 0.2967171717171717,
    "f1": 0.2541914548404543,
    "support": 792
  }
}