{
  "organism_trends.Antwortvariable": {
    "precision": 0.27181208053691275,
    "recall": 0.6136363636363636,
    "f1": 0.3767441860465116,
    "support": 132
  },
  "organism_trends.Hauptgruppe_RoteListen": {
    "precision": 0.2949852507374631,
    "recall": 0.8695652173913043,
    "f1": 0.44052863436123346,
    "support": 115
  },
  "organism_trends.Lebensraum": {
    "precision": 0.2783171521035599,
    "recall": 0.7747747747747747,
    "f1": 0.4095238095238095,
    "support": 111
  },
  "organism_trends.Trend": {
    "precision": 0.20348837209302326,
    "recall": 0.5263157894736842,
    "f1": 0.2935010482180293,
    "support": 133
  },
  "AVG": {
    "precision": 0.26215071386773975,
    "recall": 0.6960730363190317,
    "f1": 0.380074419537396,
    "support": 122.75
  },
  "ALL": {
    "precision": 0.26124031007751936,
    "recall": 0.6863543788187373,
    "f1": 0.37843907916900615,
    "support": 491
  }
}