{
  "biodiversity_level": {
    "precision": 0.3157894736842105,
    "recall": 0.26865671641791045,
    "f1": 0.29032258064516125,
    "support": 67
  },
  "ecosystem_type.term": {
    "precision": 0.30952380952380953,
    "recall": 0.24528301886792453,
    "f1": 0.2736842105263158,
    "support": 53
  },
  "habitat": {
    "precision": 0.7076923076923077,
    "recall": 0.3333333333333333,
    "f1": 0.4532019704433497,
    "support": 138
  },
  "taxa.german_name": {
    "precision": 0.09917355371900827,
    "recall": 0.05194805194805195,
    "f1": 0.06818181818181818,
    "support": 231
  },
  "taxa.scientific_name": {
    "precision": 0.27167630057803466,
    "recall": 0.23857868020304568,
    "f1": 0.254054054054054,
    "support": 197
  },
  "taxa.species_group": {
    "precision": 0.5342465753424658,
    "recall": 0.36792452830188677,
    "f1": 0.4357541899441341,
    "support": 106
  },
  "AVG": {
    "precision": 0.37301700342330607,
    "recall": 0.25095405484535876,
    "f1": 0.2958664706324722,
    "support": 132.0
  },
  "ALL": {
    "precision": 0.3295668549905838,
    "recall": 0.22095959595959597,
    "f1": 0.26455026455026454,
    "support": 792
  }
}