{
  "biodiversity_level": {
    "precision": 0.3125,
    "recall": 0.29850746268656714,
    "f1": 0.3053435114503817,
    "support": 67
  },
  "ecosystem_type.term": {
    "precision": 0.3620689655172414,
    "recall": 0.39622641509433965,
    "f1": 0.37837837837837834,
    "support": 53
  },
  "habitat": {
    "precision": 0.5943396226415094,
    "recall": 0.45652173913043476,
    "f1": 0.5163934426229507,
    "support": 138
  },
  "taxa.german_name": {
    "precision": 0.2671232876712329,
    "recall": 0.16883116883116883,
    "f1": 0.20689655172413793,
    "support": 231
  },
  "taxa.scientific_name": {
    "precision": 0.23444976076555024,
    "recall": 0.24873096446700507,
    "f1": 0.2413793103448276,
    "support": 197
  },
  "taxa.species_group": {
    "precision": 0.5287356321839081,
    "recall": 0.4339622641509434,
    "f1": 0.4766839378238342,
    "support": 106
  },
  "AVG": {
    "precision": 0.383202878129907,
    "recall": 0.3337966690600765,
    "f1": 0.35417918872408505,
    "support": 132.0
  },
  "ALL": {
    "precision": 0.35522388059701493,
    "recall": 0.3005050505050505,
    "f1": 0.32558139534883723,
    "support": 792
  }
}