{
  "biodiversity_level": {
    "precision": 0.29850746268656714,
    "recall": 0.29850746268656714,
    "f1": 0.29850746268656714,
    "support": 67
  },
  "ecosystem_type.term": {
    "precision": 0.3064516129032258,
    "recall": 0.3584905660377358,
    "f1": 0.33043478260869563,
    "support": 53
  },
  "habitat": {
    "precision": 0.660377358490566,
    "recall": 0.5072463768115942,
    "f1": 0.5737704918032787,
    "support": 138
  },
  "taxa.german_name": {
    "precision": 0.1650485436893204,
    "recall": 0.0735930735930736,
    "f1": 0.10179640718562874,
    "support": 231
  },
  "taxa.scientific_name": {
    "precision": 0.19742489270386265,
    "recall": 0.233502538071066,
    "f1": 0.21395348837209302,
    "support": 197
  },
  "taxa.species_group": {
    "precision": 0.5268817204301075,
    "recall": 0.46226415094339623,
    "f1": 0.4924623115577889,
    "support": 106
  },
  "AVG": {
    "precision": 0.35911526515060826,
    "recall": 0.3222673613572388,
    "f1": 0.33515415736900867,
    "support": 132.0
  },
  "ALL": {
    "precision": 0.3328313253012048,
    "recall": 0.27904040404040403,
    "f1": 0.30357142857142855,
    "support": 792
  }
}