{
  "biodiversity_level": {
    "precision": 0.2079207920792079,
    "recall": 0.31343283582089554,
    "f1": 0.25,
    "support": 67
  },
  "ecosystem_type.term": {
    "precision": 0.11009174311926606,
    "recall": 0.4528301886792453,
    "f1": 0.1771217712177122,
    "support": 53
  },
  "habitat": {
    "precision": 0.7526881720430108,
    "recall": 0.5072463768115942,
    "f1": 0.6060606060606061,
    "support": 138
  },
  "taxa.german_name": {
    "precision": 0.13333333333333333,
    "recall": 0.1645021645021645,
    "f1": 0.14728682170542634,
    "support": 231
  },
  "taxa.scientific_name": {
    "precision": 0.15771812080536912,
    "recall": 0.23857868020304568,
    "f1": 0.1898989898989899,
    "support": 197
  },
  "taxa.species_group": {
    "precision": 0.3559322033898305,
    "recall": 0.39622641509433965,
    "f1": 0.375,
    "support": 106
  },
  "AVG": {
    "precision": 0.2862807274616696,
    "recall": 0.34546944351854747,
    "f1": 0.29089469814712243,
    "support": 132.0
  },
  "ALL": {
    "precision": 0.2174303683737646,
    "recall": 0.3055555555555556,
    "f1": 0.25406824146981627,
    "support": 792
  }
}