{
  "biodiversity_level": {
    "precision": 0.2608695652173913,
    "recall": 0.26865671641791045,
    "f1": 0.2647058823529412,
    "support": 67
  },
  "ecosystem_type.term": {
    "precision": 0.2765957446808511,
    "recall": 0.49056603773584906,
    "f1": 0.35374149659863946,
    "support": 53
  },
  "habitat": {
    "precision": 0.7468354430379747,
    "recall": 0.427536231884058,
    "f1": 0.543778801843318,
    "support": 138
  },
  "taxa.german_name": {
    "precision": 0.19008264462809918,
    "recall": 0.09956709956709957,
    "f1": 0.13068181818181818,
    "support": 231
  },
  "taxa.scientific_name": {
    "precision": 0.3220338983050847,
    "recall": 0.19289340101522842,
    "f1": 0.24126984126984127,
    "support": 197
  },
  "taxa.species_group": {
    "precision": 0.5172413793103449,
    "recall": 0.42452830188679247,
    "f1": 0.4663212435233161,
    "support": 106
  },
  "AVG": {
    "precision": 0.38560977919662426,
    "recall": 0.31729129808448964,
    "f1": 0.3334165139616457,
    "support": 132.0
  },
  "ALL": {
    "precision": 0.36795774647887325,
    "recall": 0.2638888888888889,
    "f1": 0.30735294117647066,
    "support": 792
  }
}