{
  "biodiversity_level": {
    "precision": 0.1794871794871795,
    "recall": 0.208955223880597,
    "f1": 0.1931034482758621,
    "support": 67
  },
  "ecosystem_type.term": {
    "precision": 0.058823529411764705,
    "recall": 0.05660377358490566,
    "f1": 0.05769230769230769,
    "support": 53
  },
  "habitat": {
    "precision": 0.4175824175824176,
    "recall": 0.2753623188405797,
    "f1": 0.331877729257642,
    "support": 138
  },
  "taxa.german_name": {
    "precision": 0.2692307692307692,
    "recall": 0.09090909090909091,
    "f1": 0.1359223300970874,
    "support": 231
  },
  "taxa.scientific_name": {
    "precision": 0.20833333333333334,
    "recall": 0.10152284263959391,
    "f1": 0.13651877133105803,
    "support": 197
  },
  "taxa.species_group": {
    "precision": 0.32894736842105265,
    "recall": 0.2358490566037736,
    "f1": 0.2747252747252747,
    "support": 106
  },
  "AVG": {
    "precision": 0.24373409957775283,
    "recall": 0.16153371774309014,
    "f1": 0.18830664356320534,
    "support": 132.0
  },
  "ALL": {
    "precision": 0.2574468085106383,
    "recall": 0.1527777777777778,
    "f1": 0.19175911251980984,
    "support": 792
  }
}