{
  "organism_trends.Antwortvariable": {
    "precision": 0.27507163323782235,
    "recall": 0.7272727272727273,
    "f1": 0.39916839916839914,
    "support": 132
  },
  "organism_trends.Hauptgruppe_RoteListen": {
    "precision": 0.28313253012048195,
    "recall": 0.8173913043478261,
    "f1": 0.42058165548098436,
    "support": 115
  },
  "organism_trends.Lebensraum": {
    "precision": 0.24376731301939059,
    "recall": 0.7927927927927928,
    "f1": 0.3728813559322034,
    "support": 111
  },
  "organism_trends.Trend": {
    "precision": 0.19221967963386727,
    "recall": 0.631578947368421,
    "f1": 0.29473684210526313,
    "support": 133
  },
  "AVG": {
    "precision": 0.24854778900289054,
    "recall": 0.7422589429454418,
    "f1": 0.37184206317171253,
    "support": 122.75
  },
  "ALL": {
    "precision": 0.24475997295469912,
    "recall": 0.7372708757637475,
    "f1": 0.36751269035532996,
    "support": 491
  }
}