{
  "biodiversity_level": {
    "precision": 0.3018867924528302,
    "recall": 0.23880597014925373,
    "f1": 0.26666666666666666,
    "support": 67
  },
  "ecosystem_type.term": {
    "precision": 0.35294117647058826,
    "recall": 0.33962264150943394,
    "f1": 0.34615384615384615,
    "support": 53
  },
  "habitat": {
    "precision": 0.6753246753246753,
    "recall": 0.37681159420289856,
    "f1": 0.4837209302325581,
    "support": 138
  },
  "taxa.german_name": {
    "precision": 0.2733812949640288,
    "recall": 0.1645021645021645,
    "f1": 0.20540540540540542,
    "support": 231
  },
  "taxa.scientific_name": {
    "precision": 0.2804232804232804,
    "recall": 0.26903553299492383,
    "f1": 0.27461139896373055,
    "support": 197
  },
  "taxa.species_group": {
    "precision": 0.45569620253164556,
    "recall": 0.33962264150943394,
    "f1": 0.38918918918918916,
    "support": 106
  },
  "AVG": {
    "precision": 0.3899422370278414,
    "recall": 0.2880667574780181,
    "f1": 0.327624572768566,
    "support": 132.0
  },
  "ALL": {
    "precision": 0.3622448979591837,
    "recall": 0.2689393939393939,
    "f1": 0.30869565217391304,
    "support": 792
  }
}