{
  "biodiversity_level": {
    "precision": 0.2,
    "recall": 0.26865671641791045,
    "f1": 0.22929936305732485,
    "support": 67
  },
  "ecosystem_type.term": {
    "precision": 0.10465116279069768,
    "recall": 0.16981132075471697,
    "f1": 0.12949640287769784,
    "support": 53
  },
  "habitat": {
    "precision": 0.4603174603174603,
    "recall": 0.42028985507246375,
    "f1": 0.43939393939393934,
    "support": 138
  },
  "taxa.german_name": {
    "precision": 0.3300970873786408,
    "recall": 0.1471861471861472,
    "f1": 0.20359281437125748,
    "support": 231
  },
  "taxa.scientific_name": {
    "precision": 0.14,
    "recall": 0.07106598984771574,
    "f1": 0.09427609427609429,
    "support": 197
  },
  "taxa.species_group": {
    "precision": 0.3492063492063492,
    "recall": 0.41509433962264153,
    "f1": 0.3793103448275862,
    "support": 106
  },
  "AVG": {
    "precision": 0.2640453432821913,
    "recall": 0.24868406148359926,
    "f1": 0.24589482646731667,
    "support": 132.0
  },
  "ALL": {
    "precision": 0.2805071315372425,
    "recall": 0.22348484848484848,
    "f1": 0.2487702037947997,
    "support": 792
  }
}