{
  "biodiversity_level": {
    "precision": 0.35294117647058826,
    "recall": 0.26865671641791045,
    "f1": 0.3050847457627119,
    "support": 67
  },
  "ecosystem_type.term": {
    "precision": 0.23076923076923078,
    "recall": 0.22641509433962265,
    "f1": 0.22857142857142856,
    "support": 53
  },
  "habitat": {
    "precision": 0.725,
    "recall": 0.42028985507246375,
    "f1": 0.5321100917431193,
    "support": 138
  },
  "taxa.german_name": {
    "precision": 0.05952380952380952,
    "recall": 0.04329004329004329,
    "f1": 0.050125313283208024,
    "support": 231
  },
  "taxa.scientific_name": {
    "precision": 0.19213973799126638,
    "recall": 0.2233502538071066,
    "f1": 0.20657276995305163,
    "support": 197
  },
  "taxa.species_group": {
    "precision": 0.4868421052631579,
    "recall": 0.3490566037735849,
    "f1": 0.4065934065934066,
    "support": 106
  },
  "AVG": {
    "precision": 0.34120267666967546,
    "recall": 0.2551764277834553,
    "f1": 0.28817629265115435,
    "support": 132.0
  },
  "ALL": {
    "precision": 0.2728658536585366,
    "recall": 0.22601010101010102,
    "f1": 0.2472375690607735,
    "support": 792
  }
}