{
  "biodiversity_level": {
    "precision": 0.20224719101123595,
    "recall": 0.26865671641791045,
    "f1": 0.23076923076923075,
    "support": 67
  },
  "ecosystem_type.term": {
    "precision": 0.07692307692307693,
    "recall": 0.1320754716981132,
    "f1": 0.09722222222222222,
    "support": 53
  },
  "habitat": {
    "precision": 0.4609375,
    "recall": 0.427536231884058,
    "f1": 0.443609022556391,
    "support": 138
  },
  "taxa.german_name": {
    "precision": 0.34444444444444444,
    "recall": 0.1341991341991342,
    "f1": 0.19314641744548286,
    "support": 231
  },
  "taxa.scientific_name": {
    "precision": 0.13953488372093023,
    "recall": 0.06091370558375635,
    "f1": 0.08480565371024736,
    "support": 197
  },
  "taxa.species_group": {
    "precision": 0.3643410852713178,
    "recall": 0.44339622641509435,
    "f1": 0.39999999999999997,
    "support": 106
  },
  "AVG": {
    "precision": 0.2647380302285009,
    "recall": 0.2444629143663444,
    "f1": 0.24159209111726235,
    "support": 132.0
  },
  "ALL": {
    "precision": 0.2838499184339315,
    "recall": 0.2196969696969697,
    "f1": 0.2476868327402135,
    "support": 792
  }
}