{
  "organism_trends.Antwortvariable": {
    "precision": 0.20454545454545456,
    "recall": 0.5454545454545454,
    "f1": 0.2975206611570248,
    "support": 132
  },
  "organism_trends.Hauptgruppe_RoteListen": {
    "precision": 0.2123076923076923,
    "recall": 0.6,
    "f1": 0.3136363636363636,
    "support": 115
  },
  "organism_trends.Lebensraum": {
    "precision": 0.17585301837270342,
    "recall": 0.6036036036036037,
    "f1": 0.2723577235772358,
    "support": 111
  },
  "organism_trends.Trend": {
    "precision": 0.1440922190201729,
    "recall": 0.37593984962406013,
    "f1": 0.20833333333333334,
    "support": 133
  },
  "AVG": {
    "precision": 0.1841995960615058,
    "recall": 0.5312494996705523,
    "f1": 0.2729620204259894,
    "support": 122.75
  },
  "ALL": {
    "precision": 0.18362989323843418,
    "recall": 0.5254582484725051,
    "f1": 0.2721518987341773,
    "support": 491
  }
}