{
  "biodiversity_level": {
    "precision": 0.17142857142857143,
    "recall": 0.1791044776119403,
    "f1": 0.1751824817518248,
    "support": 67
  },
  "ecosystem_type.term": {
    "precision": 0.11764705882352941,
    "recall": 0.11320754716981132,
    "f1": 0.11538461538461538,
    "support": 53
  },
  "habitat": {
    "precision": 0.4835164835164835,
    "recall": 0.3188405797101449,
    "f1": 0.38427947598253276,
    "support": 138
  },
  "taxa.german_name": {
    "precision": 0.14285714285714285,
    "recall": 0.047619047619047616,
    "f1": 0.07142857142857142,
    "support": 231
  },
  "taxa.scientific_name": {
    "precision": 0.2222222222222222,
    "recall": 0.1116751269035533,
    "f1": 0.14864864864864866,
    "support": 197
  },
  "taxa.species_group": {
    "precision": 0.359375,
    "recall": 0.2169811320754717,
    "f1": 0.27058823529411763,
    "support": 106
  },
  "AVG": {
    "precision": 0.24950774647465823,
    "recall": 0.16457131851499485,
    "f1": 0.1942520047483851,
    "support": 132.0
  },
  "ALL": {
    "precision": 0.2610619469026549,
    "recall": 0.14898989898989898,
    "f1": 0.1897106109324759,
    "support": 792
  }
}