{
  "biodiversity_level": {
    "precision": 0.2361111111111111,
    "recall": 0.2537313432835821,
    "f1": 0.24460431654676257,
    "support": 67
  },
  "ecosystem_type.term": {
    "precision": 0.26136363636363635,
    "recall": 0.4339622641509434,
    "f1": 0.3262411347517731,
    "support": 53
  },
  "habitat": {
    "precision": 0.6506024096385542,
    "recall": 0.391304347826087,
    "f1": 0.48868778280542985,
    "support": 138
  },
  "taxa.german_name": {
    "precision": 0.2097902097902098,
    "recall": 0.12987012987012986,
    "f1": 0.16042780748663102,
    "support": 231
  },
  "taxa.scientific_name": {
    "precision": 0.30935251798561153,
    "recall": 0.2182741116751269,
    "f1": 0.255952380952381,
    "support": 197
  },
  "taxa.species_group": {
    "precision": 0.4838709677419355,
    "recall": 0.42452830188679247,
    "f1": 0.45226130653266333,
    "support": 106
  },
  "AVG": {
    "precision": 0.35851514210517643,
    "recall": 0.3086117497821103,
    "f1": 0.3213624548459401,
    "support": 132.0
  },
  "ALL": {
    "precision": 0.343042071197411,
    "recall": 0.2676767676767677,
    "f1": 0.300709219858156,
    "support": 792
  }
}